{
"type": "FeatureCollection",
"name": "districts",
"crs": { "type": "name", "properties": { "name": "urn:ogc:def:crs:OGC:1.3:CRS84" } },
"features": [
{ "type": "Feature", "properties": { "osm_id": 1990592, "ref": 1, "name": "Innere Stadt", "name:de": null, "population": 17135.0, "area_km2": 2.868 }, "geometry": { "type": "Polygon", "coordinates": [ [ [ 16.375215, 48.1999528 ], [ 16.3766526, 48.2003186 ], [ 16.3786346, 48.2022508 ], [ 16.3789387, 48.2025986 ], [ 16.3790775, 48.2027104 ], [ 16.3790848, 48.2027086 ], [ 16.3791543, 48.2027676 ], [ 16.3792937, 48.2028858 ], [ 16.3792984, 48.2028837 ], [ 16.3801058, 48.2035648 ], [ 16.3805108, 48.203908 ], [ 16.3805805, 48.2039675 ], [ 16.3807233, 48.2040984 ], [ 16.38084, 48.2042177 ], [ 16.3809627, 48.2043536 ], [ 16.3810398, 48.2044461 ], [ 16.3811176, 48.2045462 ], [ 16.3818713, 48.2055767 ], [ 16.3819055, 48.2056211 ], [ 16.3819386, 48.2056687 ], [ 16.3821406, 48.2059449 ], [ 16.3821938, 48.2060209 ], [ 16.3825427, 48.2065032 ], [ 16.3825723, 48.2065444 ], [ 16.3825925, 48.2065719 ], [ 16.3826359, 48.206633 ], [ 16.3826679, 48.2066776 ], [ 16.3826893, 48.2067075 ], [ 16.3826977, 48.2067192 ], [ 16.3827161, 48.2067448 ], [ 16.3835562, 48.2078962 ], [ 16.3838153, 48.2082506 ], [ 16.3838247, 48.2082634 ], [ 16.3838781, 48.2083364 ], [ 16.383929, 48.2084055 ], [ 16.3839411, 48.208422 ], [ 16.3842917, 48.2088901 ], [ 16.3843425, 48.2089682 ], [ 16.3844083, 48.2090776 ], [ 16.3844647, 48.2092018 ], [ 16.3845, 48.2092894 ], [ 16.3845268, 48.2093967 ], [ 16.3845481, 48.2095085 ], [ 16.3845583, 48.2095598 ], [ 16.3845694, 48.2096161 ], [ 16.38458, 48.2096694 ], [ 16.3845984, 48.2097543 ], [ 16.3846049, 48.2097875 ], [ 16.3846105, 48.2098191 ], [ 16.3847006, 48.2102605 ], [ 16.3847736, 48.2106439 ], [ 16.3848544, 48.2110657 ], [ 16.3848407, 48.2110669 ], [ 16.3848448, 48.2110849 ], [ 16.3848508, 48.2111131 ], [ 16.3848533, 48.2111271 ], [ 16.3848556, 48.2111398 ], [ 16.3848579, 48.2111519 ], [ 16.3848719, 48.2112365 ], [ 16.3848797, 48.2112769 ], [ 16.3848893, 48.2113281 ], [ 16.3848946, 48.2113547 ], [ 16.3845071, 48.2113936 ], [ 16.3844793, 48.211542 ], [ 16.3844066, 48.2116567 ], [ 16.3842505, 48.2117642 ], [ 16.3840766, 48.2118151 ], [ 16.383917, 48.2118198 ], [ 16.3829286, 48.2117265 ], [ 16.3824376, 48.2116916 ], [ 16.3819552, 48.2116759 ], [ 16.3815788, 48.2116707 ], [ 16.3813019, 48.2116741 ], [ 16.3810646, 48.2116791 ], [ 16.3801144, 48.2117366 ], [ 16.3795538, 48.2117967 ], [ 16.3790386, 48.2118721 ], [ 16.3785496, 48.2119588 ], [ 16.378046, 48.2120631 ], [ 16.3776787, 48.2121566 ], [ 16.3773213, 48.2122674 ], [ 16.3770396, 48.2123689 ], [ 16.3767933, 48.2124669 ], [ 16.3765444, 48.2125783 ], [ 16.3762659, 48.2127214 ], [ 16.3759558, 48.2128966 ], [ 16.3756681, 48.2130823 ], [ 16.375417, 48.2132734 ], [ 16.3751909, 48.213483 ], [ 16.3750037, 48.2136848 ], [ 16.3748503, 48.2138968 ], [ 16.3735127, 48.2158294 ], [ 16.3733905, 48.2159703 ], [ 16.3732108, 48.2161498 ], [ 16.3730586, 48.2162786 ], [ 16.372672, 48.216591 ], [ 16.3723992, 48.216802 ], [ 16.3717822, 48.217276 ], [ 16.371518, 48.2174714 ], [ 16.3713591, 48.2175828 ], [ 16.3705928, 48.2181828 ], [ 16.370149, 48.2184891 ], [ 16.370089, 48.2184449 ], [ 16.3700421, 48.2184108 ], [ 16.3694303, 48.2179656 ], [ 16.3694285, 48.2179574 ], [ 16.3691466, 48.2178233 ], [ 16.3689058, 48.2177128 ], [ 16.3686641, 48.2176019 ], [ 16.3684066, 48.2174837 ], [ 16.3681243, 48.2173541 ], [ 16.3677095, 48.2171601 ], [ 16.3674136, 48.217026 ], [ 16.3662822, 48.2165039 ], [ 16.3651337, 48.2159825 ], [ 16.3651302, 48.2159751 ], [ 16.3646881, 48.2157764 ], [ 16.3646874, 48.2157676 ], [ 16.364266, 48.2155772 ], [ 16.363082, 48.2150325 ], [ 16.3627408, 48.2148755 ], [ 16.3624812, 48.2147561 ], [ 16.3609817, 48.2140662 ], [ 16.3604177, 48.213814 ], [ 16.3599959, 48.2138687 ], [ 16.3599984, 48.2138792 ], [ 16.3598096, 48.2139045 ], [ 16.3598015, 48.2138752 ], [ 16.3596116, 48.2138972 ], [ 16.3596131, 48.2139056 ], [ 16.3596097, 48.2139061 ], [ 16.35948, 48.213926 ], [ 16.3568662, 48.214294 ], [ 16.3565102, 48.2143408 ], [ 16.3564918, 48.2142595 ], [ 16.3564369, 48.2140168 ], [ 16.3559345, 48.2118672 ], [ 16.355548, 48.2101538 ], [ 16.3553642, 48.2093891 ], [ 16.355351, 48.2091009 ], [ 16.355211, 48.2086487 ], [ 16.3552089, 48.2085326 ], [ 16.3554428, 48.207841 ], [ 16.3554887, 48.207516 ], [ 16.3556177, 48.2072247 ], [ 16.3557328, 48.2070556 ], [ 16.3558875, 48.2069081 ], [ 16.3573321, 48.2058124 ], [ 16.3575481, 48.2056454 ], [ 16.3576937, 48.2055365 ], [ 16.35784, 48.2054269 ], [ 16.3579802, 48.205322 ], [ 16.3611211, 48.2029589 ], [ 16.3611256, 48.2029555 ], [ 16.361237, 48.2028723 ], [ 16.3615382, 48.2026474 ], [ 16.3617213, 48.2025319 ], [ 16.3640387, 48.2013262 ], [ 16.3640586, 48.201177 ], [ 16.3646277, 48.2008867 ], [ 16.3649243, 48.2006995 ], [ 16.366006, 48.1998505 ], [ 16.3659159, 48.1998011 ], [ 16.3659409, 48.1996821 ], [ 16.3659742, 48.1995268 ], [ 16.3665184, 48.199825 ], [ 16.3665967, 48.1998655 ], [ 16.367195, 48.2002259 ], [ 16.3676074, 48.2004402 ], [ 16.3679344, 48.2005728 ], [ 16.3682878, 48.2006612 ], [ 16.3686066, 48.2007054 ], [ 16.3691008, 48.2007199 ], [ 16.3694796, 48.2006655 ], [ 16.3737189, 48.1996313 ], [ 16.3739662, 48.1996362 ], [ 16.375215, 48.1999528 ] ] ] } },
{ "type": "Feature", "properties": { "osm_id": 1990594, "ref": 2, "name": "Leopoldstadt", "name:de": null, "population": null, "area_km2": 19.235 }, "geometry": { "type": "Polygon", "coordinates": [ [ [ 16.398134, 48.2363479 ], [ 16.3999414, 48.2348052 ], [ 16.4016921, 48.2333369 ], [ 16.4037597, 48.23167 ], [ 16.4060609, 48.2298632 ], [ 16.4086705, 48.2278603 ], [ 16.4155324, 48.2226691 ], [ 16.4162691, 48.2221101 ], [ 16.4178652, 48.2209513 ], [ 16.4212773, 48.2185006 ], [ 16.4228069, 48.2174031 ], [ 16.4258648, 48.2151612 ], [ 16.4297298, 48.2124399 ], [ 16.4367364, 48.2075131 ], [ 16.4507882, 48.1978986 ], [ 16.4738454, 48.1825645 ], [ 16.4791211, 48.1791524 ], [ 16.4850516, 48.1753516 ], [ 16.4885141, 48.1731901 ], [ 16.4924117, 48.1707639 ], [ 16.4984617, 48.1671813 ], [ 16.497085, 48.1662737 ], [ 16.4952282, 48.1650897 ], [ 16.4946641, 48.1653265 ], [ 16.4946226, 48.1652865 ], [ 16.4930469, 48.1659298 ], [ 16.4915066, 48.1665412 ], [ 16.4898926, 48.1671036 ], [ 16.4878399, 48.1677592 ], [ 16.4860142, 48.1683315 ], [ 16.4854739, 48.1684853 ], [ 16.4844916, 48.1688524 ], [ 16.4841719, 48.1689849 ], [ 16.4838791, 48.1691128 ], [ 16.482739, 48.1696294 ], [ 16.4797281, 48.1706977 ], [ 16.4797577, 48.1707483 ], [ 16.4790301, 48.1710463 ], [ 16.4784741, 48.1712739 ], [ 16.4758724, 48.1724605 ], [ 16.4694852, 48.174939 ], [ 16.4683386, 48.175369 ], [ 16.4677727, 48.1755726 ], [ 16.4672414, 48.1757468 ], [ 16.4605003, 48.1777857 ], [ 16.451663, 48.1803481 ], [ 16.4386107, 48.1842029 ], [ 16.4310992, 48.1863419 ], [ 16.4301686, 48.1866113 ], [ 16.4251003, 48.1881117 ], [ 16.4220931, 48.1893474 ], [ 16.4211488, 48.1898533 ], [ 16.4134445, 48.1943787 ], [ 16.4118817, 48.195365 ], [ 16.410865, 48.1961194 ], [ 16.4103604, 48.1965465 ], [ 16.4100661, 48.1968503 ], [ 16.4097751, 48.1972113 ], [ 16.4085445, 48.1989871 ], [ 16.4078547, 48.1998829 ], [ 16.4073552, 48.2003903 ], [ 16.4066582, 48.2008865 ], [ 16.4058995, 48.2012733 ], [ 16.404979, 48.2015825 ], [ 16.4039157, 48.201825 ], [ 16.4003359, 48.202475 ], [ 16.3994891, 48.2027366 ], [ 16.398797, 48.2030885 ], [ 16.3983736, 48.2034024 ], [ 16.3978408, 48.2038574 ], [ 16.3973936, 48.2044186 ], [ 16.397082, 48.2050464 ], [ 16.3965158, 48.2078611 ], [ 16.3961994, 48.2087094 ], [ 16.3956534, 48.2097274 ], [ 16.3946581, 48.2112488 ], [ 16.3942561, 48.2116641 ], [ 16.3937209, 48.2120635 ], [ 16.3931358, 48.2123726 ], [ 16.3923033, 48.2126943 ], [ 16.3915326, 48.2128909 ], [ 16.3908259, 48.213035 ], [ 16.3903953, 48.2131111 ], [ 16.3900579, 48.2131492 ], [ 16.389647, 48.213176 ], [ 16.3892349, 48.2131825 ], [ 16.3888027, 48.2131612 ], [ 16.3883691, 48.2131175 ], [ 16.3879236, 48.2130384 ], [ 16.3874383, 48.212917 ], [ 16.3871675, 48.2128421 ], [ 16.3868043, 48.2127026 ], [ 16.3866417, 48.2126365 ], [ 16.3866406, 48.2126356 ], [ 16.3865617, 48.2125735 ], [ 16.3864832, 48.2124664 ], [ 16.3860319, 48.2122929 ], [ 16.3854257, 48.2120648 ], [ 16.3852455, 48.211994 ], [ 16.3851492, 48.2119177 ], [ 16.3850918, 48.2118472 ], [ 16.3850638, 48.2117766 ], [ 16.3849941, 48.2115334 ], [ 16.3849694, 48.2115187 ], [ 16.3849313, 48.2114786 ], [ 16.3849157, 48.2114536 ], [ 16.3849036, 48.2114232 ], [ 16.3848946, 48.2113547 ], [ 16.3845071, 48.2113936 ], [ 16.3844793, 48.211542 ], [ 16.3844066, 48.2116567 ], [ 16.3842505, 48.2117642 ], [ 16.3840766, 48.2118151 ], [ 16.383917, 48.2118198 ], [ 16.3829286, 48.2117265 ], [ 16.3824376, 48.2116916 ], [ 16.3819552, 48.2116759 ], [ 16.3815788, 48.2116707 ], [ 16.3813019, 48.2116741 ], [ 16.3810646, 48.2116791 ], [ 16.3801144, 48.2117366 ], [ 16.3795538, 48.2117967 ], [ 16.3790386, 48.2118721 ], [ 16.3785496, 48.2119588 ], [ 16.378046, 48.2120631 ], [ 16.3776787, 48.2121566 ], [ 16.3773213, 48.2122674 ], [ 16.3770396, 48.2123689 ], [ 16.3767933, 48.2124669 ], [ 16.3765444, 48.2125783 ], [ 16.3762659, 48.2127214 ], [ 16.3759558, 48.2128966 ], [ 16.3756681, 48.2130823 ], [ 16.375417, 48.2132734 ], [ 16.3751909, 48.213483 ], [ 16.3750037, 48.2136848 ], [ 16.3748503, 48.2138968 ], [ 16.3735127, 48.2158294 ], [ 16.3733905, 48.2159703 ], [ 16.3732108, 48.2161498 ], [ 16.3730586, 48.2162786 ], [ 16.372672, 48.216591 ], [ 16.3723992, 48.216802 ], [ 16.3717822, 48.217276 ], [ 16.371518, 48.2174714 ], [ 16.3713591, 48.2175828 ], [ 16.3705928, 48.2181828 ], [ 16.370149, 48.2184891 ], [ 16.3697005, 48.2187537 ], [ 16.3696756, 48.2187986 ], [ 16.3691878, 48.2191461 ], [ 16.3685722, 48.2197903 ], [ 16.368354, 48.2200858 ], [ 16.3681785, 48.2205879 ], [ 16.3681553, 48.2206543 ], [ 16.3679638, 48.2215549 ], [ 16.3678804, 48.2225512 ], [ 16.3678892, 48.2236976 ], [ 16.3678088, 48.224167 ], [ 16.3677014, 48.2245416 ], [ 16.3675889, 48.2248433 ], [ 16.3674575, 48.2251075 ], [ 16.368439, 48.2253741 ], [ 16.3693506, 48.225683 ], [ 16.3697574, 48.2256151 ], [ 16.3703725, 48.2258255 ], [ 16.3704212, 48.2261717 ], [ 16.3707049, 48.2264456 ], [ 16.3709455, 48.2266748 ], [ 16.3721614, 48.2278334 ], [ 16.3735354, 48.2282613 ], [ 16.3762505, 48.2291536 ], [ 16.3766339, 48.2292792 ], [ 16.3766953, 48.2292994 ], [ 16.3775195, 48.2295707 ], [ 16.3776716, 48.2294971 ], [ 16.3789703, 48.2288677 ], [ 16.379366, 48.2286756 ], [ 16.3798446, 48.2284433 ], [ 16.3801373, 48.2283022 ], [ 16.3804719, 48.228313 ], [ 16.3813061, 48.2279137 ], [ 16.383051, 48.2256828 ], [ 16.383074, 48.2256566 ], [ 16.383103, 48.2256355 ], [ 16.383138, 48.2256194 ], [ 16.3831846, 48.2256042 ], [ 16.3832231, 48.2255989 ], [ 16.3832676, 48.2255961 ], [ 16.3833051, 48.2256004 ], [ 16.3833445, 48.2256078 ], [ 16.3847, 48.2260849 ], [ 16.3879656, 48.2278318 ], [ 16.3879758, 48.2279555 ], [ 16.3880499, 48.2280722 ], [ 16.3881807, 48.2281664 ], [ 16.3879148, 48.2293718 ], [ 16.3867834, 48.2303683 ], [ 16.387021, 48.2305039 ], [ 16.3874126, 48.2307099 ], [ 16.3874115, 48.2307192 ], [ 16.3892605, 48.2316746 ], [ 16.3900552, 48.2320872 ], [ 16.3923408, 48.2332751 ], [ 16.3928763, 48.2335545 ], [ 16.3952832, 48.2348168 ], [ 16.3952727, 48.2348255 ], [ 16.398134, 48.2363479 ] ] ] } },
{ "type": "Feature", "properties": { "osm_id": 1991416, "ref": 3, "name": "Landstraße", "name:de": null, "population": 87953.0, "area_km2": 7.406 }, "geometry": { "type": "Polygon", "coordinates": [ [ [ 16.4310992, 48.1863419 ], [ 16.4308881, 48.1860149 ], [ 16.4307803, 48.185872 ], [ 16.4306566, 48.1859059 ], [ 16.4304535, 48.1859682 ], [ 16.4302726, 48.186005 ], [ 16.4301093, 48.1860147 ], [ 16.4300865, 48.1860161 ], [ 16.4299342, 48.1860073 ], [ 16.4298, 48.1859793 ], [ 16.4296637, 48.1859289 ], [ 16.4295561, 48.1858744 ], [ 16.429474, 48.1858152 ], [ 16.4294381, 48.1857841 ], [ 16.4293515, 48.1857089 ], [ 16.4292149, 48.1855904 ], [ 16.4291152, 48.1855052 ], [ 16.4290713, 48.1854682 ], [ 16.4290476, 48.1854476 ], [ 16.4289692, 48.1853794 ], [ 16.4289492, 48.185363 ], [ 16.4288666, 48.1852953 ], [ 16.4287834, 48.1852404 ], [ 16.4287013, 48.1852074 ], [ 16.4286306, 48.1851861 ], [ 16.4285249, 48.1851652 ], [ 16.4283727, 48.1851555 ], [ 16.428264, 48.1851631 ], [ 16.4280338, 48.1851852 ], [ 16.4273998, 48.1852741 ], [ 16.4272337, 48.1853075 ], [ 16.4269316, 48.1853683 ], [ 16.4268618, 48.185382 ], [ 16.4265941, 48.185435 ], [ 16.4262365, 48.1855059 ], [ 16.4261097, 48.1855342 ], [ 16.4250524, 48.185765 ], [ 16.4249614, 48.1857835 ], [ 16.4236347, 48.1860848 ], [ 16.4228499, 48.1862556 ], [ 16.4227547, 48.1862766 ], [ 16.4226096, 48.186311 ], [ 16.422393, 48.1863709 ], [ 16.4222182, 48.1864206 ], [ 16.4215654, 48.1866623 ], [ 16.4213706, 48.1867528 ], [ 16.4211849, 48.1868421 ], [ 16.4210471, 48.1869115 ], [ 16.4208804, 48.1870102 ], [ 16.4204532, 48.1872713 ], [ 16.4204253, 48.1872056 ], [ 16.420283, 48.1868579 ], [ 16.4201544, 48.1865436 ], [ 16.420052, 48.1862934 ], [ 16.420031, 48.1862405 ], [ 16.4200035, 48.1861719 ], [ 16.419986, 48.1861284 ], [ 16.419982, 48.1861187 ], [ 16.4197625, 48.1855858 ], [ 16.419739, 48.1855287 ], [ 16.4190896, 48.1856338 ], [ 16.4190324, 48.185643 ], [ 16.418788, 48.1856826 ], [ 16.4185432, 48.1857276 ], [ 16.4183508, 48.185763 ], [ 16.417783, 48.1858675 ], [ 16.4177408, 48.1858358 ], [ 16.417563, 48.1857022 ], [ 16.417427, 48.1855769 ], [ 16.4173147, 48.1854561 ], [ 16.4172276, 48.1853316 ], [ 16.4171845, 48.1852379 ], [ 16.4171474, 48.1851374 ], [ 16.4170954, 48.1850065 ], [ 16.4170573, 48.1849399 ], [ 16.4170262, 48.1848922 ], [ 16.4169824, 48.1848516 ], [ 16.4169419, 48.1848372 ], [ 16.4168769, 48.1848371 ], [ 16.4166824, 48.1849244 ], [ 16.4165233, 48.1850023 ], [ 16.4163374, 48.1850845 ], [ 16.4163174, 48.1850923 ], [ 16.4160098, 48.1852124 ], [ 16.4150417, 48.1854421 ], [ 16.4128347, 48.1831646 ], [ 16.4062547, 48.1850623 ], [ 16.4057042, 48.1847572 ], [ 16.4046054, 48.1856897 ], [ 16.4028305, 48.184793 ], [ 16.4040353, 48.1835234 ], [ 16.4040565, 48.183501 ], [ 16.4041484, 48.1834497 ], [ 16.403845, 48.1832493 ], [ 16.4029908, 48.1825475 ], [ 16.403442, 48.1822399 ], [ 16.4027075, 48.1815687 ], [ 16.4022612, 48.1818034 ], [ 16.4016169, 48.1810088 ], [ 16.4013791, 48.1810078 ], [ 16.4002472, 48.1798883 ], [ 16.4000582, 48.1797822 ], [ 16.3988937, 48.179163 ], [ 16.3978535, 48.1785793 ], [ 16.3977393, 48.1785054 ], [ 16.3977315, 48.1784701 ], [ 16.3976651, 48.17817 ], [ 16.3976504, 48.1780926 ], [ 16.3976283, 48.1779922 ], [ 16.3974184, 48.1770185 ], [ 16.3973842, 48.1768541 ], [ 16.3973611, 48.1767429 ], [ 16.3972691, 48.1763 ], [ 16.3972077, 48.1759917 ], [ 16.3971955, 48.1759341 ], [ 16.3971654, 48.1757913 ], [ 16.3971112, 48.1755567 ], [ 16.3970685, 48.1753757 ], [ 16.39585, 48.1754956 ], [ 16.3956567, 48.1754991 ], [ 16.395654, 48.175534 ], [ 16.3956163, 48.1755327 ], [ 16.3954544, 48.1755271 ], [ 16.3954219, 48.1755613 ], [ 16.3953607, 48.1756066 ], [ 16.3934026, 48.1768444 ], [ 16.3913189, 48.1783197 ], [ 16.3899587, 48.1793202 ], [ 16.3880557, 48.1808688 ], [ 16.3855063, 48.1829173 ], [ 16.3848759, 48.183591 ], [ 16.3847753, 48.1837312 ], [ 16.3844223, 48.1842948 ], [ 16.3842344, 48.1846103 ], [ 16.3841973, 48.1846595 ], [ 16.384154, 48.1847159 ], [ 16.3841035, 48.1847633 ], [ 16.3840408, 48.1848214 ], [ 16.3839317, 48.1849205 ], [ 16.3838108, 48.1850242 ], [ 16.3835128, 48.1852976 ], [ 16.3832612, 48.1854884 ], [ 16.3826864, 48.1860048 ], [ 16.3825203, 48.18612 ], [ 16.382301, 48.186286 ], [ 16.382111, 48.1864556 ], [ 16.3819114, 48.1866357 ], [ 16.3817647, 48.1867819 ], [ 16.3816719, 48.186878 ], [ 16.3816009, 48.1869675 ], [ 16.3815187, 48.1870835 ], [ 16.3814263, 48.1872441 ], [ 16.3811423, 48.1879111 ], [ 16.3811304, 48.1879395 ], [ 16.3810501, 48.1881307 ], [ 16.3810185, 48.188123 ], [ 16.3809988, 48.1881182 ], [ 16.3811296, 48.1884798 ], [ 16.3808328, 48.1889864 ], [ 16.3807846, 48.1890639 ], [ 16.3807315, 48.1891543 ], [ 16.3806337, 48.1893299 ], [ 16.3804338, 48.1896858 ], [ 16.3800327, 48.1903916 ], [ 16.3799073, 48.1906138 ], [ 16.3796556, 48.1910598 ], [ 16.3795795, 48.1911946 ], [ 16.3795396, 48.191266 ], [ 16.3794413, 48.191442 ], [ 16.3793092, 48.1916787 ], [ 16.3792414, 48.1917966 ], [ 16.3792059, 48.1918582 ], [ 16.3791629, 48.1919263 ], [ 16.3791129, 48.1920036 ], [ 16.3791079, 48.1920125 ], [ 16.3790884, 48.1920414 ], [ 16.3788197, 48.1924381 ], [ 16.3785405, 48.1928504 ], [ 16.3785012, 48.1929084 ], [ 16.3784877, 48.1929243 ], [ 16.3782603, 48.1931918 ], [ 16.3777569, 48.1937874 ], [ 16.3775246, 48.1940572 ], [ 16.3771899, 48.194451 ], [ 16.3771671, 48.1944778 ], [ 16.3771324, 48.1945194 ], [ 16.3771154, 48.1945398 ], [ 16.3770534, 48.1946218 ], [ 16.3770379, 48.1946424 ], [ 16.3770307, 48.1946528 ], [ 16.3769692, 48.1947425 ], [ 16.3768589, 48.1949211 ], [ 16.375602, 48.1969573 ], [ 16.3755574, 48.1970311 ], [ 16.3752536, 48.1975347 ], [ 16.3752109, 48.1976055 ], [ 16.3752048, 48.197616 ], [ 16.3751511, 48.197703 ], [ 16.3751276, 48.1977397 ], [ 16.3751106, 48.1977745 ], [ 16.3750755, 48.1978458 ], [ 16.3750648, 48.1979042 ], [ 16.3750582, 48.1979498 ], [ 16.3750528, 48.1980487 ], [ 16.3750736, 48.1982751 ], [ 16.3754473, 48.1995294 ], [ 16.375215, 48.1999528 ], [ 16.3766526, 48.2003186 ], [ 16.3786346, 48.2022508 ], [ 16.3789387, 48.2025986 ], [ 16.3790775, 48.2027104 ], [ 16.3790848, 48.2027086 ], [ 16.3791543, 48.2027676 ], [ 16.3792937, 48.2028858 ], [ 16.3792984, 48.2028837 ], [ 16.3801058, 48.2035648 ], [ 16.3805108, 48.203908 ], [ 16.3805805, 48.2039675 ], [ 16.3807233, 48.2040984 ], [ 16.38084, 48.2042177 ], [ 16.3809627, 48.2043536 ], [ 16.3810398, 48.2044461 ], [ 16.3811176, 48.2045462 ], [ 16.3818713, 48.2055767 ], [ 16.3819055, 48.2056211 ], [ 16.3819386, 48.2056687 ], [ 16.3821406, 48.2059449 ], [ 16.3821938, 48.2060209 ], [ 16.3825427, 48.2065032 ], [ 16.3825723, 48.2065444 ], [ 16.3825925, 48.2065719 ], [ 16.3826359, 48.206633 ], [ 16.3826679, 48.2066776 ], [ 16.3826893, 48.2067075 ], [ 16.3826977, 48.2067192 ], [ 16.3827161, 48.2067448 ], [ 16.3835562, 48.2078962 ], [ 16.3838153, 48.2082506 ], [ 16.3838247, 48.2082634 ], [ 16.3838781, 48.2083364 ], [ 16.383929, 48.2084055 ], [ 16.3839411, 48.208422 ], [ 16.3842917, 48.2088901 ], [ 16.3843425, 48.2089682 ], [ 16.3844083, 48.2090776 ], [ 16.3844647, 48.2092018 ], [ 16.3845, 48.2092894 ], [ 16.3845268, 48.2093967 ], [ 16.3845481, 48.2095085 ], [ 16.3845583, 48.2095598 ], [ 16.3845694, 48.2096161 ], [ 16.38458, 48.2096694 ], [ 16.3845984, 48.2097543 ], [ 16.3846049, 48.2097875 ], [ 16.3846105, 48.2098191 ], [ 16.3847006, 48.2102605 ], [ 16.3847736, 48.2106439 ], [ 16.3848544, 48.2110657 ], [ 16.3848407, 48.2110669 ], [ 16.3848448, 48.2110849 ], [ 16.3848508, 48.2111131 ], [ 16.3848533, 48.2111271 ], [ 16.3848556, 48.2111398 ], [ 16.3848579, 48.2111519 ], [ 16.3848719, 48.2112365 ], [ 16.3848797, 48.2112769 ], [ 16.3848893, 48.2113281 ], [ 16.3848946, 48.2113547 ], [ 16.3849036, 48.2114232 ], [ 16.3849157, 48.2114536 ], [ 16.3849313, 48.2114786 ], [ 16.3849694, 48.2115187 ], [ 16.3849941, 48.2115334 ], [ 16.3850638, 48.2117766 ], [ 16.3850918, 48.2118472 ], [ 16.3851492, 48.2119177 ], [ 16.3852455, 48.211994 ], [ 16.3854257, 48.2120648 ], [ 16.3860319, 48.2122929 ], [ 16.3864832, 48.2124664 ], [ 16.3865617, 48.2125735 ], [ 16.3866406, 48.2126356 ], [ 16.3866417, 48.2126365 ], [ 16.3868043, 48.2127026 ], [ 16.3871675, 48.2128421 ], [ 16.3874383, 48.212917 ], [ 16.3879236, 48.2130384 ], [ 16.3883691, 48.2131175 ], [ 16.3888027, 48.2131612 ], [ 16.3892349, 48.2131825 ], [ 16.389647, 48.213176 ], [ 16.3900579, 48.2131492 ], [ 16.3903953, 48.2131111 ], [ 16.3908259, 48.213035 ], [ 16.3915326, 48.2128909 ], [ 16.3923033, 48.2126943 ], [ 16.3931358, 48.2123726 ], [ 16.3937209, 48.2120635 ], [ 16.3942561, 48.2116641 ], [ 16.3946581, 48.2112488 ], [ 16.3956534, 48.2097274 ], [ 16.3961994, 48.2087094 ], [ 16.3965158, 48.2078611 ], [ 16.397082, 48.2050464 ], [ 16.3973936, 48.2044186 ], [ 16.3978408, 48.2038574 ], [ 16.3983736, 48.2034024 ], [ 16.398797, 48.2030885 ], [ 16.3994891, 48.2027366 ], [ 16.4003359, 48.202475 ], [ 16.4039157, 48.201825 ], [ 16.404979, 48.2015825 ], [ 16.4058995, 48.2012733 ], [ 16.4066582, 48.2008865 ], [ 16.4073552, 48.2003903 ], [ 16.4078547, 48.1998829 ], [ 16.4085445, 48.1989871 ], [ 16.4097751, 48.1972113 ], [ 16.4100661, 48.1968503 ], [ 16.4103604, 48.1965465 ], [ 16.410865, 48.1961194 ], [ 16.4118817, 48.195365 ], [ 16.4134445, 48.1943787 ], [ 16.4211488, 48.1898533 ], [ 16.4220931, 48.1893474 ], [ 16.4251003, 48.1881117 ], [ 16.4301686, 48.1866113 ], [ 16.4310992, 48.1863419 ] ] ] } },
{ "type": "Feature", "properties": { "osm_id": 1991443, "ref": 4, "name": "Wieden", "name:de": "Wieden", "population": 29356.0, "area_km2": 1.776 }, "geometry": { "type": "Polygon", "coordinates": [ [ [ 16.3619917, 48.1941987 ], [ 16.3619469, 48.1942262 ], [ 16.3609367, 48.1948464 ], [ 16.3608835, 48.1948796 ], [ 16.3608641, 48.1949026 ], [ 16.3604816, 48.1953568 ], [ 16.360279, 48.1956038 ], [ 16.3594711, 48.1965889 ], [ 16.3594442, 48.1966217 ], [ 16.3594296, 48.1966382 ], [ 16.3594043, 48.1966565 ], [ 16.3593751, 48.1966702 ], [ 16.359371, 48.1967114 ], [ 16.359538, 48.1967539 ], [ 16.359535, 48.1967707 ], [ 16.360883, 48.1970969 ], [ 16.3612743, 48.1972143 ], [ 16.3614612, 48.197281 ], [ 16.3616708, 48.1973687 ], [ 16.3616777, 48.1973627 ], [ 16.3616936, 48.1973594 ], [ 16.3617677, 48.197395 ], [ 16.3617661, 48.197403 ], [ 16.3617618, 48.1974102 ], [ 16.3620099, 48.1975292 ], [ 16.3628598, 48.1979847 ], [ 16.3630762, 48.1981032 ], [ 16.3637805, 48.1985096 ], [ 16.3659409, 48.1996821 ], [ 16.3659742, 48.1995268 ], [ 16.3665184, 48.199825 ], [ 16.3665967, 48.1998655 ], [ 16.367195, 48.2002259 ], [ 16.3676074, 48.2004402 ], [ 16.3679344, 48.2005728 ], [ 16.3682878, 48.2006612 ], [ 16.3686066, 48.2007054 ], [ 16.3691008, 48.2007199 ], [ 16.3694796, 48.2006655 ], [ 16.3737189, 48.1996313 ], [ 16.3739662, 48.1996362 ], [ 16.375215, 48.1999528 ], [ 16.3754473, 48.1995294 ], [ 16.3750736, 48.1982751 ], [ 16.3750528, 48.1980487 ], [ 16.3750582, 48.1979498 ], [ 16.3750648, 48.1979042 ], [ 16.3750755, 48.1978458 ], [ 16.3751106, 48.1977745 ], [ 16.3751276, 48.1977397 ], [ 16.3751511, 48.197703 ], [ 16.3752048, 48.197616 ], [ 16.3752109, 48.1976055 ], [ 16.3752536, 48.1975347 ], [ 16.3755574, 48.1970311 ], [ 16.375602, 48.1969573 ], [ 16.3768589, 48.1949211 ], [ 16.3769692, 48.1947425 ], [ 16.3770307, 48.1946528 ], [ 16.3770379, 48.1946424 ], [ 16.3770534, 48.1946218 ], [ 16.3771154, 48.1945398 ], [ 16.3771324, 48.1945194 ], [ 16.3771671, 48.1944778 ], [ 16.3771899, 48.194451 ], [ 16.3775246, 48.1940572 ], [ 16.3777569, 48.1937874 ], [ 16.3782603, 48.1931918 ], [ 16.3784877, 48.1929243 ], [ 16.3785012, 48.1929084 ], [ 16.3785405, 48.1928504 ], [ 16.3788197, 48.1924381 ], [ 16.3790884, 48.1920414 ], [ 16.3791079, 48.1920125 ], [ 16.3791129, 48.1920036 ], [ 16.3791629, 48.1919263 ], [ 16.3792059, 48.1918582 ], [ 16.3792414, 48.1917966 ], [ 16.3793092, 48.1916787 ], [ 16.3794413, 48.191442 ], [ 16.3795396, 48.191266 ], [ 16.3795795, 48.1911946 ], [ 16.3796556, 48.1910598 ], [ 16.3799073, 48.1906138 ], [ 16.3800327, 48.1903916 ], [ 16.3804338, 48.1896858 ], [ 16.3806337, 48.1893299 ], [ 16.3807315, 48.1891543 ], [ 16.3807846, 48.1890639 ], [ 16.3808328, 48.1889864 ], [ 16.3811296, 48.1884798 ], [ 16.3809988, 48.1881182 ], [ 16.3805488, 48.187981 ], [ 16.3795093, 48.1877175 ], [ 16.3789226, 48.1875168 ], [ 16.3775421, 48.1871016 ], [ 16.3771579, 48.1869816 ], [ 16.3765552, 48.1868441 ], [ 16.3762199, 48.1867488 ], [ 16.3751931, 48.1864259 ], [ 16.3741627, 48.1861065 ], [ 16.3739627, 48.186079 ], [ 16.3737394, 48.185977 ], [ 16.3736072, 48.1858105 ], [ 16.3735496, 48.1857361 ], [ 16.3735191, 48.1856582 ], [ 16.3735329, 48.1853883 ], [ 16.3735607, 48.1851384 ], [ 16.373344, 48.1850731 ], [ 16.3733331, 48.1850903 ], [ 16.3724201, 48.1847929 ], [ 16.3723462, 48.1848047 ], [ 16.3719576, 48.1847301 ], [ 16.3719319, 48.1847333 ], [ 16.3719175, 48.1847505 ], [ 16.3718984, 48.1847436 ], [ 16.3717161, 48.1847731 ], [ 16.3688339, 48.1838352 ], [ 16.3682711, 48.1844018 ], [ 16.3682205, 48.1844544 ], [ 16.3681588, 48.1845189 ], [ 16.3679209, 48.1847671 ], [ 16.3678222, 48.18487 ], [ 16.3677688, 48.1849258 ], [ 16.3677082, 48.1849904 ], [ 16.3676565, 48.18504 ], [ 16.3670202, 48.185687 ], [ 16.3669594, 48.1857485 ], [ 16.3669104, 48.1857986 ], [ 16.3668481, 48.18586 ], [ 16.3667914, 48.1859194 ], [ 16.3667273, 48.1859845 ], [ 16.366116, 48.186605 ], [ 16.3655536, 48.1871772 ], [ 16.3654517, 48.1872828 ], [ 16.365439, 48.187296 ], [ 16.3653946, 48.1873423 ], [ 16.3653478, 48.1873952 ], [ 16.3653397, 48.1874032 ], [ 16.365248, 48.1874938 ], [ 16.3647876, 48.1879705 ], [ 16.3647486, 48.1880023 ], [ 16.3647038, 48.1880389 ], [ 16.3646695, 48.188067 ], [ 16.364639, 48.1880866 ], [ 16.3643074, 48.1883139 ], [ 16.3630602, 48.1894018 ], [ 16.3629464, 48.1894975 ], [ 16.3623501, 48.1900066 ], [ 16.3622324, 48.1901063 ], [ 16.3621733, 48.190138 ], [ 16.362235, 48.1901696 ], [ 16.3624628, 48.1903983 ], [ 16.3626488, 48.1905906 ], [ 16.3626737, 48.1906164 ], [ 16.3627221, 48.1906773 ], [ 16.3627861, 48.1907283 ], [ 16.3628152, 48.1907575 ], [ 16.3630282, 48.1909711 ], [ 16.3631831, 48.1911238 ], [ 16.3633552, 48.1912945 ], [ 16.3634541, 48.1914096 ], [ 16.3635613, 48.1915446 ], [ 16.3640142, 48.1921601 ], [ 16.3639811, 48.1921999 ], [ 16.3636803, 48.1924288 ], [ 16.3631186, 48.1928619 ], [ 16.3626594, 48.193213 ], [ 16.3622086, 48.1935529 ], [ 16.3620785, 48.1936835 ], [ 16.3618185, 48.1938793 ], [ 16.3617794, 48.1939016 ], [ 16.3617474, 48.1939171 ], [ 16.3617097, 48.1939332 ], [ 16.3617554, 48.193977 ], [ 16.3618606, 48.1940835 ], [ 16.3619917, 48.1941987 ] ] ] } },
{ "type": "Feature", "properties": { "osm_id": 1991440, "ref": 5, "name": "Margareten", "name:de": "Margareten", "population": 51434.0, "area_km2": 2.012 }, "geometry": { "type": "Polygon", "coordinates": [ [ [ 16.3591932, 48.1969247 ], [ 16.359371, 48.1967114 ], [ 16.3593751, 48.1966702 ], [ 16.3594043, 48.1966565 ], [ 16.3594296, 48.1966382 ], [ 16.3594442, 48.1966217 ], [ 16.3594711, 48.1965889 ], [ 16.360279, 48.1956038 ], [ 16.3604816, 48.1953568 ], [ 16.3608641, 48.1949026 ], [ 16.3608835, 48.1948796 ], [ 16.3609367, 48.1948464 ], [ 16.3619469, 48.1942262 ], [ 16.3619917, 48.1941987 ], [ 16.3618606, 48.1940835 ], [ 16.3617554, 48.193977 ], [ 16.3617097, 48.1939332 ], [ 16.3617474, 48.1939171 ], [ 16.3617794, 48.1939016 ], [ 16.3618185, 48.1938793 ], [ 16.3620785, 48.1936835 ], [ 16.3622086, 48.1935529 ], [ 16.3626594, 48.193213 ], [ 16.3631186, 48.1928619 ], [ 16.3636803, 48.1924288 ], [ 16.3639811, 48.1921999 ], [ 16.3640142, 48.1921601 ], [ 16.3635613, 48.1915446 ], [ 16.3634541, 48.1914096 ], [ 16.3633552, 48.1912945 ], [ 16.3631831, 48.1911238 ], [ 16.3630282, 48.1909711 ], [ 16.3628152, 48.1907575 ], [ 16.3627861, 48.1907283 ], [ 16.3627221, 48.1906773 ], [ 16.3626737, 48.1906164 ], [ 16.3626488, 48.1905906 ], [ 16.3624628, 48.1903983 ], [ 16.362235, 48.1901696 ], [ 16.3621733, 48.190138 ], [ 16.3622324, 48.1901063 ], [ 16.3623501, 48.1900066 ], [ 16.3629464, 48.1894975 ], [ 16.3630602, 48.1894018 ], [ 16.3643074, 48.1883139 ], [ 16.364639, 48.1880866 ], [ 16.3646695, 48.188067 ], [ 16.3647038, 48.1880389 ], [ 16.3647486, 48.1880023 ], [ 16.3647876, 48.1879705 ], [ 16.365248, 48.1874938 ], [ 16.3653397, 48.1874032 ], [ 16.3653478, 48.1873952 ], [ 16.3653946, 48.1873423 ], [ 16.365439, 48.187296 ], [ 16.3654517, 48.1872828 ], [ 16.3655536, 48.1871772 ], [ 16.366116, 48.186605 ], [ 16.3667273, 48.1859845 ], [ 16.3667914, 48.1859194 ], [ 16.3668481, 48.18586 ], [ 16.3669104, 48.1857986 ], [ 16.3669594, 48.1857485 ], [ 16.3670202, 48.185687 ], [ 16.3676565, 48.18504 ], [ 16.3677082, 48.1849904 ], [ 16.3677688, 48.1849258 ], [ 16.3678222, 48.18487 ], [ 16.3679209, 48.1847671 ], [ 16.3681588, 48.1845189 ], [ 16.3682205, 48.1844544 ], [ 16.3682711, 48.1844018 ], [ 16.3688339, 48.1838352 ], [ 16.3681611, 48.183616 ], [ 16.3670207, 48.1832444 ], [ 16.3663642, 48.183014 ], [ 16.3656408, 48.1827561 ], [ 16.3649689, 48.1825102 ], [ 16.3646969, 48.1824156 ], [ 16.3641112, 48.182203 ], [ 16.3635248, 48.1819888 ], [ 16.3624774, 48.1816619 ], [ 16.3620166, 48.1815092 ], [ 16.3619353, 48.181479 ], [ 16.3616392, 48.181356 ], [ 16.3613252, 48.1812223 ], [ 16.3609965, 48.181122 ], [ 16.3609109, 48.1810937 ], [ 16.360653, 48.181012 ], [ 16.3602909, 48.1808998 ], [ 16.3599242, 48.1807989 ], [ 16.3596862, 48.1807316 ], [ 16.3595021, 48.1806885 ], [ 16.3586192, 48.1804545 ], [ 16.3585905, 48.1804469 ], [ 16.3585523, 48.180437 ], [ 16.3585061, 48.1804246 ], [ 16.3584341, 48.1804055 ], [ 16.3579704, 48.180283 ], [ 16.3563725, 48.1798991 ], [ 16.3562085, 48.1798671 ], [ 16.3561345, 48.1798526 ], [ 16.3557569, 48.1797866 ], [ 16.3549758, 48.1797014 ], [ 16.3539006, 48.179584 ], [ 16.3538078, 48.1796193 ], [ 16.3521327, 48.1794534 ], [ 16.350787, 48.1793202 ], [ 16.3505363, 48.1793667 ], [ 16.3503255, 48.1793288 ], [ 16.349725, 48.1792208 ], [ 16.3495462, 48.1795396 ], [ 16.3494244, 48.1797052 ], [ 16.3444982, 48.1854026 ], [ 16.3442529, 48.1856807 ], [ 16.344215, 48.1857236 ], [ 16.3428126, 48.1873135 ], [ 16.3417518, 48.1884673 ], [ 16.3419906, 48.1884907 ], [ 16.3421967, 48.1885038 ], [ 16.3423347, 48.1885125 ], [ 16.3423344, 48.1885145 ], [ 16.3434981, 48.1885884 ], [ 16.3437838, 48.1886066 ], [ 16.3440329, 48.1886224 ], [ 16.3446012, 48.1886632 ], [ 16.3447292, 48.1886706 ], [ 16.3448535, 48.1886777 ], [ 16.3454084, 48.1887271 ], [ 16.3483776, 48.1892042 ], [ 16.348541, 48.1892332 ], [ 16.3488562, 48.189289 ], [ 16.3510088, 48.1896737 ], [ 16.3513343, 48.1897558 ], [ 16.3516004, 48.189839 ], [ 16.3517935, 48.1899098 ], [ 16.3519577, 48.1899818 ], [ 16.3520883, 48.1900481 ], [ 16.3522181, 48.1901183 ], [ 16.3524244, 48.1902457 ], [ 16.3526091, 48.1903726 ], [ 16.352786, 48.1905136 ], [ 16.3530265, 48.1907148 ], [ 16.3531783, 48.1908526 ], [ 16.353402, 48.191088 ], [ 16.3534897, 48.1911887 ], [ 16.3536691, 48.1914104 ], [ 16.3539326, 48.1917559 ], [ 16.3540579, 48.1919561 ], [ 16.3542036, 48.1922321 ], [ 16.3543067, 48.1924707 ], [ 16.3543841, 48.1926956 ], [ 16.3544403, 48.192906 ], [ 16.3544658, 48.1931079 ], [ 16.3544654, 48.1933347 ], [ 16.3544381, 48.1935679 ], [ 16.3543438, 48.1942809 ], [ 16.3543298, 48.1944319 ], [ 16.3543303, 48.1945738 ], [ 16.3543478, 48.1947128 ], [ 16.354387, 48.1948579 ], [ 16.3544629, 48.195044 ], [ 16.3545671, 48.1952198 ], [ 16.3547076, 48.1953882 ], [ 16.3548896, 48.1955591 ], [ 16.3550279, 48.1956755 ], [ 16.3551909, 48.1957948 ], [ 16.3553596, 48.1959059 ], [ 16.3554794, 48.195974 ], [ 16.3556756, 48.196084 ], [ 16.3558966, 48.1961856 ], [ 16.3561454, 48.1962834 ], [ 16.3563734, 48.1963571 ], [ 16.3566055, 48.1964223 ], [ 16.356873, 48.1964797 ], [ 16.3570302, 48.1965069 ], [ 16.3590289, 48.1969007 ], [ 16.3591932, 48.1969247 ] ] ] } },
{ "type": "Feature", "properties": { "osm_id": 1990595, "ref": 6, "name": "Mariahilf", "name:de": "Mariahilf", "population": 28747.0, "area_km2": 1.456 }, "geometry": { "type": "Polygon", "coordinates": [ [ [ 16.3531783, 48.1908526 ], [ 16.353402, 48.191088 ], [ 16.3534897, 48.1911887 ], [ 16.3536691, 48.1914104 ], [ 16.3539326, 48.1917559 ], [ 16.3540579, 48.1919561 ], [ 16.3542036, 48.1922321 ], [ 16.3543067, 48.1924707 ], [ 16.3543841, 48.1926956 ], [ 16.3544403, 48.192906 ], [ 16.3544658, 48.1931079 ], [ 16.3544654, 48.1933347 ], [ 16.3544381, 48.1935679 ], [ 16.3543438, 48.1942809 ], [ 16.3543298, 48.1944319 ], [ 16.3543303, 48.1945738 ], [ 16.3543478, 48.1947128 ], [ 16.354387, 48.1948579 ], [ 16.3544629, 48.195044 ], [ 16.3545671, 48.1952198 ], [ 16.3547076, 48.1953882 ], [ 16.3548896, 48.1955591 ], [ 16.3550279, 48.1956755 ], [ 16.3551909, 48.1957948 ], [ 16.3553596, 48.1959059 ], [ 16.3554794, 48.195974 ], [ 16.3556756, 48.196084 ], [ 16.3558966, 48.1961856 ], [ 16.3561454, 48.1962834 ], [ 16.3563734, 48.1963571 ], [ 16.3566055, 48.1964223 ], [ 16.356873, 48.1964797 ], [ 16.3570302, 48.1965069 ], [ 16.3590289, 48.1969007 ], [ 16.3591932, 48.1969247 ], [ 16.359371, 48.1967114 ], [ 16.359538, 48.1967539 ], [ 16.359535, 48.1967707 ], [ 16.360883, 48.1970969 ], [ 16.3612743, 48.1972143 ], [ 16.3614612, 48.197281 ], [ 16.3616708, 48.1973687 ], [ 16.3616777, 48.1973627 ], [ 16.3616936, 48.1973594 ], [ 16.3617677, 48.197395 ], [ 16.3617661, 48.197403 ], [ 16.3617618, 48.1974102 ], [ 16.3620099, 48.1975292 ], [ 16.3628598, 48.1979847 ], [ 16.3630762, 48.1981032 ], [ 16.3637805, 48.1985096 ], [ 16.3659409, 48.1996821 ], [ 16.3659159, 48.1998011 ], [ 16.366006, 48.1998505 ], [ 16.3649243, 48.2006995 ], [ 16.3646277, 48.2008867 ], [ 16.3640586, 48.201177 ], [ 16.3640387, 48.2013262 ], [ 16.3617213, 48.2025319 ], [ 16.3615382, 48.2026474 ], [ 16.3615158, 48.2026325 ], [ 16.361474, 48.2026047 ], [ 16.3613644, 48.2025208 ], [ 16.3613234, 48.2024842 ], [ 16.3612594, 48.2024269 ], [ 16.3611978, 48.202371 ], [ 16.3607487, 48.201963 ], [ 16.3605076, 48.2017614 ], [ 16.3604589, 48.2017207 ], [ 16.360345, 48.2016254 ], [ 16.3600868, 48.2014551 ], [ 16.3598122, 48.2013111 ], [ 16.3595273, 48.2011925 ], [ 16.3592263, 48.2010867 ], [ 16.3586442, 48.2009586 ], [ 16.3586041, 48.2009504 ], [ 16.3585533, 48.2009401 ], [ 16.3582771, 48.200884 ], [ 16.3570428, 48.200592 ], [ 16.3569095, 48.2005605 ], [ 16.3559068, 48.2003248 ], [ 16.3557699, 48.2002912 ], [ 16.3556095, 48.2002519 ], [ 16.3550855, 48.2000901 ], [ 16.3547037, 48.1999721 ], [ 16.3546283, 48.1999488 ], [ 16.3545445, 48.199924 ], [ 16.3542499, 48.1998367 ], [ 16.3538614, 48.1997219 ], [ 16.3535929, 48.1996419 ], [ 16.3530975, 48.1994652 ], [ 16.3530113, 48.1994345 ], [ 16.3529406, 48.1994093 ], [ 16.3525897, 48.1992736 ], [ 16.3515558, 48.1988997 ], [ 16.3514942, 48.1988758 ], [ 16.3514033, 48.1988405 ], [ 16.3511094, 48.1987192 ], [ 16.3507051, 48.1985505 ], [ 16.3503665, 48.1984072 ], [ 16.3502847, 48.1983736 ], [ 16.3502227, 48.1983491 ], [ 16.350123, 48.1983097 ], [ 16.3500539, 48.1982826 ], [ 16.349033, 48.1979291 ], [ 16.3485832, 48.1977719 ], [ 16.3481979, 48.1976531 ], [ 16.3481134, 48.1976286 ], [ 16.347702, 48.1975026 ], [ 16.3475074, 48.1974497 ], [ 16.3473704, 48.1974157 ], [ 16.3473121, 48.1974021 ], [ 16.3471366, 48.197361 ], [ 16.3466884, 48.19726 ], [ 16.3460469, 48.1971177 ], [ 16.3459705, 48.1971007 ], [ 16.3456276, 48.1970179 ], [ 16.3453088, 48.1969504 ], [ 16.3448753, 48.1968586 ], [ 16.344397, 48.1967572 ], [ 16.344301, 48.1967369 ], [ 16.3440162, 48.1966848 ], [ 16.3424959, 48.1964253 ], [ 16.3423127, 48.1963933 ], [ 16.3421372, 48.1963627 ], [ 16.3419519, 48.1963319 ], [ 16.3417675, 48.1962985 ], [ 16.3412571, 48.1962019 ], [ 16.3403909, 48.1960365 ], [ 16.3400818, 48.1959749 ], [ 16.3400547, 48.1959719 ], [ 16.3398359, 48.1959583 ], [ 16.3396803, 48.1959568 ], [ 16.339581, 48.1959508 ], [ 16.339478, 48.1959398 ], [ 16.3394071, 48.1959238 ], [ 16.339342, 48.1959071 ], [ 16.3392863, 48.1958902 ], [ 16.3392406, 48.1958746 ], [ 16.3391615, 48.1958469 ], [ 16.3392303, 48.19555 ], [ 16.3392629, 48.1954004 ], [ 16.339287, 48.1953208 ], [ 16.339316, 48.1952484 ], [ 16.3393908, 48.1951518 ], [ 16.3394005, 48.1950698 ], [ 16.3393956, 48.194962 ], [ 16.3393751, 48.1948574 ], [ 16.3393401, 48.1947568 ], [ 16.3392794, 48.1946341 ], [ 16.3390906, 48.1942966 ], [ 16.3391907, 48.194268 ], [ 16.3384075, 48.1928753 ], [ 16.3383888, 48.1928577 ], [ 16.3379918, 48.1920913 ], [ 16.3377896, 48.1918707 ], [ 16.3374884, 48.1913521 ], [ 16.3375077, 48.1913283 ], [ 16.337439, 48.1911018 ], [ 16.3374217, 48.1910155 ], [ 16.3374196, 48.1910001 ], [ 16.337414, 48.190872 ], [ 16.3373282, 48.1908655 ], [ 16.3373684, 48.1905829 ], [ 16.3373764, 48.1905835 ], [ 16.3375004, 48.190593 ], [ 16.3375751, 48.1904053 ], [ 16.3379923, 48.1894886 ], [ 16.3381778, 48.189018 ], [ 16.3381873, 48.188994 ], [ 16.3387236, 48.1886538 ], [ 16.3388863, 48.1885165 ], [ 16.3390566, 48.1883152 ], [ 16.3395744, 48.1883969 ], [ 16.3401255, 48.1884312 ], [ 16.3412337, 48.18844 ], [ 16.3417518, 48.1884673 ], [ 16.3419906, 48.1884907 ], [ 16.3421967, 48.1885038 ], [ 16.3423347, 48.1885125 ], [ 16.3423344, 48.1885145 ], [ 16.3434981, 48.1885884 ], [ 16.3437838, 48.1886066 ], [ 16.3440329, 48.1886224 ], [ 16.3446012, 48.1886632 ], [ 16.3447292, 48.1886706 ], [ 16.3448535, 48.1886777 ], [ 16.3454084, 48.1887271 ], [ 16.3483776, 48.1892042 ], [ 16.348541, 48.1892332 ], [ 16.3488562, 48.189289 ], [ 16.3510088, 48.1896737 ], [ 16.3513343, 48.1897558 ], [ 16.3516004, 48.189839 ], [ 16.3517935, 48.1899098 ], [ 16.3519577, 48.1899818 ], [ 16.3520883, 48.1900481 ], [ 16.3522181, 48.1901183 ], [ 16.3524244, 48.1902457 ], [ 16.3526091, 48.1903726 ], [ 16.352786, 48.1905136 ], [ 16.3530265, 48.1907148 ], [ 16.3531783, 48.1908526 ] ] ] } },
{ "type": "Feature", "properties": { "osm_id": 1990597, "ref": 7, "name": "Neubau", "name:de": "Neubau", "population": 28823.0, "area_km2": 1.608 }, "geometry": { "type": "Polygon", "coordinates": [ [ [ 16.3370141, 48.2041934 ], [ 16.3371361, 48.2027519 ], [ 16.3371632, 48.2026746 ], [ 16.3371784, 48.2025063 ], [ 16.3371426, 48.2025048 ], [ 16.3371581, 48.2023071 ], [ 16.3371741, 48.2022202 ], [ 16.3372315, 48.2018366 ], [ 16.3375945, 48.2006104 ], [ 16.3379228, 48.1997437 ], [ 16.3379393, 48.1997449 ], [ 16.3379795, 48.1996398 ], [ 16.33796, 48.1996247 ], [ 16.3380108, 48.1995034 ], [ 16.3385436, 48.1981056 ], [ 16.3385744, 48.1980138 ], [ 16.3385765, 48.1977849 ], [ 16.3385929, 48.1976788 ], [ 16.3386513, 48.1974912 ], [ 16.3387154, 48.1973256 ], [ 16.3387895, 48.1971961 ], [ 16.3389936, 48.1966553 ], [ 16.3390166, 48.1965884 ], [ 16.3390252, 48.1964866 ], [ 16.3390389, 48.1964269 ], [ 16.3392406, 48.1958746 ], [ 16.3392863, 48.1958902 ], [ 16.339342, 48.1959071 ], [ 16.3394071, 48.1959238 ], [ 16.339478, 48.1959398 ], [ 16.339581, 48.1959508 ], [ 16.3396803, 48.1959568 ], [ 16.3398359, 48.1959583 ], [ 16.3400547, 48.1959719 ], [ 16.3400818, 48.1959749 ], [ 16.3403909, 48.1960365 ], [ 16.3412571, 48.1962019 ], [ 16.3417675, 48.1962985 ], [ 16.3419519, 48.1963319 ], [ 16.3421372, 48.1963627 ], [ 16.3423127, 48.1963933 ], [ 16.3424959, 48.1964253 ], [ 16.3440162, 48.1966848 ], [ 16.344301, 48.1967369 ], [ 16.344397, 48.1967572 ], [ 16.3448753, 48.1968586 ], [ 16.3453088, 48.1969504 ], [ 16.3456276, 48.1970179 ], [ 16.3459705, 48.1971007 ], [ 16.3460469, 48.1971177 ], [ 16.3466884, 48.19726 ], [ 16.3471366, 48.197361 ], [ 16.3473121, 48.1974021 ], [ 16.3473704, 48.1974157 ], [ 16.3475074, 48.1974497 ], [ 16.347702, 48.1975026 ], [ 16.3481134, 48.1976286 ], [ 16.3481979, 48.1976531 ], [ 16.3485832, 48.1977719 ], [ 16.349033, 48.1979291 ], [ 16.3500539, 48.1982826 ], [ 16.350123, 48.1983097 ], [ 16.3502227, 48.1983491 ], [ 16.3502847, 48.1983736 ], [ 16.3503665, 48.1984072 ], [ 16.3507051, 48.1985505 ], [ 16.3511094, 48.1987192 ], [ 16.3514033, 48.1988405 ], [ 16.3514942, 48.1988758 ], [ 16.3515558, 48.1988997 ], [ 16.3525897, 48.1992736 ], [ 16.3529406, 48.1994093 ], [ 16.3530113, 48.1994345 ], [ 16.3530975, 48.1994652 ], [ 16.3535929, 48.1996419 ], [ 16.3538614, 48.1997219 ], [ 16.3542499, 48.1998367 ], [ 16.3545445, 48.199924 ], [ 16.3546283, 48.1999488 ], [ 16.3547037, 48.1999721 ], [ 16.3550855, 48.2000901 ], [ 16.3556095, 48.2002519 ], [ 16.3557699, 48.2002912 ], [ 16.3559068, 48.2003248 ], [ 16.3569095, 48.2005605 ], [ 16.3570428, 48.200592 ], [ 16.3582771, 48.200884 ], [ 16.3585533, 48.2009401 ], [ 16.3586041, 48.2009504 ], [ 16.3586442, 48.2009586 ], [ 16.3592263, 48.2010867 ], [ 16.3595273, 48.2011925 ], [ 16.3598122, 48.2013111 ], [ 16.3600868, 48.2014551 ], [ 16.360345, 48.2016254 ], [ 16.3604589, 48.2017207 ], [ 16.3605076, 48.2017614 ], [ 16.3607487, 48.201963 ], [ 16.3611978, 48.202371 ], [ 16.3612594, 48.2024269 ], [ 16.3613234, 48.2024842 ], [ 16.3613644, 48.2025208 ], [ 16.361474, 48.2026047 ], [ 16.3615158, 48.2026325 ], [ 16.3615382, 48.2026474 ], [ 16.361237, 48.2028723 ], [ 16.3611256, 48.2029555 ], [ 16.3611211, 48.2029589 ], [ 16.3579802, 48.205322 ], [ 16.35784, 48.2054269 ], [ 16.3576937, 48.2055365 ], [ 16.3575481, 48.2056454 ], [ 16.3573321, 48.2058124 ], [ 16.3558875, 48.2069081 ], [ 16.3557105, 48.2068845 ], [ 16.3551296, 48.2068071 ], [ 16.3544196, 48.2067079 ], [ 16.3540736, 48.2066649 ], [ 16.3539315, 48.2066472 ], [ 16.3530738, 48.2065221 ], [ 16.353042, 48.2065172 ], [ 16.3520633, 48.2063824 ], [ 16.3515929, 48.206322 ], [ 16.3514408, 48.2063184 ], [ 16.3512909, 48.2063232 ], [ 16.350804, 48.2063433 ], [ 16.3499751, 48.2063774 ], [ 16.3497007, 48.20639 ], [ 16.3496867, 48.2063908 ], [ 16.3494456, 48.2064049 ], [ 16.3493514, 48.2064152 ], [ 16.349266, 48.2064243 ], [ 16.3490018, 48.2064583 ], [ 16.3489273, 48.206471 ], [ 16.3478595, 48.2066463 ], [ 16.3456095, 48.2071121 ], [ 16.3452065, 48.2071941 ], [ 16.344842, 48.2072743 ], [ 16.3441955, 48.2074059 ], [ 16.3440217, 48.2074409 ], [ 16.3438752, 48.20747 ], [ 16.3435406, 48.2075366 ], [ 16.3434482, 48.207556 ], [ 16.3433517, 48.2075765 ], [ 16.3430227, 48.2076463 ], [ 16.3430014, 48.2076507 ], [ 16.3426225, 48.2077299 ], [ 16.3425313, 48.2077489 ], [ 16.3421754, 48.2078263 ], [ 16.3416718, 48.2079297 ], [ 16.3414049, 48.2079864 ], [ 16.3394672, 48.2083895 ], [ 16.3394293, 48.2083975 ], [ 16.3393328, 48.2084168 ], [ 16.339313, 48.208421 ], [ 16.339293, 48.2084251 ], [ 16.339216, 48.2084409 ], [ 16.3391389, 48.2084566 ], [ 16.3388673, 48.2085127 ], [ 16.3386115, 48.2085539 ], [ 16.3384515, 48.2085779 ], [ 16.3383516, 48.2084352 ], [ 16.3383398, 48.2084173 ], [ 16.3382709, 48.2084376 ], [ 16.3380447, 48.2080869 ], [ 16.3380695, 48.2080798 ], [ 16.3374938, 48.2071917 ], [ 16.3374349, 48.2071006 ], [ 16.3374768, 48.2070885 ], [ 16.3370173, 48.2063251 ], [ 16.3368956, 48.2058519 ], [ 16.3369052, 48.205488 ], [ 16.3370141, 48.2041934 ] ] ] } },
{ "type": "Feature", "properties": { "osm_id": 1990593, "ref": 8, "name": "Josefstadt", "name:de": "Josefstadt", "population": 23389.0, "area_km2": 1.09 }, "geometry": { "type": "Polygon", "coordinates": [ [ [ 16.3408703, 48.2151672 ], [ 16.3433909, 48.2152357 ], [ 16.3440565, 48.2152535 ], [ 16.3454822, 48.2152992 ], [ 16.345681, 48.2153196 ], [ 16.3460314, 48.2153636 ], [ 16.346172, 48.2153624 ], [ 16.3463176, 48.2153545 ], [ 16.3468029, 48.215325 ], [ 16.3478885, 48.2152562 ], [ 16.3480388, 48.2152464 ], [ 16.3488328, 48.2151881 ], [ 16.3491487, 48.2151523 ], [ 16.3498296, 48.2150847 ], [ 16.3502281, 48.2150439 ], [ 16.3505833, 48.2150152 ], [ 16.350993, 48.2149686 ], [ 16.3518183, 48.2149237 ], [ 16.3524862, 48.2148801 ], [ 16.3534121, 48.2148175 ], [ 16.3539447, 48.2147892 ], [ 16.3542231, 48.2147857 ], [ 16.3547355, 48.2147689 ], [ 16.3555032, 48.2147497 ], [ 16.3557842, 48.2147405 ], [ 16.3558184, 48.2147394 ], [ 16.3558154, 48.2146161 ], [ 16.3565102, 48.2143408 ], [ 16.3564918, 48.2142595 ], [ 16.3564369, 48.2140168 ], [ 16.3559345, 48.2118672 ], [ 16.355548, 48.2101538 ], [ 16.3553642, 48.2093891 ], [ 16.355351, 48.2091009 ], [ 16.355211, 48.2086487 ], [ 16.3552089, 48.2085326 ], [ 16.3554428, 48.207841 ], [ 16.3554887, 48.207516 ], [ 16.3556177, 48.2072247 ], [ 16.3557328, 48.2070556 ], [ 16.3558875, 48.2069081 ], [ 16.3557105, 48.2068845 ], [ 16.3551296, 48.2068071 ], [ 16.3544196, 48.2067079 ], [ 16.3540736, 48.2066649 ], [ 16.3539315, 48.2066472 ], [ 16.3530738, 48.2065221 ], [ 16.353042, 48.2065172 ], [ 16.3520633, 48.2063824 ], [ 16.3515929, 48.206322 ], [ 16.3514408, 48.2063184 ], [ 16.3512909, 48.2063232 ], [ 16.350804, 48.2063433 ], [ 16.3499751, 48.2063774 ], [ 16.3497007, 48.20639 ], [ 16.3496867, 48.2063908 ], [ 16.3494456, 48.2064049 ], [ 16.3493514, 48.2064152 ], [ 16.349266, 48.2064243 ], [ 16.3490018, 48.2064583 ], [ 16.3489273, 48.206471 ], [ 16.3478595, 48.2066463 ], [ 16.3456095, 48.2071121 ], [ 16.3452065, 48.2071941 ], [ 16.344842, 48.2072743 ], [ 16.3441955, 48.2074059 ], [ 16.3440217, 48.2074409 ], [ 16.3438752, 48.20747 ], [ 16.3435406, 48.2075366 ], [ 16.3434482, 48.207556 ], [ 16.3433517, 48.2075765 ], [ 16.3430227, 48.2076463 ], [ 16.3430014, 48.2076507 ], [ 16.3426225, 48.2077299 ], [ 16.3425313, 48.2077489 ], [ 16.3421754, 48.2078263 ], [ 16.3416718, 48.2079297 ], [ 16.3414049, 48.2079864 ], [ 16.3394672, 48.2083895 ], [ 16.3394293, 48.2083975 ], [ 16.3393328, 48.2084168 ], [ 16.339313, 48.208421 ], [ 16.339293, 48.2084251 ], [ 16.339216, 48.2084409 ], [ 16.3391389, 48.2084566 ], [ 16.3388673, 48.2085127 ], [ 16.3386115, 48.2085539 ], [ 16.3384515, 48.2085779 ], [ 16.3385073, 48.2086701 ], [ 16.3385249, 48.2086966 ], [ 16.3385368, 48.2087255 ], [ 16.3385738, 48.2087771 ], [ 16.3386244, 48.2088633 ], [ 16.3386732, 48.2089571 ], [ 16.3387162, 48.2090506 ], [ 16.3387518, 48.2091413 ], [ 16.3387831, 48.209234 ], [ 16.338811, 48.20933 ], [ 16.3388333, 48.2094276 ], [ 16.3388503, 48.2095197 ], [ 16.3388635, 48.20962 ], [ 16.3388824, 48.2097873 ], [ 16.3388949, 48.2099275 ], [ 16.3389644, 48.2104196 ], [ 16.3389954, 48.2106618 ], [ 16.3390162, 48.2108144 ], [ 16.339034, 48.2109494 ], [ 16.3390469, 48.2110421 ], [ 16.3390496, 48.211201 ], [ 16.3390176, 48.2112037 ], [ 16.3390303, 48.2112975 ], [ 16.3389712, 48.211301 ], [ 16.33898, 48.2113672 ], [ 16.3389891, 48.2113667 ], [ 16.3390031, 48.2114803 ], [ 16.3390171, 48.2115934 ], [ 16.3390119, 48.2115938 ], [ 16.3390214, 48.2116553 ], [ 16.3390836, 48.2116511 ], [ 16.3391513, 48.2119625 ], [ 16.3391957, 48.2119567 ], [ 16.3392349, 48.2120937 ], [ 16.339245, 48.2121214 ], [ 16.3392509, 48.2121448 ], [ 16.3392972, 48.2122485 ], [ 16.3393097, 48.2122754 ], [ 16.3393635, 48.2123958 ], [ 16.3397564, 48.2131225 ], [ 16.3398534, 48.2133039 ], [ 16.3402148, 48.2139626 ], [ 16.3402594, 48.2140439 ], [ 16.3403517, 48.2142172 ], [ 16.3406275, 48.2147223 ], [ 16.3407731, 48.2149888 ], [ 16.3408087, 48.2150542 ], [ 16.3408257, 48.2150854 ], [ 16.3408703, 48.2151672 ] ] ] } },
{ "type": "Feature", "properties": { "osm_id": 1990590, "ref": 9, "name": "Alsergrund", "name:de": "Alsergrund", "population": 39322.0, "area_km2": 2.967 }, "geometry": { "type": "Polygon", "coordinates": [ [ [ 16.3537656, 48.231992 ], [ 16.3540656, 48.2321821 ], [ 16.3541634, 48.232112 ], [ 16.3544493, 48.231907 ], [ 16.3548015, 48.2320607 ], [ 16.3551343, 48.2322775 ], [ 16.3554111, 48.2325252 ], [ 16.355489, 48.2326175 ], [ 16.3555653, 48.232731 ], [ 16.3558358, 48.2331589 ], [ 16.3559313, 48.2333514 ], [ 16.3560088, 48.2335559 ], [ 16.3564436, 48.2351501 ], [ 16.3564519, 48.2351807 ], [ 16.3566535, 48.2359198 ], [ 16.3567424, 48.2361248 ], [ 16.3567669, 48.2361278 ], [ 16.3572299, 48.236171 ], [ 16.359617, 48.236246 ], [ 16.3608583, 48.236285 ], [ 16.3616214, 48.236309 ], [ 16.3614574, 48.235803 ], [ 16.3613202, 48.2352726 ], [ 16.3612733, 48.2350613 ], [ 16.3611323, 48.234203 ], [ 16.3611187, 48.2336236 ], [ 16.3611488, 48.233261 ], [ 16.3612793, 48.2328248 ], [ 16.3614847, 48.2322622 ], [ 16.362297, 48.2306827 ], [ 16.3630665, 48.2292533 ], [ 16.363503, 48.2286726 ], [ 16.3642205, 48.2279506 ], [ 16.3654448, 48.2270364 ], [ 16.3654962, 48.2270339 ], [ 16.3664359, 48.2263566 ], [ 16.3666708, 48.2261671 ], [ 16.3668281, 48.226012 ], [ 16.3669682, 48.2258354 ], [ 16.3671536, 48.2255885 ], [ 16.3673217, 48.2253386 ], [ 16.3674575, 48.2251075 ], [ 16.3675889, 48.2248433 ], [ 16.3677014, 48.2245416 ], [ 16.3678088, 48.224167 ], [ 16.3678892, 48.2236976 ], [ 16.3678804, 48.2225512 ], [ 16.3679638, 48.2215549 ], [ 16.3681553, 48.2206543 ], [ 16.3681785, 48.2205879 ], [ 16.368354, 48.2200858 ], [ 16.3685722, 48.2197903 ], [ 16.3691878, 48.2191461 ], [ 16.3696756, 48.2187986 ], [ 16.3697005, 48.2187537 ], [ 16.370149, 48.2184891 ], [ 16.370089, 48.2184449 ], [ 16.3700421, 48.2184108 ], [ 16.3694303, 48.2179656 ], [ 16.3694285, 48.2179574 ], [ 16.3691466, 48.2178233 ], [ 16.3689058, 48.2177128 ], [ 16.3686641, 48.2176019 ], [ 16.3684066, 48.2174837 ], [ 16.3681243, 48.2173541 ], [ 16.3677095, 48.2171601 ], [ 16.3674136, 48.217026 ], [ 16.3662822, 48.2165039 ], [ 16.3651337, 48.2159825 ], [ 16.3651302, 48.2159751 ], [ 16.3646881, 48.2157764 ], [ 16.3646874, 48.2157676 ], [ 16.364266, 48.2155772 ], [ 16.363082, 48.2150325 ], [ 16.3627408, 48.2148755 ], [ 16.3624812, 48.2147561 ], [ 16.3609817, 48.2140662 ], [ 16.3604177, 48.213814 ], [ 16.3599959, 48.2138687 ], [ 16.3599984, 48.2138792 ], [ 16.3598096, 48.2139045 ], [ 16.3598015, 48.2138752 ], [ 16.3596116, 48.2138972 ], [ 16.3596131, 48.2139056 ], [ 16.3596097, 48.2139061 ], [ 16.35948, 48.213926 ], [ 16.3568662, 48.214294 ], [ 16.3565102, 48.2143408 ], [ 16.3558154, 48.2146161 ], [ 16.3558184, 48.2147394 ], [ 16.3557842, 48.2147405 ], [ 16.3555032, 48.2147497 ], [ 16.3547355, 48.2147689 ], [ 16.3542231, 48.2147857 ], [ 16.3539447, 48.2147892 ], [ 16.3534121, 48.2148175 ], [ 16.3524862, 48.2148801 ], [ 16.3518183, 48.2149237 ], [ 16.350993, 48.2149686 ], [ 16.3505833, 48.2150152 ], [ 16.3502281, 48.2150439 ], [ 16.3498296, 48.2150847 ], [ 16.3491487, 48.2151523 ], [ 16.3488328, 48.2151881 ], [ 16.3480388, 48.2152464 ], [ 16.3478885, 48.2152562 ], [ 16.3468029, 48.215325 ], [ 16.3463176, 48.2153545 ], [ 16.346172, 48.2153624 ], [ 16.3460314, 48.2153636 ], [ 16.345681, 48.2153196 ], [ 16.3454822, 48.2152992 ], [ 16.3440565, 48.2152535 ], [ 16.3433909, 48.2152357 ], [ 16.3408703, 48.2151672 ], [ 16.3409357, 48.2152918 ], [ 16.3412026, 48.2157703 ], [ 16.3412458, 48.2158543 ], [ 16.3414721, 48.2162683 ], [ 16.3415085, 48.2163349 ], [ 16.3415294, 48.216373 ], [ 16.3415867, 48.2164779 ], [ 16.3415958, 48.2164945 ], [ 16.3415865, 48.2164966 ], [ 16.3415823, 48.2164976 ], [ 16.3415404, 48.2165076 ], [ 16.3415563, 48.2165373 ], [ 16.3415577, 48.2165399 ], [ 16.3416022, 48.2166236 ], [ 16.3416037, 48.2166264 ], [ 16.341553, 48.216638 ], [ 16.3415681, 48.2166664 ], [ 16.3415693, 48.2166687 ], [ 16.341649, 48.2168178 ], [ 16.3416641, 48.216846 ], [ 16.3416788, 48.2168729 ], [ 16.3417586, 48.2170185 ], [ 16.3417738, 48.2170469 ], [ 16.3418242, 48.217035 ], [ 16.3418255, 48.2170374 ], [ 16.3418648, 48.2171084 ], [ 16.3418696, 48.2171167 ], [ 16.3418711, 48.2171192 ], [ 16.3418868, 48.217149 ], [ 16.3419295, 48.2171389 ], [ 16.3419883, 48.2172473 ], [ 16.342053, 48.2173526 ], [ 16.3420426, 48.217355 ], [ 16.3420457, 48.2173674 ], [ 16.3420526, 48.2173822 ], [ 16.3420618, 48.2173874 ], [ 16.3420857, 48.2173864 ], [ 16.3423517, 48.2178891 ], [ 16.3425059, 48.2182595 ], [ 16.3425937, 48.2184792 ], [ 16.3425699, 48.2184844 ], [ 16.3425769, 48.2185014 ], [ 16.3423186, 48.2185473 ], [ 16.3423566, 48.2186406 ], [ 16.3428218, 48.2197828 ], [ 16.3429724, 48.2201452 ], [ 16.3430059, 48.2202277 ], [ 16.3433881, 48.2211786 ], [ 16.3435744, 48.2216646 ], [ 16.3436448, 48.221718 ], [ 16.3436292, 48.2217272 ], [ 16.3438853, 48.2219215 ], [ 16.3438993, 48.2219133 ], [ 16.3439681, 48.2219656 ], [ 16.3449255, 48.2222063 ], [ 16.3470699, 48.2227745 ], [ 16.347094, 48.2227768 ], [ 16.3471196, 48.2227766 ], [ 16.3471416, 48.222773 ], [ 16.347161, 48.2227684 ], [ 16.3471792, 48.2227632 ], [ 16.3471968, 48.2227549 ], [ 16.3472086, 48.2227465 ], [ 16.3472199, 48.2227368 ], [ 16.3472303, 48.2227251 ], [ 16.347265, 48.2226678 ], [ 16.3472949, 48.2226714 ], [ 16.3474781, 48.2227203 ], [ 16.3476425, 48.2227687 ], [ 16.3477611, 48.2228076 ], [ 16.3478441, 48.2228384 ], [ 16.3479558, 48.2228832 ], [ 16.3480921, 48.2229489 ], [ 16.3482073, 48.2230098 ], [ 16.3483161, 48.2230766 ], [ 16.3483923, 48.2231292 ], [ 16.3485294, 48.223231 ], [ 16.3486033, 48.2232955 ], [ 16.3486514, 48.2233377 ], [ 16.3487612, 48.223446 ], [ 16.3488534, 48.2235522 ], [ 16.3489473, 48.2236991 ], [ 16.349097, 48.2240114 ], [ 16.3491938, 48.224462 ], [ 16.3491685, 48.2244645 ], [ 16.3491742, 48.2244985 ], [ 16.3492013, 48.2244968 ], [ 16.3492299, 48.224657 ], [ 16.3492077, 48.2246594 ], [ 16.3492153, 48.2246913 ], [ 16.3492372, 48.224689 ], [ 16.3493034, 48.2250036 ], [ 16.3492835, 48.225006 ], [ 16.3492919, 48.2250384 ], [ 16.3493123, 48.225036 ], [ 16.3493508, 48.2252074 ], [ 16.3493456, 48.2252079 ], [ 16.349345, 48.2252048 ], [ 16.3492968, 48.2252097 ], [ 16.3493035, 48.2252438 ], [ 16.3493091, 48.2252433 ], [ 16.3493462, 48.2254151 ], [ 16.3492891, 48.2254203 ], [ 16.3492957, 48.2254528 ], [ 16.3492997, 48.2254524 ], [ 16.349319, 48.225542 ], [ 16.3493246, 48.2255681 ], [ 16.3493326, 48.2256053 ], [ 16.3493407, 48.2256426 ], [ 16.3493652, 48.2257564 ], [ 16.3493621, 48.2257565 ], [ 16.3493686, 48.2257884 ], [ 16.3494289, 48.2257834 ], [ 16.3494654, 48.2259532 ], [ 16.3494617, 48.2259534 ], [ 16.3494687, 48.2259875 ], [ 16.3495108, 48.2259836 ], [ 16.3495131, 48.2259947 ], [ 16.3495409, 48.2261299 ], [ 16.3495479, 48.2261653 ], [ 16.3495734, 48.2261623 ], [ 16.3497546, 48.2270438 ], [ 16.3497865, 48.2271826 ], [ 16.3500218, 48.2282066 ], [ 16.3500537, 48.2283455 ], [ 16.3500492, 48.2283478 ], [ 16.3500545, 48.2283692 ], [ 16.3500589, 48.228371 ], [ 16.3500765, 48.2284286 ], [ 16.3500736, 48.2284316 ], [ 16.350077, 48.2284468 ], [ 16.3500812, 48.2284491 ], [ 16.3500948, 48.2285039 ], [ 16.3500908, 48.2285073 ], [ 16.3500939, 48.2285239 ], [ 16.3500995, 48.2285262 ], [ 16.3501134, 48.2285811 ], [ 16.3501097, 48.2285847 ], [ 16.3501149, 48.2286111 ], [ 16.3501205, 48.2286136 ], [ 16.3501324, 48.2286707 ], [ 16.3501286, 48.2286738 ], [ 16.3501312, 48.228688 ], [ 16.3501361, 48.2286915 ], [ 16.3501487, 48.2287461 ], [ 16.3501453, 48.2287497 ], [ 16.3501488, 48.2287666 ], [ 16.3501539, 48.2287689 ], [ 16.3501654, 48.228823 ], [ 16.3501614, 48.2288262 ], [ 16.350167, 48.2288489 ], [ 16.3501719, 48.2288513 ], [ 16.3501849, 48.2289109 ], [ 16.3501809, 48.2289137 ], [ 16.3501841, 48.2289302 ], [ 16.3501897, 48.2289326 ], [ 16.3502026, 48.2289856 ], [ 16.3501991, 48.228989 ], [ 16.3502014, 48.2290042 ], [ 16.350207, 48.2290069 ], [ 16.3502208, 48.2290636 ], [ 16.3502166, 48.2290687 ], [ 16.35022, 48.2290877 ], [ 16.3502258, 48.2290905 ], [ 16.3502529, 48.2292267 ], [ 16.3502493, 48.2292294 ], [ 16.3502543, 48.2292505 ], [ 16.3502599, 48.2292522 ], [ 16.3502723, 48.2293053 ], [ 16.3502682, 48.2293087 ], [ 16.350271, 48.2293246 ], [ 16.350277, 48.2293268 ], [ 16.3502884, 48.2293774 ], [ 16.3502841, 48.2293804 ], [ 16.3502881, 48.2293983 ], [ 16.3502943, 48.2294003 ], [ 16.3503054, 48.229451 ], [ 16.3502989, 48.2294549 ], [ 16.3503024, 48.2294725 ], [ 16.35031, 48.2294741 ], [ 16.3503223, 48.2295273 ], [ 16.3503178, 48.2295301 ], [ 16.3503202, 48.229543 ], [ 16.3503258, 48.2295452 ], [ 16.350338, 48.2295976 ], [ 16.3503341, 48.2296005 ], [ 16.3503373, 48.2296151 ], [ 16.3503421, 48.2296175 ], [ 16.350353, 48.2296696 ], [ 16.3503482, 48.2296728 ], [ 16.3503519, 48.2296881 ], [ 16.3503585, 48.2296899 ], [ 16.3503706, 48.2297364 ], [ 16.3503655, 48.2297394 ], [ 16.3503688, 48.2297553 ], [ 16.3503758, 48.2297578 ], [ 16.3503772, 48.2297626 ], [ 16.3504115, 48.229904 ], [ 16.3504083, 48.2299084 ], [ 16.3504132, 48.2299225 ], [ 16.3504219, 48.2299248 ], [ 16.3504429, 48.2299733 ], [ 16.3504382, 48.2299775 ], [ 16.3504433, 48.229993 ], [ 16.3504507, 48.2299946 ], [ 16.3504712, 48.2300399 ], [ 16.350467, 48.2300444 ], [ 16.3504723, 48.2300572 ], [ 16.3504794, 48.2300591 ], [ 16.3505016, 48.2301057 ], [ 16.3504985, 48.2301105 ], [ 16.3505102, 48.2301319 ], [ 16.3505173, 48.2301329 ], [ 16.3505443, 48.2301773 ], [ 16.3505417, 48.2301823 ], [ 16.3505501, 48.2301957 ], [ 16.3505571, 48.2301974 ], [ 16.3505843, 48.2302392 ], [ 16.3505801, 48.2302448 ], [ 16.3505896, 48.2302615 ], [ 16.350597, 48.2302633 ], [ 16.3506335, 48.2303113 ], [ 16.3506307, 48.2303165 ], [ 16.3506415, 48.2303317 ], [ 16.3506489, 48.2303326 ], [ 16.3506803, 48.2303721 ], [ 16.3506772, 48.230377 ], [ 16.3506879, 48.2303915 ], [ 16.3506952, 48.230392 ], [ 16.3507327, 48.2304381 ], [ 16.3507285, 48.2304433 ], [ 16.3507387, 48.2304559 ], [ 16.3507462, 48.2304563 ], [ 16.3507497, 48.23046 ], [ 16.3508694, 48.2305728 ], [ 16.3508731, 48.2305767 ], [ 16.3508713, 48.2305813 ], [ 16.3508885, 48.2305966 ], [ 16.3508946, 48.230597 ], [ 16.3509386, 48.2306334 ], [ 16.3509366, 48.2306374 ], [ 16.3509521, 48.2306505 ], [ 16.3509582, 48.2306503 ], [ 16.3510061, 48.2306887 ], [ 16.3510037, 48.2306945 ], [ 16.3510263, 48.2307097 ], [ 16.3512323, 48.2308445 ], [ 16.3512315, 48.2308496 ], [ 16.3512584, 48.2308653 ], [ 16.3512656, 48.2308642 ], [ 16.3513241, 48.2308987 ], [ 16.3513225, 48.2309027 ], [ 16.3513443, 48.2309152 ], [ 16.3513502, 48.230914 ], [ 16.3514112, 48.2309462 ], [ 16.3514107, 48.2309512 ], [ 16.3514334, 48.2309626 ], [ 16.3514411, 48.2309614 ], [ 16.3515066, 48.2309914 ], [ 16.3515067, 48.2309964 ], [ 16.351527, 48.2310071 ], [ 16.3515328, 48.2310053 ], [ 16.3515953, 48.2310333 ], [ 16.3515951, 48.2310376 ], [ 16.3516184, 48.2310483 ], [ 16.3516255, 48.231046 ], [ 16.3516896, 48.231075 ], [ 16.3516831, 48.2310909 ], [ 16.3517094, 48.2311015 ], [ 16.351727, 48.2310948 ], [ 16.351788, 48.2311202 ], [ 16.3517858, 48.2311318 ], [ 16.3518117, 48.2311411 ], [ 16.3518211, 48.2311344 ], [ 16.3518967, 48.2311658 ], [ 16.35187, 48.2311955 ], [ 16.3518997, 48.2312073 ], [ 16.3519038, 48.2312028 ], [ 16.3521507, 48.2313007 ], [ 16.3521206, 48.2313335 ], [ 16.3521638, 48.2313507 ], [ 16.3521665, 48.2313482 ], [ 16.3523645, 48.2314276 ], [ 16.3525608, 48.2315038 ], [ 16.3525582, 48.2315066 ], [ 16.3526035, 48.2315247 ], [ 16.3526349, 48.2314898 ], [ 16.3527024, 48.2315169 ], [ 16.3526883, 48.2315326 ], [ 16.3527996, 48.2315761 ], [ 16.3528098, 48.2315647 ], [ 16.3528777, 48.2315904 ], [ 16.3529112, 48.2316041 ], [ 16.3529413, 48.2315714 ], [ 16.3530509, 48.2316178 ], [ 16.3532266, 48.2317004 ], [ 16.3535598, 48.2318767 ], [ 16.3537656, 48.231992 ] ] ] } },
{ "type": "Feature", "properties": { "osm_id": 1991436, "ref": 10, "name": "Favoriten", "name:de": null, "population": 189543.0, "area_km2": 31.822 }, "geometry": { "type": "Polygon", "coordinates": [ [ [ 16.3771178, 48.1475247 ], [ 16.3770646, 48.1474193 ], [ 16.3770177, 48.1473289 ], [ 16.3770042, 48.1473033 ], [ 16.3757599, 48.1446893 ], [ 16.3756843, 48.1445513 ], [ 16.374245, 48.1422088 ], [ 16.3741737, 48.1420851 ], [ 16.3738986, 48.1421214 ], [ 16.3734197, 48.1422046 ], [ 16.3730723, 48.1422981 ], [ 16.3727711, 48.1423977 ], [ 16.3725086, 48.1424994 ], [ 16.3724175, 48.1425412 ], [ 16.3724188, 48.1425492 ], [ 16.3713492, 48.143101 ], [ 16.3712544, 48.1428792 ], [ 16.3711219, 48.1425695 ], [ 16.3710292, 48.1422832 ], [ 16.3709249, 48.141961 ], [ 16.3717479, 48.1418044 ], [ 16.3719259, 48.1417745 ], [ 16.3712598, 48.1406013 ], [ 16.3700884, 48.1385939 ], [ 16.3703219, 48.1385626 ], [ 16.3705205, 48.1385413 ], [ 16.3707639, 48.1385327 ], [ 16.3705353, 48.1381247 ], [ 16.3701557, 48.1374728 ], [ 16.3694929, 48.1363513 ], [ 16.3691774, 48.1357664 ], [ 16.368959, 48.135708 ], [ 16.3687502, 48.1353154 ], [ 16.368469, 48.1348394 ], [ 16.3681318, 48.1343219 ], [ 16.3678156, 48.1335607 ], [ 16.367719, 48.1335764 ], [ 16.3668495, 48.1314353 ], [ 16.3665672, 48.1314856 ], [ 16.3656377, 48.1286732 ], [ 16.3659854, 48.1286363 ], [ 16.3658913, 48.1283994 ], [ 16.3669651, 48.1282533 ], [ 16.3675149, 48.1281658 ], [ 16.3675068, 48.127963 ], [ 16.3693074, 48.1276611 ], [ 16.370425, 48.1274926 ], [ 16.371572, 48.1272881 ], [ 16.3724957, 48.1272299 ], [ 16.3736194, 48.1271657 ], [ 16.3738207, 48.127158 ], [ 16.3763119, 48.1270629 ], [ 16.3781997, 48.1269061 ], [ 16.3793984, 48.126707 ], [ 16.3806141, 48.1265884 ], [ 16.3810119, 48.1265388 ], [ 16.3819181, 48.1264451 ], [ 16.3829747, 48.1263617 ], [ 16.3844807, 48.1261922 ], [ 16.385427, 48.1260088 ], [ 16.3867051, 48.1257026 ], [ 16.3876986, 48.1255006 ], [ 16.3883438, 48.1253693 ], [ 16.3906452, 48.1249032 ], [ 16.3910561, 48.1247219 ], [ 16.3910196, 48.1244957 ], [ 16.3919819, 48.1243146 ], [ 16.3938109, 48.1240229 ], [ 16.3944143, 48.1238918 ], [ 16.3953702, 48.1238102 ], [ 16.3957643, 48.1237786 ], [ 16.398193, 48.1233309 ], [ 16.4015503, 48.1226222 ], [ 16.4017352, 48.1225832 ], [ 16.4028004, 48.1223583 ], [ 16.4034401, 48.1222144 ], [ 16.4043253, 48.1220719 ], [ 16.4051139, 48.121984 ], [ 16.4051134, 48.1218101 ], [ 16.4048417, 48.1209341 ], [ 16.4054745, 48.1208279 ], [ 16.40615, 48.1206361 ], [ 16.4067518, 48.1204339 ], [ 16.4069459, 48.1203406 ], [ 16.40714, 48.120211 ], [ 16.4072759, 48.1200011 ], [ 16.4074894, 48.1196149 ], [ 16.408297, 48.1179069 ], [ 16.4105254, 48.1181583 ], [ 16.4128199, 48.1182387 ], [ 16.4123967, 48.1190966 ], [ 16.4117018, 48.1203613 ], [ 16.4166643, 48.1205177 ], [ 16.4205031, 48.1206387 ], [ 16.4215086, 48.1213436 ], [ 16.4221143, 48.121836 ], [ 16.4225504, 48.1225594 ], [ 16.4225647, 48.122585 ], [ 16.4227821, 48.1228494 ], [ 16.4229063, 48.1230645 ], [ 16.4245718, 48.1224425 ], [ 16.4255269, 48.1221522 ], [ 16.4282251, 48.121481 ], [ 16.4295424, 48.1212044 ], [ 16.4313989, 48.1209006 ], [ 16.4327366, 48.1207225 ], [ 16.433712, 48.1206262 ], [ 16.4340066, 48.120594 ], [ 16.4351342, 48.1204142 ], [ 16.4370202, 48.1199322 ], [ 16.4365371, 48.1208343 ], [ 16.4363004, 48.121284 ], [ 16.4355084, 48.1225176 ], [ 16.4345018, 48.124175 ], [ 16.4342766, 48.1247192 ], [ 16.4341408, 48.1255278 ], [ 16.4340295, 48.1273375 ], [ 16.4340566, 48.1276755 ], [ 16.4340763, 48.1284092 ], [ 16.4340917, 48.1293578 ], [ 16.4340779, 48.129844 ], [ 16.4340486, 48.1301145 ], [ 16.4339998, 48.1304252 ], [ 16.4339428, 48.1307495 ], [ 16.4339189, 48.13098 ], [ 16.4339049, 48.1310375 ], [ 16.4335612, 48.1309103 ], [ 16.4333217, 48.1309758 ], [ 16.4332619, 48.1311017 ], [ 16.4334043, 48.1313124 ], [ 16.4334837, 48.1314198 ], [ 16.433439, 48.1315569 ], [ 16.4331831, 48.1316153 ], [ 16.4328056, 48.1316081 ], [ 16.4328054, 48.1316706 ], [ 16.4327819, 48.1317107 ], [ 16.4327746, 48.1319838 ], [ 16.4327484, 48.1329574 ], [ 16.43313, 48.1378785 ], [ 16.4362198, 48.1379787 ], [ 16.4352864, 48.1393952 ], [ 16.4343191, 48.1408602 ], [ 16.4324254, 48.1437068 ], [ 16.4299548, 48.1473489 ], [ 16.4292109, 48.1479887 ], [ 16.4283377, 48.1487416 ], [ 16.4269768, 48.1499203 ], [ 16.4262474, 48.1505555 ], [ 16.4255358, 48.1511881 ], [ 16.4249305, 48.1517268 ], [ 16.4243548, 48.1522393 ], [ 16.4189853, 48.1568415 ], [ 16.4138396, 48.1612755 ], [ 16.4123274, 48.1626035 ], [ 16.4111584, 48.1636138 ], [ 16.410595, 48.1641026 ], [ 16.4084119, 48.1659963 ], [ 16.4074349, 48.1668459 ], [ 16.4073237, 48.1669364 ], [ 16.4070033, 48.167197 ], [ 16.4062943, 48.1677509 ], [ 16.405531, 48.1683331 ], [ 16.4052945, 48.1684957 ], [ 16.4043912, 48.1691032 ], [ 16.4033011, 48.1698403 ], [ 16.4024874, 48.1703905 ], [ 16.401173, 48.1713053 ], [ 16.3997996, 48.1722387 ], [ 16.3987499, 48.1729593 ], [ 16.3971554, 48.1740636 ], [ 16.3971845, 48.1743018 ], [ 16.3970787, 48.1743676 ], [ 16.3957599, 48.1751769 ], [ 16.3957891, 48.1753357 ], [ 16.3956834, 48.1753352 ], [ 16.3956497, 48.1753351 ], [ 16.3956146, 48.1753349 ], [ 16.3956033, 48.1753349 ], [ 16.3955029, 48.1753345 ], [ 16.3953028, 48.1754703 ], [ 16.3954056, 48.1754743 ], [ 16.3954614, 48.1754771 ], [ 16.3954617, 48.1755065 ], [ 16.3954544, 48.1755271 ], [ 16.3954219, 48.1755613 ], [ 16.3953607, 48.1756066 ], [ 16.3934026, 48.1768444 ], [ 16.3913189, 48.1783197 ], [ 16.3899587, 48.1793202 ], [ 16.3880557, 48.1808688 ], [ 16.3855063, 48.1829173 ], [ 16.3848759, 48.183591 ], [ 16.3847753, 48.1837312 ], [ 16.3844223, 48.1842948 ], [ 16.3842344, 48.1846103 ], [ 16.3841973, 48.1846595 ], [ 16.384154, 48.1847159 ], [ 16.3841035, 48.1847633 ], [ 16.3840408, 48.1848214 ], [ 16.3839317, 48.1849205 ], [ 16.3838108, 48.1850242 ], [ 16.3835128, 48.1852976 ], [ 16.3832612, 48.1854884 ], [ 16.3826864, 48.1860048 ], [ 16.3825203, 48.18612 ], [ 16.382301, 48.186286 ], [ 16.382111, 48.1864556 ], [ 16.3819114, 48.1866357 ], [ 16.3817647, 48.1867819 ], [ 16.3816719, 48.186878 ], [ 16.3816009, 48.1869675 ], [ 16.3815187, 48.1870835 ], [ 16.3814263, 48.1872441 ], [ 16.3811423, 48.1879111 ], [ 16.3811304, 48.1879395 ], [ 16.3810501, 48.1881307 ], [ 16.3810185, 48.188123 ], [ 16.3809988, 48.1881182 ], [ 16.3805488, 48.187981 ], [ 16.3795093, 48.1877175 ], [ 16.3789226, 48.1875168 ], [ 16.3775421, 48.1871016 ], [ 16.3771579, 48.1869816 ], [ 16.3765552, 48.1868441 ], [ 16.3762199, 48.1867488 ], [ 16.3751931, 48.1864259 ], [ 16.3741627, 48.1861065 ], [ 16.3739627, 48.186079 ], [ 16.3737394, 48.185977 ], [ 16.3736072, 48.1858105 ], [ 16.3735496, 48.1857361 ], [ 16.3735191, 48.1856582 ], [ 16.3735329, 48.1853883 ], [ 16.3735607, 48.1851384 ], [ 16.373344, 48.1850731 ], [ 16.3733331, 48.1850903 ], [ 16.3724201, 48.1847929 ], [ 16.3723462, 48.1848047 ], [ 16.3719576, 48.1847301 ], [ 16.3719319, 48.1847333 ], [ 16.3719175, 48.1847505 ], [ 16.3718984, 48.1847436 ], [ 16.3717161, 48.1847731 ], [ 16.3688339, 48.1838352 ], [ 16.3681611, 48.183616 ], [ 16.3670207, 48.1832444 ], [ 16.3663642, 48.183014 ], [ 16.3656408, 48.1827561 ], [ 16.3649689, 48.1825102 ], [ 16.3646969, 48.1824156 ], [ 16.3641112, 48.182203 ], [ 16.3635248, 48.1819888 ], [ 16.3624774, 48.1816619 ], [ 16.3620166, 48.1815092 ], [ 16.3619353, 48.181479 ], [ 16.3616392, 48.181356 ], [ 16.3613252, 48.1812223 ], [ 16.3609965, 48.181122 ], [ 16.3609109, 48.1810937 ], [ 16.360653, 48.181012 ], [ 16.3602909, 48.1808998 ], [ 16.3599242, 48.1807989 ], [ 16.3596862, 48.1807316 ], [ 16.3595021, 48.1806885 ], [ 16.3586192, 48.1804545 ], [ 16.3585905, 48.1804469 ], [ 16.3585523, 48.180437 ], [ 16.3585061, 48.1804246 ], [ 16.3584341, 48.1804055 ], [ 16.3579704, 48.180283 ], [ 16.3563725, 48.1798991 ], [ 16.3562085, 48.1798671 ], [ 16.3561345, 48.1798526 ], [ 16.3557569, 48.1797866 ], [ 16.3549758, 48.1797014 ], [ 16.3539006, 48.179584 ], [ 16.3538078, 48.1796193 ], [ 16.3521327, 48.1794534 ], [ 16.350787, 48.1793202 ], [ 16.3505363, 48.1793667 ], [ 16.3503255, 48.1793288 ], [ 16.349725, 48.1792208 ], [ 16.3487406, 48.1790076 ], [ 16.3480404, 48.1788681 ], [ 16.3476112, 48.1787726 ], [ 16.3472221, 48.178668 ], [ 16.3471021, 48.178618 ], [ 16.347125, 48.1785866 ], [ 16.346378, 48.1782092 ], [ 16.3460575, 48.1780712 ], [ 16.3456865, 48.1779528 ], [ 16.3453086, 48.1778014 ], [ 16.344431, 48.1773566 ], [ 16.3438801, 48.1770811 ], [ 16.3438725, 48.1770686 ], [ 16.3435147, 48.1769296 ], [ 16.3434494, 48.1769265 ], [ 16.3428472, 48.1767167 ], [ 16.3424956, 48.1766119 ], [ 16.3424767, 48.176634 ], [ 16.3423956, 48.1766183 ], [ 16.3421806, 48.176566 ], [ 16.3416042, 48.1764188 ], [ 16.3421141, 48.1752854 ], [ 16.3423286, 48.1753024 ], [ 16.3433876, 48.1753702 ], [ 16.3435967, 48.1749434 ], [ 16.3442952, 48.1749835 ], [ 16.3443841, 48.1742483 ], [ 16.3453377, 48.1742916 ], [ 16.3453518, 48.1741394 ], [ 16.3454687, 48.1739951 ], [ 16.3460737, 48.1742019 ], [ 16.3461245, 48.1741468 ], [ 16.3462899, 48.1739672 ], [ 16.346388, 48.173857 ], [ 16.3465301, 48.1736974 ], [ 16.3465638, 48.1736532 ], [ 16.3466773, 48.1735042 ], [ 16.3467704, 48.1733819 ], [ 16.3468537, 48.1732567 ], [ 16.3469476, 48.1731156 ], [ 16.3469782, 48.1730696 ], [ 16.3470095, 48.1730168 ], [ 16.3471161, 48.172843 ], [ 16.3471453, 48.1727955 ], [ 16.3472474, 48.1725934 ], [ 16.3473425, 48.172402 ], [ 16.3474322, 48.1722047 ], [ 16.3474909, 48.1720558 ], [ 16.3475408, 48.1718841 ], [ 16.3472766, 48.1718423 ], [ 16.3468413, 48.1717961 ], [ 16.3464688, 48.1717571 ], [ 16.3460278, 48.17173 ], [ 16.3455778, 48.1717077 ], [ 16.34561, 48.1713761 ], [ 16.345612, 48.1711851 ], [ 16.3455921, 48.1709881 ], [ 16.3455569, 48.1708073 ], [ 16.3454974, 48.170606 ], [ 16.3454268, 48.1704193 ], [ 16.3453311, 48.1702188 ], [ 16.3451124, 48.1698965 ], [ 16.3450017, 48.1699221 ], [ 16.344642, 48.1700018 ], [ 16.3445536, 48.1700237 ], [ 16.3444004, 48.1700572 ], [ 16.344339, 48.1700706 ], [ 16.3439797, 48.1701452 ], [ 16.3434472, 48.1702372 ], [ 16.3433386, 48.1702559 ], [ 16.3432804, 48.170266 ], [ 16.3431117, 48.1702951 ], [ 16.3430171, 48.1703117 ], [ 16.3429625, 48.1703194 ], [ 16.3424389, 48.1703933 ], [ 16.342365, 48.1704032 ], [ 16.341853, 48.1704728 ], [ 16.3411292, 48.1705632 ], [ 16.3408126, 48.1706028 ], [ 16.3398604, 48.170727 ], [ 16.3397652, 48.1707386 ], [ 16.3394466, 48.1707781 ], [ 16.3391076, 48.170822 ], [ 16.3383478, 48.1709207 ], [ 16.3378783, 48.1709788 ], [ 16.3377729, 48.1709919 ], [ 16.3376761, 48.1710041 ], [ 16.3376647, 48.1710056 ], [ 16.3376488, 48.1710075 ], [ 16.3375917, 48.1710143 ], [ 16.3374508, 48.1710281 ], [ 16.3373518, 48.1710406 ], [ 16.3372646, 48.1709121 ], [ 16.3359383, 48.1687395 ], [ 16.3336798, 48.1656635 ], [ 16.3322753, 48.1638112 ], [ 16.3319178, 48.1633398 ], [ 16.3332497, 48.1624152 ], [ 16.3336346, 48.162088 ], [ 16.3343831, 48.1612717 ], [ 16.3349424, 48.1604443 ], [ 16.3355861, 48.1593356 ], [ 16.3356024, 48.1593364 ], [ 16.3356406, 48.1592699 ], [ 16.336893, 48.1572973 ], [ 16.3380785, 48.1552024 ], [ 16.338353, 48.1548257 ], [ 16.3386555, 48.1544862 ], [ 16.3389388, 48.1542634 ], [ 16.3395053, 48.1538703 ], [ 16.3399616, 48.1536476 ], [ 16.3411401, 48.1532253 ], [ 16.3415265, 48.1531226 ], [ 16.3428116, 48.1528648 ], [ 16.344936, 48.1524951 ], [ 16.3475885, 48.1520483 ], [ 16.3481934, 48.1520005 ], [ 16.3481812, 48.1518978 ], [ 16.3484592, 48.1517777 ], [ 16.3487669, 48.15178 ], [ 16.3491551, 48.151899 ], [ 16.3503755, 48.1518873 ], [ 16.3521485, 48.1518103 ], [ 16.3591214, 48.1516027 ], [ 16.3600306, 48.151521 ], [ 16.3609328, 48.1513951 ], [ 16.361905, 48.1511991 ], [ 16.3674165, 48.1498439 ], [ 16.3677309, 48.1497666 ], [ 16.3700774, 48.1491698 ], [ 16.3740486, 48.1481598 ], [ 16.374533, 48.1481123 ], [ 16.375462, 48.1479138 ], [ 16.376036, 48.147792 ], [ 16.3771178, 48.1475247 ] ] ] } },
{ "type": "Feature", "properties": { "osm_id": 1991442, "ref": 11, "name": "Simmering", "name:de": null, "population": 95162.0, "area_km2": 23.257 }, "geometry": { "type": "Polygon", "coordinates": [ [ [ 16.4797281, 48.1706977 ], [ 16.4797577, 48.1707483 ], [ 16.4790301, 48.1710463 ], [ 16.4784741, 48.1712739 ], [ 16.4758724, 48.1724605 ], [ 16.4694852, 48.174939 ], [ 16.4683386, 48.175369 ], [ 16.4677727, 48.1755726 ], [ 16.4672414, 48.1757468 ], [ 16.4605003, 48.1777857 ], [ 16.451663, 48.1803481 ], [ 16.4386107, 48.1842029 ], [ 16.4310992, 48.1863419 ], [ 16.4308881, 48.1860149 ], [ 16.4307803, 48.185872 ], [ 16.4306566, 48.1859059 ], [ 16.4304535, 48.1859682 ], [ 16.4302726, 48.186005 ], [ 16.4301093, 48.1860147 ], [ 16.4300865, 48.1860161 ], [ 16.4299342, 48.1860073 ], [ 16.4298, 48.1859793 ], [ 16.4296637, 48.1859289 ], [ 16.4295561, 48.1858744 ], [ 16.429474, 48.1858152 ], [ 16.4294381, 48.1857841 ], [ 16.4293515, 48.1857089 ], [ 16.4292149, 48.1855904 ], [ 16.4291152, 48.1855052 ], [ 16.4290713, 48.1854682 ], [ 16.4290476, 48.1854476 ], [ 16.4289692, 48.1853794 ], [ 16.4289492, 48.185363 ], [ 16.4288666, 48.1852953 ], [ 16.4287834, 48.1852404 ], [ 16.4287013, 48.1852074 ], [ 16.4286306, 48.1851861 ], [ 16.4285249, 48.1851652 ], [ 16.4283727, 48.1851555 ], [ 16.428264, 48.1851631 ], [ 16.4280338, 48.1851852 ], [ 16.4273998, 48.1852741 ], [ 16.4272337, 48.1853075 ], [ 16.4269316, 48.1853683 ], [ 16.4268618, 48.185382 ], [ 16.4265941, 48.185435 ], [ 16.4262365, 48.1855059 ], [ 16.4261097, 48.1855342 ], [ 16.4250524, 48.185765 ], [ 16.4249614, 48.1857835 ], [ 16.4236347, 48.1860848 ], [ 16.4228499, 48.1862556 ], [ 16.4227547, 48.1862766 ], [ 16.4226096, 48.186311 ], [ 16.422393, 48.1863709 ], [ 16.4222182, 48.1864206 ], [ 16.4215654, 48.1866623 ], [ 16.4213706, 48.1867528 ], [ 16.4211849, 48.1868421 ], [ 16.4210471, 48.1869115 ], [ 16.4208804, 48.1870102 ], [ 16.4204532, 48.1872713 ], [ 16.4204253, 48.1872056 ], [ 16.420283, 48.1868579 ], [ 16.4201544, 48.1865436 ], [ 16.420052, 48.1862934 ], [ 16.420031, 48.1862405 ], [ 16.4200035, 48.1861719 ], [ 16.419986, 48.1861284 ], [ 16.419982, 48.1861187 ], [ 16.4197625, 48.1855858 ], [ 16.419739, 48.1855287 ], [ 16.4190896, 48.1856338 ], [ 16.4190324, 48.185643 ], [ 16.418788, 48.1856826 ], [ 16.4185432, 48.1857276 ], [ 16.4183508, 48.185763 ], [ 16.417783, 48.1858675 ], [ 16.4177408, 48.1858358 ], [ 16.417563, 48.1857022 ], [ 16.417427, 48.1855769 ], [ 16.4173147, 48.1854561 ], [ 16.4172276, 48.1853316 ], [ 16.4171845, 48.1852379 ], [ 16.4171474, 48.1851374 ], [ 16.4170954, 48.1850065 ], [ 16.4170573, 48.1849399 ], [ 16.4170262, 48.1848922 ], [ 16.4169824, 48.1848516 ], [ 16.4169419, 48.1848372 ], [ 16.4168769, 48.1848371 ], [ 16.4166824, 48.1849244 ], [ 16.4165233, 48.1850023 ], [ 16.4163374, 48.1850845 ], [ 16.4163174, 48.1850923 ], [ 16.4160098, 48.1852124 ], [ 16.4150417, 48.1854421 ], [ 16.4128347, 48.1831646 ], [ 16.4062547, 48.1850623 ], [ 16.4057042, 48.1847572 ], [ 16.4046054, 48.1856897 ], [ 16.4028305, 48.184793 ], [ 16.4040353, 48.1835234 ], [ 16.4040565, 48.183501 ], [ 16.4041484, 48.1834497 ], [ 16.403845, 48.1832493 ], [ 16.4029908, 48.1825475 ], [ 16.403442, 48.1822399 ], [ 16.4027075, 48.1815687 ], [ 16.4022612, 48.1818034 ], [ 16.4016169, 48.1810088 ], [ 16.4013791, 48.1810078 ], [ 16.4002472, 48.1798883 ], [ 16.4000582, 48.1797822 ], [ 16.3988937, 48.179163 ], [ 16.3978535, 48.1785793 ], [ 16.3977393, 48.1785054 ], [ 16.3977315, 48.1784701 ], [ 16.3976651, 48.17817 ], [ 16.3976504, 48.1780926 ], [ 16.3976283, 48.1779922 ], [ 16.3974184, 48.1770185 ], [ 16.3973842, 48.1768541 ], [ 16.3973611, 48.1767429 ], [ 16.3972691, 48.1763 ], [ 16.3972077, 48.1759917 ], [ 16.3971955, 48.1759341 ], [ 16.3971654, 48.1757913 ], [ 16.3971112, 48.1755567 ], [ 16.3970685, 48.1753757 ], [ 16.39585, 48.1754956 ], [ 16.3956567, 48.1754991 ], [ 16.395654, 48.175534 ], [ 16.3956163, 48.1755327 ], [ 16.3954544, 48.1755271 ], [ 16.3954617, 48.1755065 ], [ 16.3954614, 48.1754771 ], [ 16.3954056, 48.1754743 ], [ 16.3953028, 48.1754703 ], [ 16.3955029, 48.1753345 ], [ 16.3956033, 48.1753349 ], [ 16.3956146, 48.1753349 ], [ 16.3956497, 48.1753351 ], [ 16.3956834, 48.1753352 ], [ 16.3957891, 48.1753357 ], [ 16.3957599, 48.1751769 ], [ 16.3970787, 48.1743676 ], [ 16.3971845, 48.1743018 ], [ 16.3971554, 48.1740636 ], [ 16.3987499, 48.1729593 ], [ 16.3997996, 48.1722387 ], [ 16.401173, 48.1713053 ], [ 16.4024874, 48.1703905 ], [ 16.4033011, 48.1698403 ], [ 16.4043912, 48.1691032 ], [ 16.4052945, 48.1684957 ], [ 16.405531, 48.1683331 ], [ 16.4062943, 48.1677509 ], [ 16.4070033, 48.167197 ], [ 16.4073237, 48.1669364 ], [ 16.4074349, 48.1668459 ], [ 16.4084119, 48.1659963 ], [ 16.410595, 48.1641026 ], [ 16.4111584, 48.1636138 ], [ 16.4123274, 48.1626035 ], [ 16.4138396, 48.1612755 ], [ 16.4189853, 48.1568415 ], [ 16.4243548, 48.1522393 ], [ 16.4249305, 48.1517268 ], [ 16.4255358, 48.1511881 ], [ 16.4262474, 48.1505555 ], [ 16.4269768, 48.1499203 ], [ 16.4283377, 48.1487416 ], [ 16.4292109, 48.1479887 ], [ 16.4299548, 48.1473489 ], [ 16.4324254, 48.1437068 ], [ 16.4343191, 48.1408602 ], [ 16.4352864, 48.1393952 ], [ 16.4362198, 48.1379787 ], [ 16.4398178, 48.1381638 ], [ 16.4413621, 48.1382416 ], [ 16.4438826, 48.1383685 ], [ 16.445653, 48.1384851 ], [ 16.4461965, 48.1384851 ], [ 16.447038, 48.1385237 ], [ 16.4509136, 48.138703 ], [ 16.4510269, 48.138706 ], [ 16.4510163, 48.1386809 ], [ 16.4533756, 48.1389103 ], [ 16.4537566, 48.1389908 ], [ 16.4541737, 48.1391061 ], [ 16.4544937, 48.1392049 ], [ 16.455355, 48.1395149 ], [ 16.4563597, 48.140004 ], [ 16.4570241, 48.1404473 ], [ 16.4583038, 48.1412879 ], [ 16.458424, 48.141387 ], [ 16.4588259, 48.1414346 ], [ 16.4590722, 48.1416032 ], [ 16.4593077, 48.1417667 ], [ 16.4610166, 48.1427881 ], [ 16.461918, 48.1429014 ], [ 16.4635185, 48.1440793 ], [ 16.4641563, 48.1444238 ], [ 16.4649448, 48.1449877 ], [ 16.4664282, 48.146062 ], [ 16.4665929, 48.1461867 ], [ 16.4667009, 48.1462622 ], [ 16.4664426, 48.1463622 ], [ 16.4660782, 48.146539 ], [ 16.4661359, 48.1465883 ], [ 16.4662712, 48.1467205 ], [ 16.4664178, 48.1468052 ], [ 16.4667316, 48.1469791 ], [ 16.4666735, 48.1470019 ], [ 16.4675811, 48.1476195 ], [ 16.4679474, 48.1477763 ], [ 16.4681176, 48.1479302 ], [ 16.468038, 48.1479851 ], [ 16.4683722, 48.1482302 ], [ 16.4687125, 48.1484534 ], [ 16.4710912, 48.1500027 ], [ 16.4717714, 48.1504271 ], [ 16.4727864, 48.1511636 ], [ 16.4729259, 48.1512375 ], [ 16.4731579, 48.1514084 ], [ 16.473081, 48.1514688 ], [ 16.4747474, 48.152597 ], [ 16.4756725, 48.1531355 ], [ 16.4768667, 48.1539523 ], [ 16.477122, 48.1541501 ], [ 16.4775008, 48.1545805 ], [ 16.4778193, 48.1551574 ], [ 16.4779593, 48.1555731 ], [ 16.4780238, 48.1560964 ], [ 16.4781413, 48.1561156 ], [ 16.4781514, 48.1561282 ], [ 16.4779746, 48.1565594 ], [ 16.477948, 48.1566243 ], [ 16.4777037, 48.1572289 ], [ 16.4776252, 48.1574352 ], [ 16.4776986, 48.157441 ], [ 16.4779542, 48.1568137 ], [ 16.4784856, 48.1565609 ], [ 16.4792568, 48.156489 ], [ 16.4798546, 48.1561985 ], [ 16.4801816, 48.1561212 ], [ 16.4803115, 48.1561382 ], [ 16.4800599, 48.1565534 ], [ 16.4845908, 48.1558089 ], [ 16.4881413, 48.1551777 ], [ 16.488601, 48.1554632 ], [ 16.4890775, 48.1557439 ], [ 16.4895584, 48.1560699 ], [ 16.4898247, 48.1562653 ], [ 16.4900658, 48.1564636 ], [ 16.4902439, 48.1566148 ], [ 16.4903722, 48.1567343 ], [ 16.4908223, 48.1570819 ], [ 16.4917326, 48.157784 ], [ 16.4918835, 48.1579086 ], [ 16.4919632, 48.1579793 ], [ 16.4920146, 48.1580272 ], [ 16.4924903, 48.1583371 ], [ 16.493438, 48.158815 ], [ 16.4962327, 48.1573202 ], [ 16.4979719, 48.1566238 ], [ 16.4984294, 48.1562071 ], [ 16.5013278, 48.1566796 ], [ 16.5067957, 48.1576149 ], [ 16.5100586, 48.158238 ], [ 16.5137911, 48.1589276 ], [ 16.497085, 48.1662737 ], [ 16.4952282, 48.1650897 ], [ 16.4946641, 48.1653265 ], [ 16.4946226, 48.1652865 ], [ 16.4930469, 48.1659298 ], [ 16.4915066, 48.1665412 ], [ 16.4898926, 48.1671036 ], [ 16.4878399, 48.1677592 ], [ 16.4860142, 48.1683315 ], [ 16.4854739, 48.1684853 ], [ 16.4844916, 48.1688524 ], [ 16.4841719, 48.1689849 ], [ 16.4838791, 48.1691128 ], [ 16.482739, 48.1696294 ], [ 16.4797281, 48.1706977 ] ] ] } },
{ "type": "Feature", "properties": { "osm_id": 1990596, "ref": 12, "name": "Meidling", "name:de": null, "population": null, "area_km2": 8.102 }, "geometry": { "type": "Polygon", "coordinates": [ [ [ 16.349725, 48.1792208 ], [ 16.3495462, 48.1795396 ], [ 16.3494244, 48.1797052 ], [ 16.3444982, 48.1854026 ], [ 16.3442529, 48.1856807 ], [ 16.344215, 48.1857236 ], [ 16.3428126, 48.1873135 ], [ 16.3417518, 48.1884673 ], [ 16.3412337, 48.18844 ], [ 16.3401255, 48.1884312 ], [ 16.3395744, 48.1883969 ], [ 16.3390566, 48.1883152 ], [ 16.338705, 48.1882163 ], [ 16.3383582, 48.1880803 ], [ 16.3380482, 48.187894 ], [ 16.3380081, 48.1878671 ], [ 16.3378104, 48.1877343 ], [ 16.3377545, 48.1876968 ], [ 16.3373052, 48.1873604 ], [ 16.3371021, 48.1871809 ], [ 16.3369521, 48.1870274 ], [ 16.3364204, 48.1863451 ], [ 16.3359559, 48.1858277 ], [ 16.3351597, 48.1852103 ], [ 16.3345983, 48.1848145 ], [ 16.334278, 48.1846207 ], [ 16.3339958, 48.1844744 ], [ 16.3336224, 48.1843234 ], [ 16.3330486, 48.1841299 ], [ 16.3324933, 48.1839542 ], [ 16.3320213, 48.1838641 ], [ 16.3317299, 48.1838293 ], [ 16.3315079, 48.1838122 ], [ 16.3314187, 48.1838053 ], [ 16.3308412, 48.1837631 ], [ 16.3301359, 48.1837308 ], [ 16.3286427, 48.1837288 ], [ 16.327655, 48.1837758 ], [ 16.327197, 48.18383 ], [ 16.3268379, 48.1838934 ], [ 16.3263754, 48.1840025 ], [ 16.3258208, 48.184147 ], [ 16.3243935, 48.1845681 ], [ 16.3217511, 48.1853531 ], [ 16.3201313, 48.1858213 ], [ 16.3201242, 48.1858067 ], [ 16.3193208, 48.1841633 ], [ 16.3190224, 48.1823143 ], [ 16.3180982, 48.1810114 ], [ 16.3173171, 48.1799112 ], [ 16.3171582, 48.1796874 ], [ 16.3166463, 48.178961 ], [ 16.3160498, 48.1781239 ], [ 16.3143191, 48.1756997 ], [ 16.3138402, 48.1750228 ], [ 16.3136175, 48.1749118 ], [ 16.3135546, 48.1748789 ], [ 16.3132502, 48.1747036 ], [ 16.313015, 48.1745458 ], [ 16.3122475, 48.1739036 ], [ 16.3081643, 48.170582 ], [ 16.3081545, 48.170574 ], [ 16.3080347, 48.1704863 ], [ 16.3078871, 48.170517 ], [ 16.3072393, 48.1706239 ], [ 16.3044973, 48.1712727 ], [ 16.3038413, 48.1714279 ], [ 16.3020896, 48.1718419 ], [ 16.3011269, 48.172669 ], [ 16.3010791, 48.1726406 ], [ 16.3010191, 48.1726074 ], [ 16.3010079, 48.1726 ], [ 16.3002837, 48.1721212 ], [ 16.3001796, 48.1720457 ], [ 16.2998544, 48.171801 ], [ 16.2995014, 48.1715285 ], [ 16.2992906, 48.1713631 ], [ 16.2992413, 48.1713244 ], [ 16.2991577, 48.1712621 ], [ 16.2990469, 48.1711589 ], [ 16.2989428, 48.1710476 ], [ 16.2988813, 48.170964 ], [ 16.2988185, 48.1708337 ], [ 16.2986744, 48.1704873 ], [ 16.2986152, 48.1703449 ], [ 16.2973216, 48.1704578 ], [ 16.2964135, 48.1705307 ], [ 16.295887, 48.1693946 ], [ 16.2956477, 48.1688673 ], [ 16.2956946, 48.1688562 ], [ 16.2932818, 48.1646528 ], [ 16.2927973, 48.1638216 ], [ 16.292228, 48.1630311 ], [ 16.2918322, 48.1623064 ], [ 16.2918547, 48.1623018 ], [ 16.2919086, 48.1622907 ], [ 16.2919806, 48.162276 ], [ 16.2922743, 48.1622055 ], [ 16.2933638, 48.1620872 ], [ 16.2946352, 48.1619662 ], [ 16.2954843, 48.1618903 ], [ 16.2957151, 48.1618696 ], [ 16.2958285, 48.1618324 ], [ 16.2959283, 48.1617865 ], [ 16.2959157, 48.1617066 ], [ 16.295834, 48.161618 ], [ 16.2957618, 48.1615573 ], [ 16.295728, 48.1615301 ], [ 16.2955709, 48.1614038 ], [ 16.2953619, 48.161242 ], [ 16.2947572, 48.1606331 ], [ 16.2944154, 48.1602037 ], [ 16.2941598, 48.1598406 ], [ 16.2941095, 48.1597722 ], [ 16.2940482, 48.1596763 ], [ 16.2939785, 48.1595704 ], [ 16.2936928, 48.1591363 ], [ 16.2936305, 48.1590377 ], [ 16.2933432, 48.1585099 ], [ 16.2931968, 48.1582416 ], [ 16.2929727, 48.1578658 ], [ 16.2928876, 48.1577151 ], [ 16.2928267, 48.1576057 ], [ 16.2970764, 48.1564418 ], [ 16.2974648, 48.1563389 ], [ 16.2992019, 48.157494 ], [ 16.3003653, 48.1582434 ], [ 16.3019002, 48.1591828 ], [ 16.3028337, 48.1597514 ], [ 16.3031965, 48.1599476 ], [ 16.3040856, 48.1604092 ], [ 16.304118, 48.1604101 ], [ 16.3042061, 48.1603836 ], [ 16.3043978, 48.1602913 ], [ 16.3045039, 48.1602535 ], [ 16.3046255, 48.1602117 ], [ 16.305002, 48.1601178 ], [ 16.3053925, 48.1600203 ], [ 16.3056211, 48.1599645 ], [ 16.3060141, 48.1598686 ], [ 16.3061482, 48.1598397 ], [ 16.3062504, 48.1598226 ], [ 16.3067516, 48.1597273 ], [ 16.3072782, 48.159654 ], [ 16.3078792, 48.1595733 ], [ 16.307964, 48.1595619 ], [ 16.3082388, 48.159525 ], [ 16.3083645, 48.1595081 ], [ 16.3085225, 48.1594824 ], [ 16.3086992, 48.1594504 ], [ 16.3087402, 48.1594401 ], [ 16.3090659, 48.1593583 ], [ 16.3102152, 48.1590693 ], [ 16.3108188, 48.1589233 ], [ 16.3113902, 48.1588323 ], [ 16.3115558, 48.1588095 ], [ 16.3131349, 48.1585911 ], [ 16.3132959, 48.1585656 ], [ 16.313332, 48.1585599 ], [ 16.3133479, 48.1585794 ], [ 16.3151687, 48.1583338 ], [ 16.3165182, 48.1581298 ], [ 16.3164095, 48.1577529 ], [ 16.3163922, 48.1576589 ], [ 16.3163386, 48.1575148 ], [ 16.3164112, 48.1574921 ], [ 16.3166125, 48.1574719 ], [ 16.3171774, 48.1576106 ], [ 16.3176004, 48.1576777 ], [ 16.3179251, 48.1577147 ], [ 16.3181661, 48.1577511 ], [ 16.3184217, 48.1577918 ], [ 16.31868, 48.1578447 ], [ 16.3187791, 48.157864 ], [ 16.3189497, 48.1572136 ], [ 16.3191032, 48.1566705 ], [ 16.3192552, 48.1566882 ], [ 16.319302, 48.156615 ], [ 16.3203892, 48.1567603 ], [ 16.3214696, 48.1568949 ], [ 16.3215959, 48.1570363 ], [ 16.3218323, 48.1573272 ], [ 16.3228406, 48.1572929 ], [ 16.3235408, 48.15722 ], [ 16.3243315, 48.157103 ], [ 16.3252646, 48.1568968 ], [ 16.3271121, 48.1565467 ], [ 16.3280107, 48.156329 ], [ 16.3280956, 48.1563042 ], [ 16.3289438, 48.1560566 ], [ 16.3297532, 48.1557958 ], [ 16.3302751, 48.1555752 ], [ 16.3305842, 48.1554092 ], [ 16.3313141, 48.1560772 ], [ 16.3318084, 48.1564876 ], [ 16.3326494, 48.1571527 ], [ 16.332831, 48.1572619 ], [ 16.3330811, 48.1574391 ], [ 16.3332641, 48.1575334 ], [ 16.3347785, 48.1586694 ], [ 16.3351252, 48.1588494 ], [ 16.3356406, 48.1592699 ], [ 16.3356024, 48.1593364 ], [ 16.3355861, 48.1593356 ], [ 16.3349424, 48.1604443 ], [ 16.3343831, 48.1612717 ], [ 16.3336346, 48.162088 ], [ 16.3332497, 48.1624152 ], [ 16.3319178, 48.1633398 ], [ 16.3322753, 48.1638112 ], [ 16.3336798, 48.1656635 ], [ 16.3359383, 48.1687395 ], [ 16.3372646, 48.1709121 ], [ 16.3373518, 48.1710406 ], [ 16.3374508, 48.1710281 ], [ 16.3375917, 48.1710143 ], [ 16.3376488, 48.1710075 ], [ 16.3376647, 48.1710056 ], [ 16.3376761, 48.1710041 ], [ 16.3377729, 48.1709919 ], [ 16.3378783, 48.1709788 ], [ 16.3383478, 48.1709207 ], [ 16.3391076, 48.170822 ], [ 16.3394466, 48.1707781 ], [ 16.3397652, 48.1707386 ], [ 16.3398604, 48.170727 ], [ 16.3408126, 48.1706028 ], [ 16.3411292, 48.1705632 ], [ 16.341853, 48.1704728 ], [ 16.342365, 48.1704032 ], [ 16.3424389, 48.1703933 ], [ 16.3429625, 48.1703194 ], [ 16.3430171, 48.1703117 ], [ 16.3431117, 48.1702951 ], [ 16.3432804, 48.170266 ], [ 16.3433386, 48.1702559 ], [ 16.3434472, 48.1702372 ], [ 16.3439797, 48.1701452 ], [ 16.344339, 48.1700706 ], [ 16.3444004, 48.1700572 ], [ 16.3445536, 48.1700237 ], [ 16.344642, 48.1700018 ], [ 16.3450017, 48.1699221 ], [ 16.3451124, 48.1698965 ], [ 16.3453311, 48.1702188 ], [ 16.3454268, 48.1704193 ], [ 16.3454974, 48.170606 ], [ 16.3455569, 48.1708073 ], [ 16.3455921, 48.1709881 ], [ 16.345612, 48.1711851 ], [ 16.34561, 48.1713761 ], [ 16.3455778, 48.1717077 ], [ 16.3460278, 48.17173 ], [ 16.3464688, 48.1717571 ], [ 16.3468413, 48.1717961 ], [ 16.3472766, 48.1718423 ], [ 16.3475408, 48.1718841 ], [ 16.3474909, 48.1720558 ], [ 16.3474322, 48.1722047 ], [ 16.3473425, 48.172402 ], [ 16.3472474, 48.1725934 ], [ 16.3471453, 48.1727955 ], [ 16.3471161, 48.172843 ], [ 16.3470095, 48.1730168 ], [ 16.3469782, 48.1730696 ], [ 16.3469476, 48.1731156 ], [ 16.3468537, 48.1732567 ], [ 16.3467704, 48.1733819 ], [ 16.3466773, 48.1735042 ], [ 16.3465638, 48.1736532 ], [ 16.3465301, 48.1736974 ], [ 16.346388, 48.173857 ], [ 16.3462899, 48.1739672 ], [ 16.3461245, 48.1741468 ], [ 16.3460737, 48.1742019 ], [ 16.3454687, 48.1739951 ], [ 16.3453518, 48.1741394 ], [ 16.3453377, 48.1742916 ], [ 16.3443841, 48.1742483 ], [ 16.3442952, 48.1749835 ], [ 16.3435967, 48.1749434 ], [ 16.3433876, 48.1753702 ], [ 16.3423286, 48.1753024 ], [ 16.3421141, 48.1752854 ], [ 16.3416042, 48.1764188 ], [ 16.3421806, 48.176566 ], [ 16.3423956, 48.1766183 ], [ 16.3424767, 48.176634 ], [ 16.3424956, 48.1766119 ], [ 16.3428472, 48.1767167 ], [ 16.3434494, 48.1769265 ], [ 16.3435147, 48.1769296 ], [ 16.3438725, 48.1770686 ], [ 16.3438801, 48.1770811 ], [ 16.344431, 48.1773566 ], [ 16.3453086, 48.1778014 ], [ 16.3456865, 48.1779528 ], [ 16.3460575, 48.1780712 ], [ 16.346378, 48.1782092 ], [ 16.347125, 48.1785866 ], [ 16.3471021, 48.178618 ], [ 16.3472221, 48.178668 ], [ 16.3476112, 48.1787726 ], [ 16.3480404, 48.1788681 ], [ 16.3487406, 48.1790076 ], [ 16.349725, 48.1792208 ] ] ] } },
{ "type": "Feature", "properties": { "osm_id": 1990591, "ref": 13, "name": "Hietzing", "name:de": null, "population": null, "area_km2": 37.711 }, "geometry": { "type": "Polygon", "coordinates": [ [ [ 16.2905503, 48.1905328 ], [ 16.289552, 48.1906987 ], [ 16.2878705, 48.1909513 ], [ 16.28474, 48.1914052 ], [ 16.2828153, 48.1916671 ], [ 16.2808986, 48.1918904 ], [ 16.2705749, 48.1928557 ], [ 16.2695033, 48.1929534 ], [ 16.2682466, 48.1931527 ], [ 16.2670937, 48.1934189 ], [ 16.2667681, 48.1935023 ], [ 16.2658191, 48.1937467 ], [ 16.2654165, 48.1938917 ], [ 16.2651057, 48.1940319 ], [ 16.265053, 48.1940654 ], [ 16.2648511, 48.1941937 ], [ 16.2646365, 48.194389 ], [ 16.264447, 48.1944265 ], [ 16.2642847, 48.1945024 ], [ 16.2638786, 48.19472 ], [ 16.2628529, 48.1952865 ], [ 16.2616095, 48.1958726 ], [ 16.2608057, 48.1961377 ], [ 16.2584479, 48.1972588 ], [ 16.2582443, 48.197352 ], [ 16.2580803, 48.197427 ], [ 16.2558698, 48.1984846 ], [ 16.2547311, 48.1989925 ], [ 16.2520601, 48.2003096 ], [ 16.2515705, 48.2005435 ], [ 16.2513358, 48.2006556 ], [ 16.2507371, 48.2008872 ], [ 16.2501762, 48.2010518 ], [ 16.2494913, 48.2012151 ], [ 16.2490392, 48.2012932 ], [ 16.2487294, 48.2013364 ], [ 16.2482675, 48.201374 ], [ 16.2478544, 48.2014076 ], [ 16.2476529, 48.2013803 ], [ 16.2466132, 48.2010899 ], [ 16.2465115, 48.2013281 ], [ 16.2465028, 48.2015332 ], [ 16.244766, 48.2016029 ], [ 16.2437814, 48.2016552 ], [ 16.2425384, 48.2017655 ], [ 16.2416671, 48.2019069 ], [ 16.2416467, 48.2018894 ], [ 16.2404734, 48.2021411 ], [ 16.2394249, 48.2024218 ], [ 16.2384432, 48.2027508 ], [ 16.2377868, 48.203018 ], [ 16.2371237, 48.2033296 ], [ 16.2356765, 48.2040834 ], [ 16.2345022, 48.2027868 ], [ 16.2336614, 48.2022418 ], [ 16.2324997, 48.2018663 ], [ 16.232416, 48.2018603 ], [ 16.2323142, 48.2027303 ], [ 16.2323052, 48.2028211 ], [ 16.2322738, 48.2030625 ], [ 16.2290825, 48.2024804 ], [ 16.2280814, 48.2024749 ], [ 16.2259214, 48.201867 ], [ 16.2237646, 48.2027471 ], [ 16.2210287, 48.2037517 ], [ 16.2208689, 48.2037188 ], [ 16.2194022, 48.2042279 ], [ 16.2195968, 48.2042627 ], [ 16.2154204, 48.2058016 ], [ 16.2143632, 48.2065913 ], [ 16.2142412, 48.2065139 ], [ 16.2134698, 48.207047 ], [ 16.2120661, 48.2060702 ], [ 16.2101145, 48.2047122 ], [ 16.2097216, 48.2047766 ], [ 16.2092643, 48.2047784 ], [ 16.2089701, 48.2041536 ], [ 16.2078148, 48.2030939 ], [ 16.2073935, 48.2023398 ], [ 16.2073862, 48.2023269 ], [ 16.2065601, 48.2008691 ], [ 16.2059202, 48.1997399 ], [ 16.2058031, 48.199374 ], [ 16.2057189, 48.1991109 ], [ 16.2052821, 48.1977429 ], [ 16.2039652, 48.1963829 ], [ 16.2039453, 48.1940319 ], [ 16.2039441, 48.1938923 ], [ 16.2030641, 48.1909441 ], [ 16.2020145, 48.1893948 ], [ 16.1998055, 48.1861581 ], [ 16.195918, 48.1838139 ], [ 16.1932395, 48.1806213 ], [ 16.1901619, 48.1789189 ], [ 16.1890874, 48.178163 ], [ 16.187799, 48.1771098 ], [ 16.1875635, 48.1738707 ], [ 16.187237, 48.1736044 ], [ 16.181831, 48.1711198 ], [ 16.181902, 48.1710313 ], [ 16.1829272, 48.1697536 ], [ 16.1839937, 48.1693307 ], [ 16.1842414, 48.1692362 ], [ 16.1846104, 48.1689275 ], [ 16.1877481, 48.1680934 ], [ 16.1937287, 48.1663515 ], [ 16.1961889, 48.1639621 ], [ 16.1974351, 48.1609125 ], [ 16.1967737, 48.1569899 ], [ 16.1967023, 48.1565665 ], [ 16.1979751, 48.1545442 ], [ 16.1982422, 48.1541378 ], [ 16.1999331, 48.1544852 ], [ 16.2014342, 48.1547935 ], [ 16.2034635, 48.1555065 ], [ 16.2215088, 48.1533841 ], [ 16.2224341, 48.1532763 ], [ 16.2232057, 48.153185 ], [ 16.2232317, 48.1531819 ], [ 16.2247439, 48.1530031 ], [ 16.2270337, 48.1513931 ], [ 16.227231, 48.1512544 ], [ 16.2277597, 48.1508954 ], [ 16.2300682, 48.1494639 ], [ 16.232245, 48.1508052 ], [ 16.2392044, 48.1535234 ], [ 16.24384, 48.1553037 ], [ 16.2467367, 48.1564179 ], [ 16.2525053, 48.1576577 ], [ 16.2564443, 48.1600191 ], [ 16.2578406, 48.1602106 ], [ 16.2578562, 48.1601753 ], [ 16.258133, 48.1602284 ], [ 16.2588554, 48.1603464 ], [ 16.260349, 48.1601888 ], [ 16.2609722, 48.1601249 ], [ 16.2610803, 48.1601144 ], [ 16.2619232, 48.160037 ], [ 16.262935, 48.1599411 ], [ 16.2629699, 48.159937 ], [ 16.262997, 48.1599303 ], [ 16.263045, 48.1599124 ], [ 16.2632009, 48.1598544 ], [ 16.2635938, 48.1597096 ], [ 16.2652659, 48.1590919 ], [ 16.2656236, 48.1589577 ], [ 16.2659156, 48.1588575 ], [ 16.2659843, 48.158834 ], [ 16.2660437, 48.1588114 ], [ 16.2662129, 48.158747 ], [ 16.2662705, 48.1587262 ], [ 16.2663253, 48.1587065 ], [ 16.2663866, 48.1586827 ], [ 16.2665717, 48.1586115 ], [ 16.2667586, 48.158543 ], [ 16.2669499, 48.1584564 ], [ 16.2669602, 48.158452 ], [ 16.2673634, 48.1582815 ], [ 16.2684327, 48.1578263 ], [ 16.2691851, 48.1575055 ], [ 16.27268, 48.1560104 ], [ 16.2728473, 48.1559388 ], [ 16.27287, 48.1559291 ], [ 16.2728983, 48.155917 ], [ 16.2729953, 48.1558813 ], [ 16.2730087, 48.1558765 ], [ 16.2730722, 48.155936 ], [ 16.2732819, 48.1561683 ], [ 16.2734774, 48.156389 ], [ 16.2738836, 48.1568429 ], [ 16.2740997, 48.1570845 ], [ 16.2745678, 48.1576076 ], [ 16.2752615, 48.1583843 ], [ 16.2754319, 48.1585753 ], [ 16.2759359, 48.1591394 ], [ 16.2763632, 48.1596162 ], [ 16.2765119, 48.1597832 ], [ 16.2765608, 48.1598357 ], [ 16.2767392, 48.1600352 ], [ 16.2769744, 48.1602986 ], [ 16.2778566, 48.1612807 ], [ 16.2778768, 48.1613032 ], [ 16.2782246, 48.1616906 ], [ 16.2782992, 48.1617715 ], [ 16.2783754, 48.1618497 ], [ 16.2786035, 48.1621126 ], [ 16.2787439, 48.1622687 ], [ 16.2791393, 48.1627061 ], [ 16.2792513, 48.1626325 ], [ 16.2803171, 48.1619074 ], [ 16.2809796, 48.1614566 ], [ 16.2802843, 48.1606888 ], [ 16.2798631, 48.1602236 ], [ 16.2793623, 48.1596705 ], [ 16.2793382, 48.1596439 ], [ 16.2796957, 48.1593909 ], [ 16.2806765, 48.1589908 ], [ 16.2808019, 48.1589397 ], [ 16.2808371, 48.1589253 ], [ 16.2812227, 48.158768 ], [ 16.2821901, 48.1588821 ], [ 16.2825773, 48.1589285 ], [ 16.2840402, 48.1591138 ], [ 16.2847495, 48.1592003 ], [ 16.2848573, 48.1592183 ], [ 16.2851055, 48.159271 ], [ 16.285192, 48.1591412 ], [ 16.2854777, 48.1587124 ], [ 16.2855858, 48.1585502 ], [ 16.285954, 48.1578163 ], [ 16.286005, 48.1577145 ], [ 16.2864083, 48.1569909 ], [ 16.2865401, 48.1568198 ], [ 16.2866518, 48.1567032 ], [ 16.2866785, 48.1566754 ], [ 16.2868464, 48.1565798 ], [ 16.2867333, 48.1563506 ], [ 16.2868892, 48.1563474 ], [ 16.2870293, 48.1563799 ], [ 16.2872734, 48.1564647 ], [ 16.2873793, 48.1565015 ], [ 16.2871813, 48.1567834 ], [ 16.291069, 48.1581049 ], [ 16.291175, 48.1581402 ], [ 16.2911911, 48.1586681 ], [ 16.2912024, 48.1589511 ], [ 16.2912166, 48.1592741 ], [ 16.2912275, 48.1595234 ], [ 16.291249, 48.1597386 ], [ 16.2912779, 48.1601169 ], [ 16.2912865, 48.1602164 ], [ 16.291287, 48.1602222 ], [ 16.2913217, 48.1606792 ], [ 16.29133, 48.1608251 ], [ 16.2913585, 48.161328 ], [ 16.2913638, 48.1614714 ], [ 16.2913692, 48.161618 ], [ 16.2913699, 48.1616514 ], [ 16.2913841, 48.1617435 ], [ 16.2913996, 48.1618474 ], [ 16.2914878, 48.1621056 ], [ 16.2915246, 48.1621765 ], [ 16.291532, 48.1621908 ], [ 16.2915457, 48.1622171 ], [ 16.2915557, 48.1622354 ], [ 16.2916366, 48.1623584 ], [ 16.2917536, 48.1623284 ], [ 16.2917691, 48.1623241 ], [ 16.291793, 48.1623174 ], [ 16.2918322, 48.1623064 ], [ 16.292228, 48.1630311 ], [ 16.2927973, 48.1638216 ], [ 16.2932818, 48.1646528 ], [ 16.2956946, 48.1688562 ], [ 16.2956477, 48.1688673 ], [ 16.295887, 48.1693946 ], [ 16.2964135, 48.1705307 ], [ 16.2973216, 48.1704578 ], [ 16.2986152, 48.1703449 ], [ 16.2986744, 48.1704873 ], [ 16.2988185, 48.1708337 ], [ 16.2988813, 48.170964 ], [ 16.2989428, 48.1710476 ], [ 16.2990469, 48.1711589 ], [ 16.2991577, 48.1712621 ], [ 16.2992413, 48.1713244 ], [ 16.2992906, 48.1713631 ], [ 16.2995014, 48.1715285 ], [ 16.2998544, 48.171801 ], [ 16.3001796, 48.1720457 ], [ 16.3002837, 48.1721212 ], [ 16.3010079, 48.1726 ], [ 16.3010191, 48.1726074 ], [ 16.3010791, 48.1726406 ], [ 16.3011269, 48.172669 ], [ 16.3020896, 48.1718419 ], [ 16.3038413, 48.1714279 ], [ 16.3044973, 48.1712727 ], [ 16.3072393, 48.1706239 ], [ 16.3078871, 48.170517 ], [ 16.3080347, 48.1704863 ], [ 16.3081545, 48.170574 ], [ 16.3081643, 48.170582 ], [ 16.3122475, 48.1739036 ], [ 16.313015, 48.1745458 ], [ 16.3132502, 48.1747036 ], [ 16.3135546, 48.1748789 ], [ 16.3136175, 48.1749118 ], [ 16.3138402, 48.1750228 ], [ 16.3143191, 48.1756997 ], [ 16.3160498, 48.1781239 ], [ 16.3166463, 48.178961 ], [ 16.3171582, 48.1796874 ], [ 16.3173171, 48.1799112 ], [ 16.3180982, 48.1810114 ], [ 16.3190224, 48.1823143 ], [ 16.3193208, 48.1841633 ], [ 16.3201242, 48.1858067 ], [ 16.3201313, 48.1858213 ], [ 16.3199017, 48.1858831 ], [ 16.3173592, 48.1865707 ], [ 16.3170423, 48.1866573 ], [ 16.3167233, 48.1867353 ], [ 16.3142055, 48.1871851 ], [ 16.3133873, 48.187338 ], [ 16.3130943, 48.1873759 ], [ 16.312593, 48.1874081 ], [ 16.3119141, 48.1874384 ], [ 16.3083038, 48.1875601 ], [ 16.3082256, 48.1875627 ], [ 16.3051883, 48.1876298 ], [ 16.3046555, 48.1876772 ], [ 16.3038295, 48.1878075 ], [ 16.3034966, 48.187876 ], [ 16.2995716, 48.1887135 ], [ 16.298051, 48.189037 ], [ 16.2926159, 48.190158 ], [ 16.2905503, 48.1905328 ] ] ] } },
{ "type": "Feature", "properties": { "osm_id": 1990598, "ref": 14, "name": "Penzing", "name:de": null, "population": 89184.0, "area_km2": 33.76 }, "geometry": { "type": "Polygon", "coordinates": [ [ [ 16.2905503, 48.1905328 ], [ 16.289552, 48.1906987 ], [ 16.2878705, 48.1909513 ], [ 16.28474, 48.1914052 ], [ 16.2828153, 48.1916671 ], [ 16.2808986, 48.1918904 ], [ 16.2705749, 48.1928557 ], [ 16.2695033, 48.1929534 ], [ 16.2682466, 48.1931527 ], [ 16.2670937, 48.1934189 ], [ 16.2667681, 48.1935023 ], [ 16.2658191, 48.1937467 ], [ 16.2654165, 48.1938917 ], [ 16.2651057, 48.1940319 ], [ 16.265053, 48.1940654 ], [ 16.2648511, 48.1941937 ], [ 16.2646365, 48.194389 ], [ 16.264447, 48.1944265 ], [ 16.2642847, 48.1945024 ], [ 16.2638786, 48.19472 ], [ 16.2628529, 48.1952865 ], [ 16.2616095, 48.1958726 ], [ 16.2608057, 48.1961377 ], [ 16.2584479, 48.1972588 ], [ 16.2582443, 48.197352 ], [ 16.2580803, 48.197427 ], [ 16.2558698, 48.1984846 ], [ 16.2547311, 48.1989925 ], [ 16.2520601, 48.2003096 ], [ 16.2515705, 48.2005435 ], [ 16.2513358, 48.2006556 ], [ 16.2507371, 48.2008872 ], [ 16.2501762, 48.2010518 ], [ 16.2494913, 48.2012151 ], [ 16.2490392, 48.2012932 ], [ 16.2487294, 48.2013364 ], [ 16.2482675, 48.201374 ], [ 16.2478544, 48.2014076 ], [ 16.2476529, 48.2013803 ], [ 16.2466132, 48.2010899 ], [ 16.2465115, 48.2013281 ], [ 16.2465028, 48.2015332 ], [ 16.244766, 48.2016029 ], [ 16.2437814, 48.2016552 ], [ 16.2425384, 48.2017655 ], [ 16.2416671, 48.2019069 ], [ 16.2416467, 48.2018894 ], [ 16.2404734, 48.2021411 ], [ 16.2394249, 48.2024218 ], [ 16.2384432, 48.2027508 ], [ 16.2377868, 48.203018 ], [ 16.2371237, 48.2033296 ], [ 16.2356765, 48.2040834 ], [ 16.2345022, 48.2027868 ], [ 16.2336614, 48.2022418 ], [ 16.2324997, 48.2018663 ], [ 16.232416, 48.2018603 ], [ 16.2323142, 48.2027303 ], [ 16.2323052, 48.2028211 ], [ 16.2322738, 48.2030625 ], [ 16.2290825, 48.2024804 ], [ 16.2280814, 48.2024749 ], [ 16.2259214, 48.201867 ], [ 16.2237646, 48.2027471 ], [ 16.2210287, 48.2037517 ], [ 16.2208689, 48.2037188 ], [ 16.2194022, 48.2042279 ], [ 16.2195968, 48.2042627 ], [ 16.2154204, 48.2058016 ], [ 16.2143632, 48.2065913 ], [ 16.2142412, 48.2065139 ], [ 16.2134698, 48.207047 ], [ 16.2120661, 48.2060702 ], [ 16.2101145, 48.2047122 ], [ 16.2097216, 48.2047766 ], [ 16.2092643, 48.2047784 ], [ 16.2089701, 48.2041536 ], [ 16.2078148, 48.2030939 ], [ 16.2073935, 48.2023398 ], [ 16.2068724, 48.2024892 ], [ 16.2067903, 48.2025017 ], [ 16.2066445, 48.2025075 ], [ 16.2064842, 48.2024764 ], [ 16.2061385, 48.2024362 ], [ 16.2058957, 48.2024172 ], [ 16.205748, 48.2024275 ], [ 16.2056313, 48.2024721 ], [ 16.2054994, 48.2025088 ], [ 16.2053938, 48.2025644 ], [ 16.205199, 48.2026988 ], [ 16.2051075, 48.2027114 ], [ 16.2050537, 48.2027704 ], [ 16.2049935, 48.2027813 ], [ 16.2049825, 48.2028136 ], [ 16.2049503, 48.2028405 ], [ 16.2047931, 48.2029391 ], [ 16.2046983, 48.2029436 ], [ 16.2044753, 48.2030166 ], [ 16.2043295, 48.2030601 ], [ 16.2042566, 48.2030791 ], [ 16.2041812, 48.2030749 ], [ 16.2039545, 48.2031308 ], [ 16.203364, 48.2034057 ], [ 16.2030898, 48.2036125 ], [ 16.2029414, 48.2037114 ], [ 16.2028098, 48.2038198 ], [ 16.202743, 48.2038431 ], [ 16.2026819, 48.2038811 ], [ 16.2026329, 48.2039344 ], [ 16.2025857, 48.2039562 ], [ 16.2023537, 48.2040076 ], [ 16.2022651, 48.2040739 ], [ 16.2021521, 48.2042952 ], [ 16.2021344, 48.2043255 ], [ 16.202015, 48.2044957 ], [ 16.2019311, 48.2047958 ], [ 16.2020038, 48.2047926 ], [ 16.2023196, 48.2048174 ], [ 16.2033464, 48.2050084 ], [ 16.2032808, 48.2050974 ], [ 16.2032224, 48.2051732 ], [ 16.2030005, 48.2055109 ], [ 16.2029596, 48.2056387 ], [ 16.2029712, 48.2056721 ], [ 16.202649, 48.2060403 ], [ 16.2030918, 48.2059236 ], [ 16.2035449, 48.2059413 ], [ 16.2038234, 48.2059841 ], [ 16.2042389, 48.2060612 ], [ 16.2047165, 48.2061839 ], [ 16.205162, 48.2063381 ], [ 16.2054855, 48.2064923 ], [ 16.2058067, 48.2066921 ], [ 16.205976, 48.2068049 ], [ 16.2063015, 48.2070247 ], [ 16.2065243, 48.2072417 ], [ 16.2067792, 48.2075043 ], [ 16.2070405, 48.2078198 ], [ 16.2072582, 48.2081186 ], [ 16.2074906, 48.2083964 ], [ 16.2075105, 48.2084393 ], [ 16.2075353, 48.2085378 ], [ 16.2085857, 48.2091233 ], [ 16.2091202, 48.2094006 ], [ 16.2093377, 48.2094979 ], [ 16.2096215, 48.2096276 ], [ 16.2094216, 48.2098288 ], [ 16.2093034, 48.2099201 ], [ 16.2091701, 48.2100118 ], [ 16.2089879, 48.2101157 ], [ 16.2088212, 48.210377 ], [ 16.2087609, 48.2105231 ], [ 16.2086729, 48.2105756 ], [ 16.2086235, 48.2107824 ], [ 16.2085448, 48.2107917 ], [ 16.2084367, 48.2109872 ], [ 16.2083734, 48.2109968 ], [ 16.2083086, 48.2110067 ], [ 16.2081341, 48.2110016 ], [ 16.207989, 48.2110427 ], [ 16.2076678, 48.211197 ], [ 16.2075721, 48.2111898 ], [ 16.2074223, 48.2112464 ], [ 16.2071506, 48.211267 ], [ 16.2069406, 48.2114244 ], [ 16.2067275, 48.2114543 ], [ 16.2064755, 48.2115135 ], [ 16.2063462, 48.2113956 ], [ 16.2063045, 48.2113164 ], [ 16.2062335, 48.2112866 ], [ 16.2060858, 48.2113153 ], [ 16.2059571, 48.211373 ], [ 16.205699, 48.211429 ], [ 16.2056055, 48.2114854 ], [ 16.2055521, 48.2115848 ], [ 16.2053562, 48.2117346 ], [ 16.2053028, 48.2118058 ], [ 16.2053295, 48.2118933 ], [ 16.2052605, 48.2119749 ], [ 16.2050824, 48.2121069 ], [ 16.2049555, 48.2121188 ], [ 16.2048954, 48.2120995 ], [ 16.2047263, 48.2120906 ], [ 16.204331, 48.2121888 ], [ 16.2040501, 48.2122332 ], [ 16.2034464, 48.2123398 ], [ 16.2031926, 48.212365 ], [ 16.2030034, 48.2124317 ], [ 16.2024937, 48.2124451 ], [ 16.2022422, 48.2123932 ], [ 16.2021955, 48.2124243 ], [ 16.2020928, 48.2124384 ], [ 16.2019684, 48.2124658 ], [ 16.2018171, 48.2124377 ], [ 16.2013897, 48.2125519 ], [ 16.2012317, 48.2126068 ], [ 16.2010469, 48.212675 ], [ 16.2009245, 48.2127284 ], [ 16.2007976, 48.2127773 ], [ 16.2006707, 48.2128411 ], [ 16.2004326, 48.2128708 ], [ 16.2003836, 48.2128975 ], [ 16.2003791, 48.2129509 ], [ 16.2003992, 48.2129939 ], [ 16.2003435, 48.2130102 ], [ 16.2001543, 48.2129642 ], [ 16.199891, 48.2130634 ], [ 16.1998618, 48.2131303 ], [ 16.1996252, 48.2131189 ], [ 16.1994814, 48.2131704 ], [ 16.1994398, 48.2132994 ], [ 16.1991986, 48.2133594 ], [ 16.1991772, 48.2134804 ], [ 16.1990525, 48.2135219 ], [ 16.1989056, 48.2136183 ], [ 16.1986808, 48.2136539 ], [ 16.198505, 48.2137815 ], [ 16.1984608, 48.2138767 ], [ 16.1983391, 48.2140074 ], [ 16.1981911, 48.2140724 ], [ 16.1978813, 48.2141795 ], [ 16.1977753, 48.2142763 ], [ 16.1977361, 48.2143731 ], [ 16.1977218, 48.2144987 ], [ 16.197583, 48.2145735 ], [ 16.1976796, 48.2146193 ], [ 16.1976606, 48.2146845 ], [ 16.197634, 48.2147498 ], [ 16.1976044, 48.2147937 ], [ 16.1973393, 48.2153045 ], [ 16.197232, 48.2153402 ], [ 16.1971215, 48.2154521 ], [ 16.1970743, 48.2156376 ], [ 16.1970704, 48.2157512 ], [ 16.1969671, 48.2158027 ], [ 16.1967714, 48.215826 ], [ 16.1967184, 48.2158631 ], [ 16.1967382, 48.2158954 ], [ 16.1968217, 48.2159923 ], [ 16.1968585, 48.2160826 ], [ 16.1968234, 48.2161299 ], [ 16.1967337, 48.2161556 ], [ 16.1966699, 48.2162083 ], [ 16.1966259, 48.2162956 ], [ 16.1964688, 48.216375 ], [ 16.1963852, 48.2164664 ], [ 16.1963332, 48.2164916 ], [ 16.196185, 48.2167531 ], [ 16.1960857, 48.216855 ], [ 16.1961062, 48.2169075 ], [ 16.1961204, 48.2170462 ], [ 16.1963019, 48.2170526 ], [ 16.1963609, 48.2171645 ], [ 16.1962338, 48.2173323 ], [ 16.1963677, 48.2174653 ], [ 16.1962043, 48.217742 ], [ 16.1962157, 48.2179764 ], [ 16.195873, 48.2184935 ], [ 16.1957619, 48.2185464 ], [ 16.1956938, 48.2186688 ], [ 16.1954964, 48.2187807 ], [ 16.1954873, 48.2189501 ], [ 16.1954601, 48.2190347 ], [ 16.1950403, 48.2195563 ], [ 16.1952763, 48.2198617 ], [ 16.1960863, 48.2203863 ], [ 16.1961839, 48.2204725 ], [ 16.196547, 48.2206751 ], [ 16.1967353, 48.2209261 ], [ 16.19691, 48.2210516 ], [ 16.1970734, 48.2212148 ], [ 16.1972323, 48.2212965 ], [ 16.1974637, 48.2213645 ], [ 16.1975386, 48.221363 ], [ 16.1976589, 48.2214008 ], [ 16.1982307, 48.2218029 ], [ 16.1982829, 48.2223457 ], [ 16.1977769, 48.2228839 ], [ 16.1972368, 48.2230517 ], [ 16.19696, 48.2230986 ], [ 16.1960892, 48.2233409 ], [ 16.1960977, 48.2233722 ], [ 16.1952193, 48.2233981 ], [ 16.1951182, 48.2234011 ], [ 16.1950221, 48.2234039 ], [ 16.1944185, 48.2233903 ], [ 16.1939545, 48.2234303 ], [ 16.1934156, 48.2234327 ], [ 16.1924489, 48.2235007 ], [ 16.1919066, 48.223457 ], [ 16.1905934, 48.2232034 ], [ 16.1899751, 48.223084 ], [ 16.188631, 48.2232154 ], [ 16.1878229, 48.2232911 ], [ 16.1866413, 48.2232484 ], [ 16.1860885, 48.223286 ], [ 16.1854962, 48.2230124 ], [ 16.1851719, 48.2231969 ], [ 16.1854626, 48.2238096 ], [ 16.1856963, 48.2239926 ], [ 16.185866, 48.2240536 ], [ 16.1860181, 48.2242052 ], [ 16.186034, 48.2242702 ], [ 16.1864061, 48.2245695 ], [ 16.186624, 48.2246541 ], [ 16.186835, 48.224701 ], [ 16.1871164, 48.2248129 ], [ 16.1873978, 48.2249746 ], [ 16.1874892, 48.2250503 ], [ 16.1876769, 48.2251062 ], [ 16.1877699, 48.225088 ], [ 16.1878554, 48.2250841 ], [ 16.1880036, 48.2251198 ], [ 16.1882087, 48.2250741 ], [ 16.1885801, 48.22504 ], [ 16.1885757, 48.2250743 ], [ 16.1889268, 48.2251754 ], [ 16.1890166, 48.2251793 ], [ 16.1891405, 48.2250971 ], [ 16.1892494, 48.2251122 ], [ 16.1893881, 48.2252275 ], [ 16.1897236, 48.2253586 ], [ 16.1900413, 48.2253359 ], [ 16.1902251, 48.2254478 ], [ 16.1904067, 48.2254282 ], [ 16.1904407, 48.2255566 ], [ 16.1906971, 48.2256096 ], [ 16.190713, 48.2257139 ], [ 16.1907992, 48.2257532 ], [ 16.1909218, 48.2257622 ], [ 16.1909195, 48.2258469 ], [ 16.1909808, 48.2258953 ], [ 16.1911646, 48.2259089 ], [ 16.191337, 48.2259981 ], [ 16.1915231, 48.2260283 ], [ 16.1920654, 48.2263337 ], [ 16.1921653, 48.2264289 ], [ 16.1922152, 48.2265634 ], [ 16.1923105, 48.2266118 ], [ 16.192635, 48.2269912 ], [ 16.1930275, 48.2271772 ], [ 16.1932113, 48.2271243 ], [ 16.1932658, 48.2272286 ], [ 16.1934087, 48.2273661 ], [ 16.193495, 48.2273737 ], [ 16.1935245, 48.2274538 ], [ 16.1936402, 48.2275506 ], [ 16.1936425, 48.2277078 ], [ 16.1936992, 48.2278302 ], [ 16.1937695, 48.2279179 ], [ 16.1939193, 48.2280343 ], [ 16.1939125, 48.2280887 ], [ 16.1939624, 48.2282096 ], [ 16.1940736, 48.2283094 ], [ 16.1942029, 48.2283653 ], [ 16.1943232, 48.2284621 ], [ 16.1944775, 48.2284938 ], [ 16.1944866, 48.2286299 ], [ 16.1947498, 48.228719 ], [ 16.1949745, 48.2288823 ], [ 16.1952944, 48.2290471 ], [ 16.1954147, 48.2290289 ], [ 16.195485, 48.2290985 ], [ 16.1955826, 48.2291242 ], [ 16.195687, 48.2291725 ], [ 16.1957959, 48.229171 ], [ 16.1959933, 48.2293161 ], [ 16.1961748, 48.2293207 ], [ 16.1963836, 48.2294522 ], [ 16.1963972, 48.229493 ], [ 16.1963768, 48.229564 ], [ 16.1964539, 48.2296729 ], [ 16.1967223, 48.2298759 ], [ 16.196963, 48.229873 ], [ 16.1976692, 48.2297763 ], [ 16.1977779, 48.2297504 ], [ 16.1983231, 48.229109 ], [ 16.1991031, 48.2285858 ], [ 16.1990873, 48.2291784 ], [ 16.1988886, 48.2298109 ], [ 16.19876, 48.2299303 ], [ 16.1982718, 48.2303918 ], [ 16.1983077, 48.2304598 ], [ 16.1983562, 48.2304496 ], [ 16.1984369, 48.2305394 ], [ 16.1985487, 48.2306077 ], [ 16.1986914, 48.2306637 ], [ 16.1988236, 48.2307634 ], [ 16.198927, 48.2308053 ], [ 16.1990284, 48.2307997 ], [ 16.1992198, 48.2307443 ], [ 16.1993431, 48.2306961 ], [ 16.1995074, 48.2307051 ], [ 16.1995763, 48.2308081 ], [ 16.1995284, 48.2308363 ], [ 16.1995534, 48.230859 ], [ 16.1992004, 48.2309942 ], [ 16.1989108, 48.2311205 ], [ 16.1984658, 48.2312788 ], [ 16.1982611, 48.2313649 ], [ 16.1980562, 48.2313826 ], [ 16.1980636, 48.2314397 ], [ 16.1979318, 48.2314515 ], [ 16.1971906, 48.2318344 ], [ 16.1959457, 48.232442 ], [ 16.1935992, 48.233403 ], [ 16.1936479, 48.23374 ], [ 16.193629, 48.2341091 ], [ 16.1934917, 48.234232 ], [ 16.1936611, 48.2344094 ], [ 16.1936695, 48.234437 ], [ 16.1935596, 48.23444 ], [ 16.1934159, 48.2343186 ], [ 16.1931904, 48.2345945 ], [ 16.1931865, 48.2346682 ], [ 16.1932115, 48.2346967 ], [ 16.1931833, 48.2347123 ], [ 16.1931031, 48.2347217 ], [ 16.1930348, 48.2346982 ], [ 16.19299, 48.2347296 ], [ 16.1929947, 48.2348961 ], [ 16.1931174, 48.2351229 ], [ 16.1933437, 48.2352543 ], [ 16.1934073, 48.2354175 ], [ 16.1934486, 48.2356081 ], [ 16.1935735, 48.2358245 ], [ 16.1936229, 48.2359372 ], [ 16.1936378, 48.2359769 ], [ 16.1936172, 48.2360112 ], [ 16.1934097, 48.2360756 ], [ 16.1931982, 48.2361009 ], [ 16.192779, 48.2363021 ], [ 16.1929734, 48.2364667 ], [ 16.1929896, 48.2365257 ], [ 16.1929499, 48.236653 ], [ 16.1927935, 48.2367009 ], [ 16.1925511, 48.2366505 ], [ 16.192502, 48.236706 ], [ 16.1925157, 48.2367657 ], [ 16.19267, 48.2368243 ], [ 16.1928944, 48.2368635 ], [ 16.1930253, 48.2368437 ], [ 16.1934009, 48.2368657 ], [ 16.1934734, 48.2369018 ], [ 16.1935205, 48.2369646 ], [ 16.1934899, 48.2370494 ], [ 16.19352, 48.2371236 ], [ 16.1935619, 48.237186 ], [ 16.193724, 48.2373097 ], [ 16.1938471, 48.2374663 ], [ 16.194074, 48.2376468 ], [ 16.1941025, 48.2377137 ], [ 16.1941226, 48.2377798 ], [ 16.1941737, 48.237874 ], [ 16.1941828, 48.2379559 ], [ 16.1941336, 48.238042 ], [ 16.1940231, 48.2381095 ], [ 16.194195, 48.23833 ], [ 16.1942256, 48.2383923 ], [ 16.1943034, 48.2384299 ], [ 16.1942869, 48.2384747 ], [ 16.1942246, 48.2385346 ], [ 16.1940664, 48.2386017 ], [ 16.1939332, 48.238887 ], [ 16.1939709, 48.2391697 ], [ 16.1941407, 48.2395042 ], [ 16.1942845, 48.2396565 ], [ 16.1944095, 48.2399361 ], [ 16.1943883, 48.2400837 ], [ 16.1943882, 48.2402795 ], [ 16.1944873, 48.2404779 ], [ 16.1944708, 48.2406585 ], [ 16.1944379, 48.2406804 ], [ 16.1943385, 48.2406883 ], [ 16.1941061, 48.2406288 ], [ 16.1939096, 48.2406594 ], [ 16.1938483, 48.2407433 ], [ 16.1938336, 48.2408506 ], [ 16.1938365, 48.2409239 ], [ 16.1938931, 48.241059 ], [ 16.1941006, 48.241048 ], [ 16.1941454, 48.2410826 ], [ 16.1940959, 48.2411768 ], [ 16.1938837, 48.2413684 ], [ 16.1940935, 48.2415443 ], [ 16.1942631, 48.2416103 ], [ 16.194374, 48.2416678 ], [ 16.1944756, 48.2418647 ], [ 16.1941855, 48.2419872 ], [ 16.1938766, 48.2420782 ], [ 16.1936738, 48.2424237 ], [ 16.1937221, 48.2426785 ], [ 16.1938294, 48.2429577 ], [ 16.1937021, 48.2430189 ], [ 16.1935771, 48.2430912 ], [ 16.1935158, 48.2432482 ], [ 16.1937988, 48.2441481 ], [ 16.1939238, 48.2443993 ], [ 16.194044, 48.2445249 ], [ 16.194235, 48.244627 ], [ 16.1944661, 48.2447055 ], [ 16.1945793, 48.2447746 ], [ 16.1946406, 48.244916 ], [ 16.1947066, 48.2451311 ], [ 16.1948198, 48.2452866 ], [ 16.1950533, 48.2453996 ], [ 16.1952773, 48.2457043 ], [ 16.1953268, 48.2458236 ], [ 16.1953221, 48.2459524 ], [ 16.1954164, 48.2461895 ], [ 16.1955108, 48.2463042 ], [ 16.1957324, 48.2467014 ], [ 16.195914, 48.2470862 ], [ 16.1962771, 48.2476499 ], [ 16.1960756, 48.2477755 ], [ 16.1959753, 48.2479122 ], [ 16.1959306, 48.2480026 ], [ 16.1961026, 48.2481445 ], [ 16.1960979, 48.2482105 ], [ 16.1959554, 48.2483362 ], [ 16.195932, 48.2484262 ], [ 16.1959326, 48.248527 ], [ 16.1960012, 48.2487177 ], [ 16.1960979, 48.2491197 ], [ 16.1959777, 48.2493097 ], [ 16.196006, 48.2494321 ], [ 16.1962583, 48.249831 ], [ 16.1963078, 48.2499173 ], [ 16.1964658, 48.2500037 ], [ 16.1964964, 48.2500775 ], [ 16.1966002, 48.2501262 ], [ 16.197093, 48.250547 ], [ 16.19731, 48.2506349 ], [ 16.1974986, 48.2508029 ], [ 16.1978217, 48.2509505 ], [ 16.1979608, 48.2511107 ], [ 16.1980268, 48.2513965 ], [ 16.1982061, 48.2515472 ], [ 16.1983699, 48.2516209 ], [ 16.1984206, 48.2517074 ], [ 16.1985574, 48.2517702 ], [ 16.1986282, 48.2517843 ], [ 16.1987339, 48.2518535 ], [ 16.1987582, 48.2519899 ], [ 16.1989323, 48.252081 ], [ 16.1988781, 48.2523841 ], [ 16.1990237, 48.2526051 ], [ 16.1994087, 48.2529616 ], [ 16.1995078, 48.2529731 ], [ 16.1996091, 48.252998 ], [ 16.1997528, 48.2530604 ], [ 16.1998659, 48.2531589 ], [ 16.1998891, 48.2533364 ], [ 16.1998955, 48.2534578 ], [ 16.2000434, 48.2535308 ], [ 16.2001986, 48.2534926 ], [ 16.2003755, 48.2537736 ], [ 16.2005028, 48.2538616 ], [ 16.200965, 48.2539259 ], [ 16.2010947, 48.2539856 ], [ 16.2012293, 48.2541072 ], [ 16.2012546, 48.2541755 ], [ 16.2013761, 48.2542122 ], [ 16.2016491, 48.2541839 ], [ 16.2018811, 48.2542469 ], [ 16.2020238, 48.2544064 ], [ 16.2020658, 48.2546011 ], [ 16.2021999, 48.2546578 ], [ 16.2026837, 48.2546594 ], [ 16.2028328, 48.2546998 ], [ 16.2028596, 48.254889 ], [ 16.202918, 48.2549604 ], [ 16.2032052, 48.2550925 ], [ 16.203309, 48.2551804 ], [ 16.2033342, 48.2553107 ], [ 16.2035023, 48.2554034 ], [ 16.203849, 48.2553955 ], [ 16.2039763, 48.2554473 ], [ 16.2040612, 48.2556216 ], [ 16.2047841, 48.2557773 ], [ 16.2048512, 48.2559058 ], [ 16.2047663, 48.2560738 ], [ 16.2048111, 48.2561711 ], [ 16.204903, 48.2562057 ], [ 16.20512, 48.2562009 ], [ 16.2052167, 48.2561554 ], [ 16.2055891, 48.2561814 ], [ 16.2056759, 48.2562664 ], [ 16.2056521, 48.2564306 ], [ 16.2057109, 48.2565936 ], [ 16.2055334, 48.2568615 ], [ 16.2054242, 48.2569608 ], [ 16.2053935, 48.2570346 ], [ 16.2052591, 48.2572371 ], [ 16.2053393, 48.257369 ], [ 16.2052497, 48.2574444 ], [ 16.205061, 48.2574868 ], [ 16.2049832, 48.2575354 ], [ 16.2048441, 48.2575982 ], [ 16.2048535, 48.2579735 ], [ 16.204929, 48.2582325 ], [ 16.2048889, 48.2584868 ], [ 16.2047946, 48.2585889 ], [ 16.2048205, 48.2586831 ], [ 16.2047026, 48.2587663 ], [ 16.2049266, 48.258906 ], [ 16.2049313, 48.259019 ], [ 16.2048512, 48.2590457 ], [ 16.2047238, 48.2590442 ], [ 16.2046979, 48.2590991 ], [ 16.2047639, 48.2592247 ], [ 16.2049313, 48.259264 ], [ 16.2052341, 48.2595204 ], [ 16.2054006, 48.2597962 ], [ 16.205366, 48.2598745 ], [ 16.2053637, 48.2599891 ], [ 16.2054006, 48.2600238 ], [ 16.205538, 48.2600099 ], [ 16.205652, 48.2600694 ], [ 16.2056553, 48.2600929 ], [ 16.2054844, 48.2603476 ], [ 16.2054754, 48.2603952 ], [ 16.2056028, 48.2605172 ], [ 16.2056029, 48.2605493 ], [ 16.2056646, 48.2606258 ], [ 16.2056629, 48.260789 ], [ 16.2056246, 48.2608756 ], [ 16.2056696, 48.2611121 ], [ 16.2056379, 48.2612708 ], [ 16.2056796, 48.2613985 ], [ 16.2056262, 48.2614739 ], [ 16.2056196, 48.2615772 ], [ 16.2055312, 48.2616604 ], [ 16.2054945, 48.2617437 ], [ 16.2052427, 48.2619124 ], [ 16.205146, 48.2620345 ], [ 16.2052244, 48.2621999 ], [ 16.2053644, 48.2622676 ], [ 16.2054411, 48.2622765 ], [ 16.2055262, 48.2623142 ], [ 16.2055362, 48.262382 ], [ 16.2056462, 48.2623908 ], [ 16.2056846, 48.2625196 ], [ 16.205818, 48.2626861 ], [ 16.2057913, 48.2627805 ], [ 16.2058263, 48.2628415 ], [ 16.2058296, 48.2629159 ], [ 16.2059597, 48.2630014 ], [ 16.2060197, 48.2630779 ], [ 16.2062215, 48.2631967 ], [ 16.2063149, 48.2632111 ], [ 16.2063799, 48.2632777 ], [ 16.2064833, 48.2633177 ], [ 16.2065233, 48.2633732 ], [ 16.2065983, 48.2634054 ], [ 16.20669, 48.2635219 ], [ 16.2067617, 48.2635597 ], [ 16.2071791, 48.2636975 ], [ 16.2072281, 48.2637453 ], [ 16.2072984, 48.2637584 ], [ 16.2073376, 48.2637878 ], [ 16.2074063, 48.2637845 ], [ 16.2074471, 48.2638063 ], [ 16.2074406, 48.2638846 ], [ 16.20747, 48.2639184 ], [ 16.2076187, 48.2639717 ], [ 16.2076792, 48.2639749 ], [ 16.2077258, 48.2639988 ], [ 16.2080332, 48.2640671 ], [ 16.20805, 48.2640454 ], [ 16.2080718, 48.2640963 ], [ 16.2081916, 48.2641333 ], [ 16.2086346, 48.2642093 ], [ 16.2089609, 48.2641751 ], [ 16.2094137, 48.2640181 ], [ 16.2099513, 48.2637513 ], [ 16.2102437, 48.2634875 ], [ 16.2117529, 48.2624954 ], [ 16.2120264, 48.2622882 ], [ 16.2128942, 48.2616163 ], [ 16.2134366, 48.2612741 ], [ 16.2143138, 48.2609538 ], [ 16.2145355, 48.2608094 ], [ 16.2147383, 48.2604672 ], [ 16.2146503, 48.2602392 ], [ 16.2144364, 48.2600527 ], [ 16.2144223, 48.2598989 ], [ 16.2145496, 48.2598235 ], [ 16.2153136, 48.2599365 ], [ 16.2154976, 48.259935 ], [ 16.215717, 48.2598609 ], [ 16.2160118, 48.2597133 ], [ 16.2163301, 48.2596615 ], [ 16.2165777, 48.259649 ], [ 16.2168819, 48.2594025 ], [ 16.217877, 48.2592361 ], [ 16.2197352, 48.2586097 ], [ 16.2205346, 48.2585657 ], [ 16.2213387, 48.2581905 ], [ 16.2236379, 48.2562579 ], [ 16.2264715, 48.2550302 ], [ 16.226138, 48.2547765 ], [ 16.2260979, 48.2546792 ], [ 16.2261663, 48.2545771 ], [ 16.2263243, 48.2545253 ], [ 16.2269938, 48.2544897 ], [ 16.2277981, 48.2540135 ], [ 16.2295882, 48.2532093 ], [ 16.229951, 48.2530463 ], [ 16.2314319, 48.2516285 ], [ 16.232776, 48.2511898 ], [ 16.2335997, 48.2507035 ], [ 16.2338265, 48.2502705 ], [ 16.2340666, 48.2502549 ], [ 16.2344968, 48.2501794 ], [ 16.2351738, 48.2500395 ], [ 16.2362709, 48.249984 ], [ 16.2364243, 48.2498952 ], [ 16.2366845, 48.2498818 ], [ 16.2386654, 48.2493178 ], [ 16.2390855, 48.2492445 ], [ 16.239339, 48.2492157 ], [ 16.2392723, 48.249078 ], [ 16.2397392, 48.2488559 ], [ 16.240066, 48.2487671 ], [ 16.2407496, 48.2484784 ], [ 16.2410531, 48.248374 ], [ 16.24102, 48.248115 ], [ 16.2407863, 48.247861 ], [ 16.2405662, 48.247508 ], [ 16.2403561, 48.2471571 ], [ 16.2397458, 48.246402 ], [ 16.2397458, 48.2458513 ], [ 16.2390722, 48.245456 ], [ 16.2388294, 48.2448778 ], [ 16.2387003, 48.2440311 ], [ 16.2375274, 48.24337 ], [ 16.237303, 48.2427746 ], [ 16.2374832, 48.2415452 ], [ 16.2376184, 48.2411872 ], [ 16.2378064, 48.2407381 ], [ 16.238029, 48.2404934 ], [ 16.2382463, 48.2404076 ], [ 16.2382787, 48.2403516 ], [ 16.2383016, 48.2402335 ], [ 16.2387288, 48.2400002 ], [ 16.2390743, 48.2399831 ], [ 16.2391917, 48.2399396 ], [ 16.2392601, 48.2399592 ], [ 16.2393029, 48.2398716 ], [ 16.2395413, 48.2398242 ], [ 16.2399629, 48.2397163 ], [ 16.2399562, 48.2396725 ], [ 16.2398703, 48.2396627 ], [ 16.239814, 48.2395251 ], [ 16.2398288, 48.2394028 ], [ 16.2398938, 48.2393304 ], [ 16.2399153, 48.2392983 ], [ 16.2400145, 48.2393001 ], [ 16.2401949, 48.2392978 ], [ 16.2402311, 48.2392768 ], [ 16.2402767, 48.2391768 ], [ 16.2404698, 48.2390428 ], [ 16.240494, 48.2389624 ], [ 16.2405717, 48.2388945 ], [ 16.2407454, 48.2388108 ], [ 16.2411683, 48.2387721 ], [ 16.2413167, 48.2385873 ], [ 16.2414461, 48.2384846 ], [ 16.2414771, 48.2383974 ], [ 16.2415493, 48.2383172 ], [ 16.2423776, 48.2387827 ], [ 16.242857, 48.2387827 ], [ 16.243644, 48.238828 ], [ 16.2443682, 48.2389907 ], [ 16.2445211, 48.239025 ], [ 16.2450463, 48.2389344 ], [ 16.2458673, 48.2389434 ], [ 16.2466594, 48.2390657 ], [ 16.2475114, 48.2393453 ], [ 16.248038, 48.2394653 ], [ 16.2486771, 48.2397031 ], [ 16.2501151, 48.240294 ], [ 16.2506285, 48.2402216 ], [ 16.2510874, 48.2403642 ], [ 16.2525425, 48.240328 ], [ 16.2533414, 48.2402805 ], [ 16.2545414, 48.2402329 ], [ 16.2547828, 48.2400722 ], [ 16.2557653, 48.2399589 ], [ 16.2559285, 48.239882 ], [ 16.2566155, 48.2398821 ], [ 16.2568822, 48.2398801 ], [ 16.2569528, 48.2398508 ], [ 16.2570168, 48.2398473 ], [ 16.2570475, 48.2398189 ], [ 16.2571554, 48.2398304 ], [ 16.2572554, 48.2398251 ], [ 16.2572621, 48.2398462 ], [ 16.2573178, 48.2398559 ], [ 16.2574925, 48.2398229 ], [ 16.2576563, 48.2398504 ], [ 16.2576873, 48.239847 ], [ 16.2577386, 48.239814 ], [ 16.2580179, 48.2397319 ], [ 16.2581952, 48.2396884 ], [ 16.2584412, 48.2396474 ], [ 16.2586372, 48.2396391 ], [ 16.2587191, 48.2396657 ], [ 16.2588223, 48.2396595 ], [ 16.2589191, 48.2396622 ], [ 16.2590931, 48.239723 ], [ 16.2591577, 48.2397238 ], [ 16.259209, 48.2397466 ], [ 16.2593864, 48.2396794 ], [ 16.2594516, 48.239683 ], [ 16.2595616, 48.2396015 ], [ 16.2595642, 48.2395876 ], [ 16.2595593, 48.2395763 ], [ 16.2596211, 48.2394608 ], [ 16.2596237, 48.2394417 ], [ 16.2598889, 48.2393731 ], [ 16.2599469, 48.2393385 ], [ 16.2600275, 48.2393204 ], [ 16.2600755, 48.2393669 ], [ 16.2602535, 48.2393079 ], [ 16.2602862, 48.239252 ], [ 16.260414, 48.2392657 ], [ 16.2604868, 48.2392351 ], [ 16.2605654, 48.2392524 ], [ 16.2606228, 48.2392231 ], [ 16.260748, 48.2392382 ], [ 16.260788, 48.239224 ], [ 16.2609133, 48.2391361 ], [ 16.2609833, 48.2391473 ], [ 16.2610526, 48.2390722 ], [ 16.2611719, 48.2390962 ], [ 16.2612046, 48.2390745 ], [ 16.2612559, 48.2390971 ], [ 16.2612505, 48.2391188 ], [ 16.2613265, 48.2391193 ], [ 16.2613785, 48.2391379 ], [ 16.2614191, 48.2391206 ], [ 16.2615545, 48.2390154 ], [ 16.2617518, 48.2389905 ], [ 16.2618054, 48.2389571 ], [ 16.2619892, 48.238941 ], [ 16.2621059, 48.2388749 ], [ 16.2622373, 48.238857 ], [ 16.2622775, 48.2388115 ], [ 16.2623915, 48.2388008 ], [ 16.2624277, 48.2388374 ], [ 16.2624465, 48.2388427 ], [ 16.2624599, 48.2388195 ], [ 16.2624773, 48.2388106 ], [ 16.2625618, 48.2388025 ], [ 16.2625632, 48.2387811 ], [ 16.2626584, 48.2387463 ], [ 16.2626611, 48.2387105 ], [ 16.2626168, 48.2386936 ], [ 16.2626182, 48.2386632 ], [ 16.2626718, 48.2385676 ], [ 16.2628193, 48.2384899 ], [ 16.2629025, 48.2384828 ], [ 16.2632123, 48.2383122 ], [ 16.2633249, 48.2383184 ], [ 16.2634201, 48.2382791 ], [ 16.2634134, 48.2382309 ], [ 16.2634563, 48.2382094 ], [ 16.2635355, 48.2382416 ], [ 16.2635757, 48.2382112 ], [ 16.2636267, 48.2382237 ], [ 16.2637554, 48.2382246 ], [ 16.2637621, 48.2382604 ], [ 16.2637876, 48.2382487 ], [ 16.2639056, 48.238238 ], [ 16.2640987, 48.2382479 ], [ 16.2642261, 48.2382103 ], [ 16.2642463, 48.2381534 ], [ 16.2646361, 48.2380128 ], [ 16.264821, 48.2379916 ], [ 16.2648748, 48.2379568 ], [ 16.2648632, 48.2379247 ], [ 16.2649154, 48.2378938 ], [ 16.2649055, 48.2378249 ], [ 16.2649943, 48.2377732 ], [ 16.2652078, 48.2378208 ], [ 16.2652768, 48.2378049 ], [ 16.2653103, 48.2377206 ], [ 16.2653849, 48.2377005 ], [ 16.2654031, 48.2377031 ], [ 16.2653864, 48.2377953 ], [ 16.2655351, 48.2378032 ], [ 16.2656869, 48.2378415 ], [ 16.2657323, 48.2377794 ], [ 16.2659309, 48.237737 ], [ 16.2659429, 48.2376797 ], [ 16.2659575, 48.2376733 ], [ 16.2660525, 48.2376905 ], [ 16.2661036, 48.2375582 ], [ 16.266041, 48.2375172 ], [ 16.2660388, 48.2374975 ], [ 16.2661012, 48.2373725 ], [ 16.2662208, 48.2373705 ], [ 16.2663173, 48.2373959 ], [ 16.2664236, 48.2374471 ], [ 16.266501, 48.2374506 ], [ 16.2665499, 48.2374272 ], [ 16.2665474, 48.2374021 ], [ 16.2666143, 48.2374011 ], [ 16.2666571, 48.237408 ], [ 16.2666865, 48.2374244 ], [ 16.2667357, 48.2374182 ], [ 16.2668161, 48.237257 ], [ 16.2668505, 48.237252 ], [ 16.2670388, 48.2372752 ], [ 16.2670542, 48.2372881 ], [ 16.2670963, 48.2373475 ], [ 16.2671645, 48.2373664 ], [ 16.2672531, 48.2373172 ], [ 16.2675248, 48.237275 ], [ 16.2676564, 48.2372116 ], [ 16.2678409, 48.2372092 ], [ 16.2679718, 48.2371578 ], [ 16.2681094, 48.237167 ], [ 16.2681481, 48.2372477 ], [ 16.2682208, 48.2372887 ], [ 16.268354, 48.2372977 ], [ 16.268375, 48.2373089 ], [ 16.2683678, 48.2373624 ], [ 16.2683763, 48.2373743 ], [ 16.2684207, 48.2373916 ], [ 16.2684459, 48.2373919 ], [ 16.2684694, 48.237395 ], [ 16.2684867, 48.2374117 ], [ 16.2684972, 48.2374558 ], [ 16.2685029, 48.2375373 ], [ 16.2686076, 48.2375911 ], [ 16.2687047, 48.2376283 ], [ 16.2687372, 48.2376409 ], [ 16.2687756, 48.2377114 ], [ 16.2688727, 48.2377302 ], [ 16.268888, 48.2377418 ], [ 16.2689006, 48.2378084 ], [ 16.2689711, 48.2378568 ], [ 16.2690717, 48.2378691 ], [ 16.2691084, 48.2379437 ], [ 16.2691963, 48.2379955 ], [ 16.269211, 48.2379902 ], [ 16.2692167, 48.2379693 ], [ 16.2691284, 48.237903 ], [ 16.2691332, 48.2378423 ], [ 16.2691281, 48.2377784 ], [ 16.2690416, 48.2376634 ], [ 16.2688918, 48.2375306 ], [ 16.2681585, 48.2368082 ], [ 16.2678498, 48.2365025 ], [ 16.2675759, 48.2362723 ], [ 16.2672803, 48.2360504 ], [ 16.2669741, 48.2358526 ], [ 16.2664596, 48.2355824 ], [ 16.2659669, 48.2353243 ], [ 16.2650852, 48.2348047 ], [ 16.2644877, 48.2344604 ], [ 16.2639594, 48.2341537 ], [ 16.2635254, 48.2338737 ], [ 16.2633715, 48.2337591 ], [ 16.2631327, 48.2335039 ], [ 16.2626403, 48.2329185 ], [ 16.2624455, 48.2327387 ], [ 16.2613906, 48.2320424 ], [ 16.2602705, 48.2314843 ], [ 16.2594835, 48.231192 ], [ 16.2584192, 48.2307704 ], [ 16.2575284, 48.2304003 ], [ 16.2568926, 48.2301406 ], [ 16.2564554, 48.2298627 ], [ 16.2561348, 48.2295144 ], [ 16.2558306, 48.2291115 ], [ 16.2554645, 48.2284356 ], [ 16.2553515, 48.2279223 ], [ 16.2554481, 48.2272839 ], [ 16.2554244, 48.2271104 ], [ 16.2547886, 48.2254332 ], [ 16.2546918, 48.2252549 ], [ 16.2537875, 48.2240208 ], [ 16.2532388, 48.223094 ], [ 16.2531074, 48.222943 ], [ 16.2519172, 48.221944 ], [ 16.2509273, 48.2206913 ], [ 16.2502533, 48.220076 ], [ 16.2493844, 48.2192871 ], [ 16.2497013, 48.2190467 ], [ 16.2499473, 48.2192045 ], [ 16.2498562, 48.2192337 ], [ 16.2498453, 48.2192943 ], [ 16.2503262, 48.2195638 ], [ 16.250512, 48.2196014 ], [ 16.2505357, 48.2196524 ], [ 16.2504318, 48.2197823 ], [ 16.250594, 48.2198684 ], [ 16.2507069, 48.2199971 ], [ 16.2508927, 48.220116 ], [ 16.2509619, 48.2201294 ], [ 16.2510384, 48.2201063 ], [ 16.2512352, 48.2201585 ], [ 16.2512953, 48.2202168 ], [ 16.2513536, 48.2201949 ], [ 16.2513755, 48.2201403 ], [ 16.2517434, 48.2201828 ], [ 16.251809, 48.2202241 ], [ 16.2518108, 48.2202848 ], [ 16.2518699, 48.2203139 ], [ 16.2522535, 48.2202192 ], [ 16.2522943, 48.2202195 ], [ 16.2523501, 48.2202593 ], [ 16.2522116, 48.2203224 ], [ 16.2522189, 48.2203661 ], [ 16.2523246, 48.2203903 ], [ 16.2525249, 48.220394 ], [ 16.2525978, 48.2204365 ], [ 16.2526051, 48.2204923 ], [ 16.2525286, 48.2205518 ], [ 16.2525322, 48.2205942 ], [ 16.2526579, 48.22061 ], [ 16.2529585, 48.2207969 ], [ 16.253015, 48.2209171 ], [ 16.2532317, 48.2210154 ], [ 16.2533593, 48.2212314 ], [ 16.2536239, 48.2214518 ], [ 16.2544695, 48.2209928 ], [ 16.2546763, 48.220934 ], [ 16.2547865, 48.2208919 ], [ 16.2550945, 48.2207427 ], [ 16.2552555, 48.2206438 ], [ 16.2554685, 48.2205682 ], [ 16.2555804, 48.2204753 ], [ 16.2561284, 48.2203935 ], [ 16.2562993, 48.2203254 ], [ 16.2566277, 48.2200483 ], [ 16.2571422, 48.2197942 ], [ 16.2575667, 48.2197533 ], [ 16.2578993, 48.2196614 ], [ 16.2583797, 48.2196158 ], [ 16.2585593, 48.2195725 ], [ 16.258807, 48.2195713 ], [ 16.2589635, 48.2195009 ], [ 16.2590614, 48.2194967 ], [ 16.2593981, 48.2195387 ], [ 16.2594959, 48.2195321 ], [ 16.2595479, 48.2195007 ], [ 16.2596574, 48.2195096 ], [ 16.2598861, 48.2195701 ], [ 16.2602934, 48.2195134 ], [ 16.26047, 48.2194144 ], [ 16.2606751, 48.219352 ], [ 16.2608505, 48.2192507 ], [ 16.2612295, 48.2191393 ], [ 16.2614944, 48.219053 ], [ 16.2619402, 48.2188811 ], [ 16.2625489, 48.218719 ], [ 16.2627169, 48.2186718 ], [ 16.2628057, 48.2185741 ], [ 16.2632656, 48.2183351 ], [ 16.2636298, 48.2178397 ], [ 16.2646786, 48.2175578 ], [ 16.2646851, 48.2175338 ], [ 16.2647342, 48.2175261 ], [ 16.2647335, 48.2175848 ], [ 16.2653998, 48.2177479 ], [ 16.265819, 48.217813 ], [ 16.2669674, 48.2178625 ], [ 16.2670187, 48.2178324 ], [ 16.2671394, 48.2178193 ], [ 16.2671862, 48.2177479 ], [ 16.2685462, 48.2175163 ], [ 16.2685994, 48.2175193 ], [ 16.2687408, 48.2175649 ], [ 16.2689202, 48.2175031 ], [ 16.2690737, 48.2174282 ], [ 16.2699269, 48.2174483 ], [ 16.2700068, 48.2175107 ], [ 16.2703804, 48.2174128 ], [ 16.2711452, 48.216944 ], [ 16.2711927, 48.2168756 ], [ 16.2714471, 48.2167745 ], [ 16.2714762, 48.2166288 ], [ 16.271533, 48.2165173 ], [ 16.2716363, 48.2164308 ], [ 16.2717092, 48.2163446 ], [ 16.2731116, 48.2155204 ], [ 16.2733414, 48.2154588 ], [ 16.2734003, 48.2154609 ], [ 16.2736548, 48.2153957 ], [ 16.2745492, 48.2152079 ], [ 16.2751214, 48.2150834 ], [ 16.2754452, 48.2150408 ], [ 16.275477, 48.2150366 ], [ 16.2756674, 48.2150433 ], [ 16.2760829, 48.2151013 ], [ 16.2766447, 48.2151088 ], [ 16.277255, 48.2150758 ], [ 16.2777746, 48.2149943 ], [ 16.2778858, 48.2149612 ], [ 16.2778875, 48.214952 ], [ 16.2778507, 48.2148837 ], [ 16.2778078, 48.2148036 ], [ 16.2777989, 48.2147869 ], [ 16.2779448, 48.2147466 ], [ 16.2780272, 48.2147279 ], [ 16.278128, 48.2147228 ], [ 16.2781994, 48.2147293 ], [ 16.2782638, 48.2147429 ], [ 16.2783297, 48.214764 ], [ 16.2783848, 48.2147923 ], [ 16.2784382, 48.2148306 ], [ 16.2784761, 48.214874 ], [ 16.2785625, 48.2150048 ], [ 16.2787266, 48.2149803 ], [ 16.2789091, 48.2149572 ], [ 16.2790508, 48.2149464 ], [ 16.2792141, 48.2149421 ], [ 16.2796835, 48.2149421 ], [ 16.280521, 48.2149409 ], [ 16.2807947, 48.2149409 ], [ 16.2810376, 48.2149397 ], [ 16.2811355, 48.2149337 ], [ 16.281295, 48.2149168 ], [ 16.2814563, 48.2148878 ], [ 16.2816032, 48.214854 ], [ 16.2816684, 48.2148358 ], [ 16.2818316, 48.2147984 ], [ 16.2821723, 48.2147006 ], [ 16.2824642, 48.2145822 ], [ 16.2826092, 48.2145133 ], [ 16.2827832, 48.2144252 ], [ 16.28293, 48.2143684 ], [ 16.2831349, 48.2142911 ], [ 16.2832237, 48.2142633 ], [ 16.2833687, 48.2142259 ], [ 16.2834883, 48.2141884 ], [ 16.2836533, 48.2141522 ], [ 16.2838164, 48.214122 ], [ 16.2840684, 48.2140882 ], [ 16.2842442, 48.2140749 ], [ 16.2852883, 48.213989 ], [ 16.2853711, 48.2139273 ], [ 16.2853537, 48.2135183 ], [ 16.2853401, 48.2130809 ], [ 16.2853423, 48.2130514 ], [ 16.28535, 48.2129327 ], [ 16.285386, 48.2128197 ], [ 16.2854327, 48.2127271 ], [ 16.2855224, 48.2126182 ], [ 16.2856094, 48.2125403 ], [ 16.28564, 48.2125184 ], [ 16.2857197, 48.2124612 ], [ 16.2858538, 48.2123909 ], [ 16.2858612, 48.21239 ], [ 16.2858613, 48.2123847 ], [ 16.2859213, 48.2123825 ], [ 16.2858555, 48.2119083 ], [ 16.2858352, 48.2118032 ], [ 16.2858245, 48.2117246 ], [ 16.2857616, 48.2112642 ], [ 16.2856724, 48.2107028 ], [ 16.2856567, 48.2105871 ], [ 16.2856053, 48.2102089 ], [ 16.2855917, 48.2100695 ], [ 16.2855983, 48.2098321 ], [ 16.2858276, 48.2080939 ], [ 16.2858902, 48.2075993 ], [ 16.2858291, 48.2075575 ], [ 16.2854614, 48.207306 ], [ 16.2850773, 48.2070927 ], [ 16.2847926, 48.2069787 ], [ 16.2847522, 48.2069374 ], [ 16.2847159, 48.2068688 ], [ 16.2851343, 48.2067958 ], [ 16.2852683, 48.2067727 ], [ 16.2858997, 48.2066793 ], [ 16.2868914, 48.2065475 ], [ 16.287519, 48.2064748 ], [ 16.288085, 48.2064265 ], [ 16.2884789, 48.2064118 ], [ 16.288708, 48.2064094 ], [ 16.2890622, 48.2064116 ], [ 16.2891719, 48.2064181 ], [ 16.2894253, 48.2064377 ], [ 16.2897024, 48.2064779 ], [ 16.2899453, 48.2065242 ], [ 16.2901949, 48.2065854 ], [ 16.2909764, 48.2067695 ], [ 16.291055, 48.2067905 ], [ 16.2912224, 48.2068292 ], [ 16.2919324, 48.2069932 ], [ 16.2929183, 48.2071609 ], [ 16.2933961, 48.2072302 ], [ 16.2940362, 48.2073337 ], [ 16.2941299, 48.2072426 ], [ 16.2946008, 48.207054 ], [ 16.2947812, 48.206983 ], [ 16.2951597, 48.2068342 ], [ 16.2959465, 48.2065358 ], [ 16.2961276, 48.2064661 ], [ 16.2965009, 48.2063224 ], [ 16.2970394, 48.2061041 ], [ 16.2978116, 48.2057911 ], [ 16.2984992, 48.2055233 ], [ 16.2989999, 48.2053809 ], [ 16.2998056, 48.2052412 ], [ 16.3002289, 48.2051997 ], [ 16.3015117, 48.2049863 ], [ 16.3029299, 48.20475 ], [ 16.303551, 48.2046558 ], [ 16.3036192, 48.2047868 ], [ 16.3036366, 48.2047859 ], [ 16.3036775, 48.2047864 ], [ 16.30376, 48.2047873 ], [ 16.3040281, 48.2047892 ], [ 16.3040549, 48.2047899 ], [ 16.3041884, 48.2047931 ], [ 16.3042987, 48.2047912 ], [ 16.3044771, 48.204788 ], [ 16.3047126, 48.2047644 ], [ 16.3048149, 48.2047467 ], [ 16.3048416, 48.2047421 ], [ 16.3050052, 48.2047032 ], [ 16.3051243, 48.2046719 ], [ 16.3055571, 48.2045581 ], [ 16.3056387, 48.2045366 ], [ 16.3058609, 48.2044903 ], [ 16.3069809, 48.2042684 ], [ 16.3073456, 48.2041796 ], [ 16.3079627, 48.2039982 ], [ 16.308047, 48.2039812 ], [ 16.3080691, 48.2039768 ], [ 16.3082095, 48.2039426 ], [ 16.3090127, 48.2037291 ], [ 16.3090247, 48.2034612 ], [ 16.3089654, 48.2032181 ], [ 16.3089133, 48.2030824 ], [ 16.3093707, 48.2031839 ], [ 16.3106961, 48.2028681 ], [ 16.3107315, 48.2028595 ], [ 16.3114057, 48.2027008 ], [ 16.3129688, 48.2019183 ], [ 16.3146193, 48.2011065 ], [ 16.3155941, 48.2006162 ], [ 16.3164336, 48.2002089 ], [ 16.3181864, 48.1993213 ], [ 16.3184064, 48.1992065 ], [ 16.3185274, 48.1991447 ], [ 16.3186108, 48.1990992 ], [ 16.3182575, 48.1990901 ], [ 16.3178743, 48.1990908 ], [ 16.3176645, 48.1990857 ], [ 16.3162921, 48.1990708 ], [ 16.3153597, 48.1990598 ], [ 16.3143526, 48.199048 ], [ 16.3142783, 48.1986 ], [ 16.3141001, 48.1975653 ], [ 16.3139269, 48.1965205 ], [ 16.3132924, 48.1953611 ], [ 16.3127818, 48.1944281 ], [ 16.3136947, 48.1942081 ], [ 16.3147226, 48.1939606 ], [ 16.3157982, 48.1937032 ], [ 16.3169056, 48.1934349 ], [ 16.3163734, 48.1924506 ], [ 16.3166706, 48.1921901 ], [ 16.3169271, 48.1919696 ], [ 16.3175167, 48.1916565 ], [ 16.3187391, 48.1912954 ], [ 16.3205438, 48.1907537 ], [ 16.3203042, 48.190228 ], [ 16.3203353, 48.1900139 ], [ 16.3200094, 48.1899884 ], [ 16.319669, 48.1899788 ], [ 16.3194149, 48.1899852 ], [ 16.3160076, 48.1902006 ], [ 16.3158222, 48.1902119 ], [ 16.3156319, 48.1902135 ], [ 16.3154404, 48.190202 ], [ 16.3154064, 48.1901427 ], [ 16.3144745, 48.1884275 ], [ 16.314488, 48.1884172 ], [ 16.3145929, 48.1883315 ], [ 16.3146767, 48.1882383 ], [ 16.3146977, 48.1882094 ], [ 16.3147306, 48.1881586 ], [ 16.31476, 48.1881051 ], [ 16.3147854, 48.188043 ], [ 16.3148029, 48.1879785 ], [ 16.3148189, 48.1879518 ], [ 16.3148404, 48.1879252 ], [ 16.3148697, 48.1878971 ], [ 16.3146955, 48.187643 ], [ 16.3146028, 48.1876534 ], [ 16.3145125, 48.1876306 ], [ 16.3144818, 48.1876098 ], [ 16.3144452, 48.1876172 ], [ 16.3142055, 48.1871851 ], [ 16.3133873, 48.187338 ], [ 16.3130943, 48.1873759 ], [ 16.312593, 48.1874081 ], [ 16.3119141, 48.1874384 ], [ 16.3083038, 48.1875601 ], [ 16.3082256, 48.1875627 ], [ 16.3051883, 48.1876298 ], [ 16.3046555, 48.1876772 ], [ 16.3038295, 48.1878075 ], [ 16.3034966, 48.187876 ], [ 16.2995716, 48.1887135 ], [ 16.298051, 48.189037 ], [ 16.2926159, 48.190158 ], [ 16.2905503, 48.1905328 ] ] ] } },
{ "type": "Feature", "properties": { "osm_id": 1990599, "ref": 15, "name": "Rudolfsheim-Fünfhaus", "name:de": null, "population": 69078.0, "area_km2": 3.918 }, "geometry": { "type": "Polygon", "coordinates": [ [ [ 16.3392406, 48.1958746 ], [ 16.3391615, 48.1958469 ], [ 16.3392303, 48.19555 ], [ 16.3392629, 48.1954004 ], [ 16.339287, 48.1953208 ], [ 16.339316, 48.1952484 ], [ 16.3393908, 48.1951518 ], [ 16.3394005, 48.1950698 ], [ 16.3393956, 48.194962 ], [ 16.3393751, 48.1948574 ], [ 16.3393401, 48.1947568 ], [ 16.3392794, 48.1946341 ], [ 16.3390906, 48.1942966 ], [ 16.3391907, 48.194268 ], [ 16.3384075, 48.1928753 ], [ 16.3383888, 48.1928577 ], [ 16.3379918, 48.1920913 ], [ 16.3377896, 48.1918707 ], [ 16.3374884, 48.1913521 ], [ 16.3375077, 48.1913283 ], [ 16.337439, 48.1911018 ], [ 16.3374217, 48.1910155 ], [ 16.3374196, 48.1910001 ], [ 16.337414, 48.190872 ], [ 16.3373282, 48.1908655 ], [ 16.3373684, 48.1905829 ], [ 16.3373764, 48.1905835 ], [ 16.3375004, 48.190593 ], [ 16.3375751, 48.1904053 ], [ 16.3379923, 48.1894886 ], [ 16.3381778, 48.189018 ], [ 16.3381873, 48.188994 ], [ 16.3387236, 48.1886538 ], [ 16.3388863, 48.1885165 ], [ 16.3390566, 48.1883152 ], [ 16.338705, 48.1882163 ], [ 16.3383582, 48.1880803 ], [ 16.3380482, 48.187894 ], [ 16.3380081, 48.1878671 ], [ 16.3378104, 48.1877343 ], [ 16.3377545, 48.1876968 ], [ 16.3373052, 48.1873604 ], [ 16.3371021, 48.1871809 ], [ 16.3369521, 48.1870274 ], [ 16.3364204, 48.1863451 ], [ 16.3359559, 48.1858277 ], [ 16.3351597, 48.1852103 ], [ 16.3345983, 48.1848145 ], [ 16.334278, 48.1846207 ], [ 16.3339958, 48.1844744 ], [ 16.3336224, 48.1843234 ], [ 16.3330486, 48.1841299 ], [ 16.3324933, 48.1839542 ], [ 16.3320213, 48.1838641 ], [ 16.3317299, 48.1838293 ], [ 16.3315079, 48.1838122 ], [ 16.3314187, 48.1838053 ], [ 16.3308412, 48.1837631 ], [ 16.3301359, 48.1837308 ], [ 16.3286427, 48.1837288 ], [ 16.327655, 48.1837758 ], [ 16.327197, 48.18383 ], [ 16.3268379, 48.1838934 ], [ 16.3263754, 48.1840025 ], [ 16.3258208, 48.184147 ], [ 16.3243935, 48.1845681 ], [ 16.3217511, 48.1853531 ], [ 16.3201313, 48.1858213 ], [ 16.3199017, 48.1858831 ], [ 16.3173592, 48.1865707 ], [ 16.3170423, 48.1866573 ], [ 16.3167233, 48.1867353 ], [ 16.3142055, 48.1871851 ], [ 16.3144452, 48.1876172 ], [ 16.3144818, 48.1876098 ], [ 16.3145125, 48.1876306 ], [ 16.3146028, 48.1876534 ], [ 16.3146955, 48.187643 ], [ 16.3148697, 48.1878971 ], [ 16.3148404, 48.1879252 ], [ 16.3148189, 48.1879518 ], [ 16.3148029, 48.1879785 ], [ 16.3147854, 48.188043 ], [ 16.31476, 48.1881051 ], [ 16.3147306, 48.1881586 ], [ 16.3146977, 48.1882094 ], [ 16.3146767, 48.1882383 ], [ 16.3145929, 48.1883315 ], [ 16.314488, 48.1884172 ], [ 16.3144745, 48.1884275 ], [ 16.3154064, 48.1901427 ], [ 16.3154404, 48.190202 ], [ 16.3156319, 48.1902135 ], [ 16.3158222, 48.1902119 ], [ 16.3160076, 48.1902006 ], [ 16.3194149, 48.1899852 ], [ 16.319669, 48.1899788 ], [ 16.3200094, 48.1899884 ], [ 16.3203353, 48.1900139 ], [ 16.3203042, 48.190228 ], [ 16.3205438, 48.1907537 ], [ 16.3187391, 48.1912954 ], [ 16.3175167, 48.1916565 ], [ 16.3169271, 48.1919696 ], [ 16.3166706, 48.1921901 ], [ 16.3163734, 48.1924506 ], [ 16.3169056, 48.1934349 ], [ 16.3157982, 48.1937032 ], [ 16.3147226, 48.1939606 ], [ 16.3136947, 48.1942081 ], [ 16.3127818, 48.1944281 ], [ 16.3132924, 48.1953611 ], [ 16.3139269, 48.1965205 ], [ 16.3141001, 48.1975653 ], [ 16.3142783, 48.1986 ], [ 16.3143526, 48.199048 ], [ 16.3153597, 48.1990598 ], [ 16.3162921, 48.1990708 ], [ 16.3176645, 48.1990857 ], [ 16.3178743, 48.1990908 ], [ 16.3182575, 48.1990901 ], [ 16.3186108, 48.1990992 ], [ 16.3185274, 48.1991447 ], [ 16.3184064, 48.1992065 ], [ 16.3181864, 48.1993213 ], [ 16.3164336, 48.2002089 ], [ 16.3155941, 48.2006162 ], [ 16.3146193, 48.2011065 ], [ 16.3129688, 48.2019183 ], [ 16.3114057, 48.2027008 ], [ 16.3107315, 48.2028595 ], [ 16.3106961, 48.2028681 ], [ 16.3107704, 48.202999 ], [ 16.3111955, 48.2037664 ], [ 16.3116038, 48.2045452 ], [ 16.3119087, 48.2044787 ], [ 16.311931, 48.2044733 ], [ 16.3125914, 48.2043339 ], [ 16.3126082, 48.2043294 ], [ 16.3125059, 48.2051072 ], [ 16.31249, 48.2052784 ], [ 16.3125021, 48.2054618 ], [ 16.3123853, 48.2054808 ], [ 16.3125491, 48.2060287 ], [ 16.3125159, 48.206596 ], [ 16.3127389, 48.2072044 ], [ 16.3127879, 48.2072338 ], [ 16.3142027, 48.2070091 ], [ 16.3151803, 48.2068657 ], [ 16.3160834, 48.2067256 ], [ 16.3175505, 48.2064965 ], [ 16.3188751, 48.2062961 ], [ 16.3203865, 48.2060651 ], [ 16.3221256, 48.2058051 ], [ 16.3234787, 48.2055984 ], [ 16.3247108, 48.2054062 ], [ 16.3273311, 48.205011 ], [ 16.3280301, 48.2049028 ], [ 16.3292649, 48.2047194 ], [ 16.3310565, 48.2044495 ], [ 16.3324563, 48.2042383 ], [ 16.3336691, 48.2040593 ], [ 16.3343844, 48.2040886 ], [ 16.3356565, 48.20414 ], [ 16.3365948, 48.2041739 ], [ 16.3367537, 48.2041797 ], [ 16.336864, 48.2041863 ], [ 16.3369348, 48.2041897 ], [ 16.3370141, 48.2041934 ], [ 16.3371361, 48.2027519 ], [ 16.3371632, 48.2026746 ], [ 16.3371784, 48.2025063 ], [ 16.3371426, 48.2025048 ], [ 16.3371581, 48.2023071 ], [ 16.3371741, 48.2022202 ], [ 16.3372315, 48.2018366 ], [ 16.3375945, 48.2006104 ], [ 16.3379228, 48.1997437 ], [ 16.3379393, 48.1997449 ], [ 16.3379795, 48.1996398 ], [ 16.33796, 48.1996247 ], [ 16.3380108, 48.1995034 ], [ 16.3385436, 48.1981056 ], [ 16.3385744, 48.1980138 ], [ 16.3385765, 48.1977849 ], [ 16.3385929, 48.1976788 ], [ 16.3386513, 48.1974912 ], [ 16.3387154, 48.1973256 ], [ 16.3387895, 48.1971961 ], [ 16.3389936, 48.1966553 ], [ 16.3390166, 48.1965884 ], [ 16.3390252, 48.1964866 ], [ 16.3390389, 48.1964269 ], [ 16.3392406, 48.1958746 ] ] ] } },
{ "type": "Feature", "properties": { "osm_id": 1991441, "ref": 16, "name": "Ottakring", "name:de": null, "population": 100520.0, "area_km2": 8.672 }, "geometry": { "type": "Polygon", "coordinates": [ [ [ 16.3106961, 48.2028681 ], [ 16.3107704, 48.202999 ], [ 16.3111955, 48.2037664 ], [ 16.3116038, 48.2045452 ], [ 16.3119087, 48.2044787 ], [ 16.311931, 48.2044733 ], [ 16.3125914, 48.2043339 ], [ 16.3126082, 48.2043294 ], [ 16.3125059, 48.2051072 ], [ 16.31249, 48.2052784 ], [ 16.3125021, 48.2054618 ], [ 16.3123853, 48.2054808 ], [ 16.3125491, 48.2060287 ], [ 16.3125159, 48.206596 ], [ 16.3127389, 48.2072044 ], [ 16.3127879, 48.2072338 ], [ 16.3142027, 48.2070091 ], [ 16.3151803, 48.2068657 ], [ 16.3160834, 48.2067256 ], [ 16.3175505, 48.2064965 ], [ 16.3188751, 48.2062961 ], [ 16.3203865, 48.2060651 ], [ 16.3221256, 48.2058051 ], [ 16.3234787, 48.2055984 ], [ 16.3247108, 48.2054062 ], [ 16.3273311, 48.205011 ], [ 16.3280301, 48.2049028 ], [ 16.3292649, 48.2047194 ], [ 16.3310565, 48.2044495 ], [ 16.3324563, 48.2042383 ], [ 16.3336691, 48.2040593 ], [ 16.3343844, 48.2040886 ], [ 16.3356565, 48.20414 ], [ 16.3365948, 48.2041739 ], [ 16.3367537, 48.2041797 ], [ 16.336864, 48.2041863 ], [ 16.3369348, 48.2041897 ], [ 16.3370141, 48.2041934 ], [ 16.3369052, 48.205488 ], [ 16.3368956, 48.2058519 ], [ 16.3370173, 48.2063251 ], [ 16.3374768, 48.2070885 ], [ 16.3374349, 48.2071006 ], [ 16.3374938, 48.2071917 ], [ 16.3380695, 48.2080798 ], [ 16.3380447, 48.2080869 ], [ 16.3382709, 48.2084376 ], [ 16.3383398, 48.2084173 ], [ 16.3383516, 48.2084352 ], [ 16.3384515, 48.2085779 ], [ 16.3385073, 48.2086701 ], [ 16.3385249, 48.2086966 ], [ 16.3385368, 48.2087255 ], [ 16.3385738, 48.2087771 ], [ 16.3386244, 48.2088633 ], [ 16.3386732, 48.2089571 ], [ 16.3387162, 48.2090506 ], [ 16.3387518, 48.2091413 ], [ 16.3387831, 48.209234 ], [ 16.338811, 48.20933 ], [ 16.3388333, 48.2094276 ], [ 16.3388503, 48.2095197 ], [ 16.3388635, 48.20962 ], [ 16.3388824, 48.2097873 ], [ 16.3388949, 48.2099275 ], [ 16.3389644, 48.2104196 ], [ 16.3389954, 48.2106618 ], [ 16.3390162, 48.2108144 ], [ 16.339034, 48.2109494 ], [ 16.3390469, 48.2110421 ], [ 16.3390496, 48.211201 ], [ 16.3390176, 48.2112037 ], [ 16.3390303, 48.2112975 ], [ 16.3389712, 48.211301 ], [ 16.33898, 48.2113672 ], [ 16.3389891, 48.2113667 ], [ 16.3390031, 48.2114803 ], [ 16.3390171, 48.2115934 ], [ 16.3390119, 48.2115938 ], [ 16.3390214, 48.2116553 ], [ 16.3390836, 48.2116511 ], [ 16.3391513, 48.2119625 ], [ 16.3391957, 48.2119567 ], [ 16.3392349, 48.2120937 ], [ 16.339245, 48.2121214 ], [ 16.3392509, 48.2121448 ], [ 16.3389164, 48.2121758 ], [ 16.3387751, 48.2121873 ], [ 16.3387201, 48.2121918 ], [ 16.3386834, 48.2121948 ], [ 16.3384177, 48.2122164 ], [ 16.3384815, 48.2132112 ], [ 16.3385269, 48.2140665 ], [ 16.3385846, 48.2149958 ], [ 16.338588, 48.2150512 ], [ 16.3385906, 48.2150918 ], [ 16.3385927, 48.2151016 ], [ 16.3385012, 48.2150926 ], [ 16.3380453, 48.2150156 ], [ 16.337134, 48.2149004 ], [ 16.3365584, 48.2148268 ], [ 16.3358963, 48.2147418 ], [ 16.3358082, 48.2147305 ], [ 16.3356809, 48.2147133 ], [ 16.3355508, 48.2146969 ], [ 16.3348803, 48.2146139 ], [ 16.334536, 48.2145704 ], [ 16.3344521, 48.214571 ], [ 16.3332021, 48.214409 ], [ 16.3321052, 48.2142844 ], [ 16.331711, 48.2142337 ], [ 16.3316128, 48.2142205 ], [ 16.3315755, 48.2142146 ], [ 16.3315134, 48.2142047 ], [ 16.3308366, 48.2140971 ], [ 16.330559, 48.2140458 ], [ 16.3300755, 48.2139552 ], [ 16.3293391, 48.213821 ], [ 16.3291457, 48.2137866 ], [ 16.3290349, 48.2137669 ], [ 16.3289213, 48.2137466 ], [ 16.3283203, 48.213639 ], [ 16.3276011, 48.2135006 ], [ 16.3272018, 48.2134238 ], [ 16.3268816, 48.213358 ], [ 16.3263759, 48.2132866 ], [ 16.3259362, 48.21321 ], [ 16.3256983, 48.2131737 ], [ 16.3256231, 48.2131622 ], [ 16.3255798, 48.2132655 ], [ 16.3255672, 48.2133351 ], [ 16.3255671, 48.2134933 ], [ 16.325532, 48.2137883 ], [ 16.3254993, 48.213989 ], [ 16.3254603, 48.2141489 ], [ 16.3254367, 48.2143283 ], [ 16.3253249, 48.2151962 ], [ 16.3253193, 48.2153059 ], [ 16.3245661, 48.2152865 ], [ 16.3242206, 48.2152776 ], [ 16.3234094, 48.2152653 ], [ 16.3226381, 48.2152505 ], [ 16.3222571, 48.2152496 ], [ 16.3225374, 48.2160351 ], [ 16.3225538, 48.2160809 ], [ 16.3225585, 48.2160941 ], [ 16.3216622, 48.2161286 ], [ 16.3207929, 48.2161596 ], [ 16.3207986, 48.2161767 ], [ 16.3208104, 48.2162123 ], [ 16.3211668, 48.2172852 ], [ 16.3199557, 48.2174137 ], [ 16.3198949, 48.2174202 ], [ 16.3199115, 48.2174619 ], [ 16.3201887, 48.2183116 ], [ 16.3204267, 48.2190546 ], [ 16.3204905, 48.219275 ], [ 16.3204994, 48.2193026 ], [ 16.3205094, 48.2193335 ], [ 16.3205212, 48.2193705 ], [ 16.3205554, 48.2194776 ], [ 16.3206943, 48.2199257 ], [ 16.320905, 48.2205266 ], [ 16.3191274, 48.2211594 ], [ 16.3176179, 48.2216809 ], [ 16.3167279, 48.2219989 ], [ 16.3166714, 48.2220192 ], [ 16.3162445, 48.2221729 ], [ 16.3159106, 48.2222851 ], [ 16.3158453, 48.222307 ], [ 16.3149929, 48.2226072 ], [ 16.314901, 48.2226396 ], [ 16.3138015, 48.2230352 ], [ 16.3137386, 48.2230574 ], [ 16.3127365, 48.2234106 ], [ 16.31213, 48.2226519 ], [ 16.3115727, 48.2227455 ], [ 16.3113016, 48.2227753 ], [ 16.3108387, 48.2227992 ], [ 16.3103629, 48.2228142 ], [ 16.3103606, 48.2229066 ], [ 16.3103489, 48.2229135 ], [ 16.3097337, 48.2230948 ], [ 16.3096276, 48.222957 ], [ 16.3095746, 48.2228952 ], [ 16.3091448, 48.223041 ], [ 16.3091857, 48.2230963 ], [ 16.3084259, 48.2233583 ], [ 16.308288, 48.223174 ], [ 16.3082415, 48.2230686 ], [ 16.3082306, 48.2229528 ], [ 16.3082911, 48.2227348 ], [ 16.3069692, 48.2225798 ], [ 16.3069673, 48.222585 ], [ 16.3067948, 48.222562 ], [ 16.3067678, 48.2226969 ], [ 16.3066937, 48.2229056 ], [ 16.3063244, 48.2240671 ], [ 16.3062015, 48.2244484 ], [ 16.3057461, 48.2245424 ], [ 16.3054501, 48.224595 ], [ 16.3051586, 48.2246334 ], [ 16.3047989, 48.2246688 ], [ 16.3042296, 48.2247184 ], [ 16.3039442, 48.2247315 ], [ 16.3036892, 48.2247335 ], [ 16.3034721, 48.2247325 ], [ 16.3032459, 48.2247255 ], [ 16.3029393, 48.2247113 ], [ 16.3027086, 48.2246911 ], [ 16.3024581, 48.2246516 ], [ 16.3024839, 48.2245768 ], [ 16.3025993, 48.2244767 ], [ 16.3027071, 48.2243786 ], [ 16.3027587, 48.2243209 ], [ 16.3028057, 48.2242552 ], [ 16.302833, 48.2241965 ], [ 16.3028513, 48.2241338 ], [ 16.3028619, 48.2240701 ], [ 16.3028619, 48.2240115 ], [ 16.3028543, 48.2239295 ], [ 16.3027921, 48.2237242 ], [ 16.302789, 48.2236676 ], [ 16.3027981, 48.2236231 ], [ 16.3019921, 48.2234724 ], [ 16.3012968, 48.2234047 ], [ 16.3012407, 48.2234077 ], [ 16.3011906, 48.2234198 ], [ 16.3011465, 48.2234441 ], [ 16.3010813, 48.2234997 ], [ 16.3010373, 48.2235351 ], [ 16.300339, 48.2237667 ], [ 16.3001477, 48.2238335 ], [ 16.2998942, 48.2239113 ], [ 16.2997075, 48.2239589 ], [ 16.2994798, 48.2240105 ], [ 16.2992976, 48.2240448 ], [ 16.2990665, 48.2240802 ], [ 16.2989845, 48.2242008 ], [ 16.2989543, 48.2241874 ], [ 16.2988953, 48.2241643 ], [ 16.2988467, 48.2241487 ], [ 16.2987903, 48.2241365 ], [ 16.2987391, 48.2241305 ], [ 16.2986825, 48.2241292 ], [ 16.2986189, 48.2241316 ], [ 16.2985759, 48.2241368 ], [ 16.29853, 48.2241449 ], [ 16.2984414, 48.2241697 ], [ 16.2980701, 48.224333 ], [ 16.2979219, 48.2244024 ], [ 16.297608, 48.2245476 ], [ 16.2974757, 48.2245938 ], [ 16.2973674, 48.224622 ], [ 16.2972519, 48.2246386 ], [ 16.2968181, 48.2246227 ], [ 16.2962463, 48.2246017 ], [ 16.2961096, 48.2245889 ], [ 16.2959374, 48.2245641 ], [ 16.2956721, 48.2245194 ], [ 16.2949444, 48.2243599 ], [ 16.2946951, 48.2243009 ], [ 16.2939565, 48.2241391 ], [ 16.2937891, 48.2241004 ], [ 16.292898, 48.2238955 ], [ 16.2925156, 48.2238097 ], [ 16.2921433, 48.2237259 ], [ 16.2919764, 48.2236865 ], [ 16.2917747, 48.2236404 ], [ 16.291567, 48.223591 ], [ 16.2914577, 48.2235595 ], [ 16.2912445, 48.2234732 ], [ 16.2911073, 48.2234014 ], [ 16.2906926, 48.2231541 ], [ 16.290514, 48.2230291 ], [ 16.2904471, 48.2229819 ], [ 16.2903924, 48.2229345 ], [ 16.2899488, 48.2226459 ], [ 16.2898689, 48.2226035 ], [ 16.2895183, 48.2224164 ], [ 16.289364, 48.2223363 ], [ 16.2893219, 48.2223144 ], [ 16.2892609, 48.2222811 ], [ 16.2891841, 48.2223167 ], [ 16.288782, 48.2220137 ], [ 16.2886899, 48.2219477 ], [ 16.2885722, 48.2218878 ], [ 16.2883892, 48.2218151 ], [ 16.2883715, 48.2218214 ], [ 16.2882653, 48.2217687 ], [ 16.2879492, 48.2216491 ], [ 16.2873131, 48.221621 ], [ 16.2859672, 48.2215498 ], [ 16.2866529, 48.2227071 ], [ 16.2867327, 48.2230334 ], [ 16.286712, 48.2230811 ], [ 16.2867676, 48.2232556 ], [ 16.2868867, 48.2234062 ], [ 16.2867705, 48.2236056 ], [ 16.2867672, 48.2238955 ], [ 16.2868211, 48.2242399 ], [ 16.2863142, 48.2240362 ], [ 16.2861067, 48.2240147 ], [ 16.28596, 48.2240354 ], [ 16.2856234, 48.2240009 ], [ 16.2856087, 48.2240158 ], [ 16.285311, 48.2238899 ], [ 16.2852812, 48.2238807 ], [ 16.2851638, 48.2238652 ], [ 16.2849216, 48.2238455 ], [ 16.284686, 48.2237947 ], [ 16.2845637, 48.2237381 ], [ 16.2843797, 48.2237512 ], [ 16.2842099, 48.2238155 ], [ 16.283598, 48.223988 ], [ 16.2835022, 48.2240151 ], [ 16.2833805, 48.224061 ], [ 16.2831674, 48.2240996 ], [ 16.2829759, 48.2242385 ], [ 16.282633, 48.2244076 ], [ 16.2822838, 48.2246169 ], [ 16.2820066, 48.2250164 ], [ 16.28144, 48.2253257 ], [ 16.2810147, 48.2255991 ], [ 16.2805415, 48.2258149 ], [ 16.2803054, 48.2259772 ], [ 16.2799514, 48.2259906 ], [ 16.2797226, 48.2260678 ], [ 16.279534, 48.2261032 ], [ 16.2794437, 48.2261516 ], [ 16.2791227, 48.226219 ], [ 16.2789171, 48.2263239 ], [ 16.2789073, 48.2264158 ], [ 16.2787914, 48.226463 ], [ 16.2785582, 48.2265142 ], [ 16.2785155, 48.2264951 ], [ 16.2784142, 48.2265036 ], [ 16.278399, 48.2265451 ], [ 16.2783264, 48.2265589 ], [ 16.2782592, 48.2265536 ], [ 16.2781116, 48.2266524 ], [ 16.277793, 48.2266996 ], [ 16.2775011, 48.2266864 ], [ 16.27714, 48.2266691 ], [ 16.2769637, 48.2266813 ], [ 16.2767019, 48.2267886 ], [ 16.2764554, 48.2267805 ], [ 16.2762051, 48.2270362 ], [ 16.2751833, 48.2269661 ], [ 16.2747481, 48.2269351 ], [ 16.2745504, 48.2269208 ], [ 16.2741684, 48.2269095 ], [ 16.2714755, 48.2268384 ], [ 16.2713747, 48.2267781 ], [ 16.2712213, 48.2267343 ], [ 16.2706738, 48.2267052 ], [ 16.2704048, 48.2266837 ], [ 16.2698425, 48.2265971 ], [ 16.2692757, 48.2265913 ], [ 16.2691766, 48.2266124 ], [ 16.2690143, 48.226671 ], [ 16.2687747, 48.2266827 ], [ 16.2685469, 48.226648 ], [ 16.2683994, 48.2266441 ], [ 16.2680079, 48.2265484 ], [ 16.2670337, 48.2265847 ], [ 16.2665365, 48.2265453 ], [ 16.2663876, 48.226497 ], [ 16.2663139, 48.2264373 ], [ 16.2658682, 48.2262433 ], [ 16.2656733, 48.2261868 ], [ 16.2654332, 48.2260645 ], [ 16.2650283, 48.2260182 ], [ 16.264748, 48.225926 ], [ 16.2645135, 48.2258005 ], [ 16.2643183, 48.22576 ], [ 16.2640797, 48.2256666 ], [ 16.2637832, 48.2256627 ], [ 16.2637501, 48.2255032 ], [ 16.2636244, 48.2254479 ], [ 16.2634112, 48.2254543 ], [ 16.263226, 48.225413 ], [ 16.2629884, 48.2253959 ], [ 16.2626571, 48.225283 ], [ 16.2624477, 48.2251954 ], [ 16.2622886, 48.2250651 ], [ 16.2619101, 48.224985 ], [ 16.2616836, 48.224886 ], [ 16.2614168, 48.2248461 ], [ 16.2613971, 48.2248188 ], [ 16.2613807, 48.224802 ], [ 16.2613491, 48.2247785 ], [ 16.2609469, 48.224681 ], [ 16.2607239, 48.2247374 ], [ 16.2606567, 48.2247235 ], [ 16.26053, 48.2247215 ], [ 16.2603617, 48.2247539 ], [ 16.2601983, 48.2247151 ], [ 16.2601789, 48.2247218 ], [ 16.2601732, 48.2247326 ], [ 16.2601474, 48.2247879 ], [ 16.2601401, 48.2247988 ], [ 16.2601075, 48.2248268 ], [ 16.2599184, 48.2249059 ], [ 16.25987, 48.2249118 ], [ 16.2596784, 48.224866 ], [ 16.2594443, 48.2248225 ], [ 16.2591482, 48.2248119 ], [ 16.2589153, 48.2248362 ], [ 16.2586698, 48.2248714 ], [ 16.2586094, 48.224868 ], [ 16.2585827, 48.2248194 ], [ 16.2585266, 48.2247857 ], [ 16.2584802, 48.2247848 ], [ 16.2582838, 48.2248829 ], [ 16.2582529, 48.2248801 ], [ 16.2581435, 48.2247231 ], [ 16.2578782, 48.2246105 ], [ 16.25774, 48.2244562 ], [ 16.2575952, 48.2243384 ], [ 16.2574249, 48.2242813 ], [ 16.2573706, 48.2242354 ], [ 16.2573706, 48.2241839 ], [ 16.2573988, 48.2241296 ], [ 16.2573695, 48.2240718 ], [ 16.2572369, 48.2240134 ], [ 16.2570739, 48.2240168 ], [ 16.2570321, 48.2239946 ], [ 16.2570258, 48.2239591 ], [ 16.2570781, 48.2239111 ], [ 16.2570739, 48.22387 ], [ 16.2570217, 48.2238366 ], [ 16.2569108, 48.2237893 ], [ 16.2568632, 48.2237333 ], [ 16.2568081, 48.2235864 ], [ 16.2566449, 48.223386 ], [ 16.2566504, 48.2233091 ], [ 16.2566027, 48.2232394 ], [ 16.256456, 48.2232028 ], [ 16.2562579, 48.2231747 ], [ 16.2562139, 48.223138 ], [ 16.2561772, 48.2230256 ], [ 16.2558929, 48.222879 ], [ 16.2557169, 48.2228435 ], [ 16.2556637, 48.2226945 ], [ 16.2555903, 48.222637 ], [ 16.2555041, 48.2226041 ], [ 16.2551832, 48.2225686 ], [ 16.2550951, 48.2225405 ], [ 16.255031, 48.2224855 ], [ 16.2549539, 48.2223328 ], [ 16.2545046, 48.2219821 ], [ 16.2539213, 48.2217261 ], [ 16.2537336, 48.2215757 ], [ 16.2536239, 48.2214518 ], [ 16.2544695, 48.2209928 ], [ 16.2546763, 48.220934 ], [ 16.2547865, 48.2208919 ], [ 16.2550945, 48.2207427 ], [ 16.2552555, 48.2206438 ], [ 16.2554685, 48.2205682 ], [ 16.2555804, 48.2204753 ], [ 16.2561284, 48.2203935 ], [ 16.2562993, 48.2203254 ], [ 16.2566277, 48.2200483 ], [ 16.2571422, 48.2197942 ], [ 16.2575667, 48.2197533 ], [ 16.2578993, 48.2196614 ], [ 16.2583797, 48.2196158 ], [ 16.2585593, 48.2195725 ], [ 16.258807, 48.2195713 ], [ 16.2589635, 48.2195009 ], [ 16.2590614, 48.2194967 ], [ 16.2593981, 48.2195387 ], [ 16.2594959, 48.2195321 ], [ 16.2595479, 48.2195007 ], [ 16.2596574, 48.2195096 ], [ 16.2598861, 48.2195701 ], [ 16.2602934, 48.2195134 ], [ 16.26047, 48.2194144 ], [ 16.2606751, 48.219352 ], [ 16.2608505, 48.2192507 ], [ 16.2612295, 48.2191393 ], [ 16.2614944, 48.219053 ], [ 16.2619402, 48.2188811 ], [ 16.2625489, 48.218719 ], [ 16.2627169, 48.2186718 ], [ 16.2628057, 48.2185741 ], [ 16.2632656, 48.2183351 ], [ 16.2636298, 48.2178397 ], [ 16.2646786, 48.2175578 ], [ 16.2646851, 48.2175338 ], [ 16.2647342, 48.2175261 ], [ 16.2647335, 48.2175848 ], [ 16.2653998, 48.2177479 ], [ 16.265819, 48.217813 ], [ 16.2669674, 48.2178625 ], [ 16.2670187, 48.2178324 ], [ 16.2671394, 48.2178193 ], [ 16.2671862, 48.2177479 ], [ 16.2685462, 48.2175163 ], [ 16.2685994, 48.2175193 ], [ 16.2687408, 48.2175649 ], [ 16.2689202, 48.2175031 ], [ 16.2690737, 48.2174282 ], [ 16.2699269, 48.2174483 ], [ 16.2700068, 48.2175107 ], [ 16.2703804, 48.2174128 ], [ 16.2711452, 48.216944 ], [ 16.2711927, 48.2168756 ], [ 16.2714471, 48.2167745 ], [ 16.2714762, 48.2166288 ], [ 16.271533, 48.2165173 ], [ 16.2716363, 48.2164308 ], [ 16.2717092, 48.2163446 ], [ 16.2731116, 48.2155204 ], [ 16.2733414, 48.2154588 ], [ 16.2734003, 48.2154609 ], [ 16.2736548, 48.2153957 ], [ 16.2745492, 48.2152079 ], [ 16.2751214, 48.2150834 ], [ 16.2754452, 48.2150408 ], [ 16.275477, 48.2150366 ], [ 16.2756674, 48.2150433 ], [ 16.2760829, 48.2151013 ], [ 16.2766447, 48.2151088 ], [ 16.277255, 48.2150758 ], [ 16.2777746, 48.2149943 ], [ 16.2778858, 48.2149612 ], [ 16.2778875, 48.214952 ], [ 16.2778507, 48.2148837 ], [ 16.2778078, 48.2148036 ], [ 16.2777989, 48.2147869 ], [ 16.2779448, 48.2147466 ], [ 16.2780272, 48.2147279 ], [ 16.278128, 48.2147228 ], [ 16.2781994, 48.2147293 ], [ 16.2782638, 48.2147429 ], [ 16.2783297, 48.214764 ], [ 16.2783848, 48.2147923 ], [ 16.2784382, 48.2148306 ], [ 16.2784761, 48.214874 ], [ 16.2785625, 48.2150048 ], [ 16.2787266, 48.2149803 ], [ 16.2789091, 48.2149572 ], [ 16.2790508, 48.2149464 ], [ 16.2792141, 48.2149421 ], [ 16.2796835, 48.2149421 ], [ 16.280521, 48.2149409 ], [ 16.2807947, 48.2149409 ], [ 16.2810376, 48.2149397 ], [ 16.2811355, 48.2149337 ], [ 16.281295, 48.2149168 ], [ 16.2814563, 48.2148878 ], [ 16.2816032, 48.214854 ], [ 16.2816684, 48.2148358 ], [ 16.2818316, 48.2147984 ], [ 16.2821723, 48.2147006 ], [ 16.2824642, 48.2145822 ], [ 16.2826092, 48.2145133 ], [ 16.2827832, 48.2144252 ], [ 16.28293, 48.2143684 ], [ 16.2831349, 48.2142911 ], [ 16.2832237, 48.2142633 ], [ 16.2833687, 48.2142259 ], [ 16.2834883, 48.2141884 ], [ 16.2836533, 48.2141522 ], [ 16.2838164, 48.214122 ], [ 16.2840684, 48.2140882 ], [ 16.2842442, 48.2140749 ], [ 16.2852883, 48.213989 ], [ 16.2853711, 48.2139273 ], [ 16.2853537, 48.2135183 ], [ 16.2853401, 48.2130809 ], [ 16.2853423, 48.2130514 ], [ 16.28535, 48.2129327 ], [ 16.285386, 48.2128197 ], [ 16.2854327, 48.2127271 ], [ 16.2855224, 48.2126182 ], [ 16.2856094, 48.2125403 ], [ 16.28564, 48.2125184 ], [ 16.2857197, 48.2124612 ], [ 16.2858538, 48.2123909 ], [ 16.2858612, 48.21239 ], [ 16.2858613, 48.2123847 ], [ 16.2859213, 48.2123825 ], [ 16.2858555, 48.2119083 ], [ 16.2858352, 48.2118032 ], [ 16.2858245, 48.2117246 ], [ 16.2857616, 48.2112642 ], [ 16.2856724, 48.2107028 ], [ 16.2856567, 48.2105871 ], [ 16.2856053, 48.2102089 ], [ 16.2855917, 48.2100695 ], [ 16.2855983, 48.2098321 ], [ 16.2858276, 48.2080939 ], [ 16.2858902, 48.2075993 ], [ 16.2858291, 48.2075575 ], [ 16.2854614, 48.207306 ], [ 16.2850773, 48.2070927 ], [ 16.2847926, 48.2069787 ], [ 16.2847522, 48.2069374 ], [ 16.2847159, 48.2068688 ], [ 16.2851343, 48.2067958 ], [ 16.2852683, 48.2067727 ], [ 16.2858997, 48.2066793 ], [ 16.2868914, 48.2065475 ], [ 16.287519, 48.2064748 ], [ 16.288085, 48.2064265 ], [ 16.2884789, 48.2064118 ], [ 16.288708, 48.2064094 ], [ 16.2890622, 48.2064116 ], [ 16.2891719, 48.2064181 ], [ 16.2894253, 48.2064377 ], [ 16.2897024, 48.2064779 ], [ 16.2899453, 48.2065242 ], [ 16.2901949, 48.2065854 ], [ 16.2909764, 48.2067695 ], [ 16.291055, 48.2067905 ], [ 16.2912224, 48.2068292 ], [ 16.2919324, 48.2069932 ], [ 16.2929183, 48.2071609 ], [ 16.2933961, 48.2072302 ], [ 16.2940362, 48.2073337 ], [ 16.2941299, 48.2072426 ], [ 16.2946008, 48.207054 ], [ 16.2947812, 48.206983 ], [ 16.2951597, 48.2068342 ], [ 16.2959465, 48.2065358 ], [ 16.2961276, 48.2064661 ], [ 16.2965009, 48.2063224 ], [ 16.2970394, 48.2061041 ], [ 16.2978116, 48.2057911 ], [ 16.2984992, 48.2055233 ], [ 16.2989999, 48.2053809 ], [ 16.2998056, 48.2052412 ], [ 16.3002289, 48.2051997 ], [ 16.3015117, 48.2049863 ], [ 16.3029299, 48.20475 ], [ 16.303551, 48.2046558 ], [ 16.3036192, 48.2047868 ], [ 16.3036366, 48.2047859 ], [ 16.3036775, 48.2047864 ], [ 16.30376, 48.2047873 ], [ 16.3040281, 48.2047892 ], [ 16.3040549, 48.2047899 ], [ 16.3041884, 48.2047931 ], [ 16.3042987, 48.2047912 ], [ 16.3044771, 48.204788 ], [ 16.3047126, 48.2047644 ], [ 16.3048149, 48.2047467 ], [ 16.3048416, 48.2047421 ], [ 16.3050052, 48.2047032 ], [ 16.3051243, 48.2046719 ], [ 16.3055571, 48.2045581 ], [ 16.3056387, 48.2045366 ], [ 16.3058609, 48.2044903 ], [ 16.3069809, 48.2042684 ], [ 16.3073456, 48.2041796 ], [ 16.3079627, 48.2039982 ], [ 16.308047, 48.2039812 ], [ 16.3080691, 48.2039768 ], [ 16.3082095, 48.2039426 ], [ 16.3090127, 48.2037291 ], [ 16.3090247, 48.2034612 ], [ 16.3089654, 48.2032181 ], [ 16.3089133, 48.2030824 ], [ 16.3093707, 48.2031839 ], [ 16.3106961, 48.2028681 ] ] ] } },
{ "type": "Feature", "properties": { "osm_id": 1991438, "ref": 17, "name": "Hernals", "name:de": null, "population": 50866.0, "area_km2": 11.396 }, "geometry": { "type": "Polygon", "coordinates": [ [ [ 16.336262, 48.2203592 ], [ 16.3366029, 48.2207485 ], [ 16.3357497, 48.221116 ], [ 16.3357829, 48.2211616 ], [ 16.3358511, 48.2212479 ], [ 16.3358907, 48.2212974 ], [ 16.3359946, 48.221421 ], [ 16.3360642, 48.2215095 ], [ 16.3361095, 48.221565 ], [ 16.3362018, 48.2216869 ], [ 16.3362703, 48.2217728 ], [ 16.3362928, 48.2218013 ], [ 16.3363631, 48.2218922 ], [ 16.3364335, 48.2219762 ], [ 16.3364412, 48.221985 ], [ 16.3364917, 48.2220479 ], [ 16.3365294, 48.2220948 ], [ 16.3365992, 48.2221862 ], [ 16.3366047, 48.2221933 ], [ 16.3366301, 48.222225 ], [ 16.3366891, 48.2222985 ], [ 16.3367905, 48.2224389 ], [ 16.3367871, 48.2224409 ], [ 16.3367493, 48.2224634 ], [ 16.3367303, 48.2224747 ], [ 16.3367108, 48.2224864 ], [ 16.3366763, 48.222507 ], [ 16.336573, 48.2225688 ], [ 16.3365219, 48.2226129 ], [ 16.336713, 48.2228454 ], [ 16.3358738, 48.2232586 ], [ 16.3347658, 48.2238029 ], [ 16.334074, 48.2241469 ], [ 16.3331776, 48.2245837 ], [ 16.3326452, 48.2248452 ], [ 16.3320785, 48.2251248 ], [ 16.3315627, 48.2252346 ], [ 16.3311951, 48.2253112 ], [ 16.3306782, 48.2255521 ], [ 16.3301341, 48.2258089 ], [ 16.3296201, 48.2260492 ], [ 16.3292583, 48.2262047 ], [ 16.3292572, 48.2262143 ], [ 16.3291721, 48.2262554 ], [ 16.3290397, 48.2263005 ], [ 16.328628, 48.2264443 ], [ 16.3286507, 48.2264902 ], [ 16.3286299, 48.2265047 ], [ 16.3286146, 48.2265204 ], [ 16.3286055, 48.2265387 ], [ 16.3285994, 48.2265594 ], [ 16.3285969, 48.2265857 ], [ 16.3286076, 48.2266959 ], [ 16.3286467, 48.2269336 ], [ 16.3286844, 48.2271533 ], [ 16.3280099, 48.2274572 ], [ 16.3279213, 48.2275166 ], [ 16.3275881, 48.2277298 ], [ 16.3275631, 48.2277453 ], [ 16.3274585, 48.2276956 ], [ 16.3268616, 48.2272982 ], [ 16.3268055, 48.2272399 ], [ 16.3267996, 48.2271993 ], [ 16.3267955, 48.227171 ], [ 16.3268285, 48.2271031 ], [ 16.3268113, 48.2270113 ], [ 16.3265859, 48.2268746 ], [ 16.3264323, 48.2268019 ], [ 16.3262249, 48.226738 ], [ 16.3261265, 48.2266929 ], [ 16.3257561, 48.2265934 ], [ 16.3255336, 48.2265312 ], [ 16.3251317, 48.2265022 ], [ 16.3249766, 48.2265724 ], [ 16.3246134, 48.2265666 ], [ 16.3243766, 48.2265867 ], [ 16.3241875, 48.2266247 ], [ 16.3240122, 48.2266573 ], [ 16.3233688, 48.2266408 ], [ 16.3231534, 48.2266372 ], [ 16.3229574, 48.2266447 ], [ 16.3226268, 48.2266835 ], [ 16.3223288, 48.2267555 ], [ 16.3223692, 48.2268196 ], [ 16.3224027, 48.2268714 ], [ 16.3224987, 48.2270431 ], [ 16.322678, 48.2274319 ], [ 16.3227852, 48.2276836 ], [ 16.3228731, 48.227885 ], [ 16.3230434, 48.2282126 ], [ 16.3218608, 48.2284019 ], [ 16.321599, 48.2284443 ], [ 16.321637, 48.2285503 ], [ 16.3217591, 48.2288906 ], [ 16.3218862, 48.2292648 ], [ 16.3210898, 48.2293765 ], [ 16.3203706, 48.2294804 ], [ 16.320037, 48.2295282 ], [ 16.3198182, 48.2295545 ], [ 16.3193644, 48.2295999 ], [ 16.3188122, 48.2296569 ], [ 16.3186909, 48.229673 ], [ 16.318515, 48.2297047 ], [ 16.318387, 48.2297297 ], [ 16.3179477, 48.2298327 ], [ 16.3179009, 48.2298432 ], [ 16.3175968, 48.2299091 ], [ 16.3173054, 48.2299635 ], [ 16.3171576, 48.2299812 ], [ 16.3169589, 48.2299988 ], [ 16.3162283, 48.2299885 ], [ 16.3163652, 48.2304811 ], [ 16.3165949, 48.231365 ], [ 16.3166192, 48.2314711 ], [ 16.3156027, 48.2315959 ], [ 16.3156043, 48.2316179 ], [ 16.3156303, 48.231978 ], [ 16.3156315, 48.232159 ], [ 16.3156243, 48.2322217 ], [ 16.3155989, 48.2323143 ], [ 16.3155973, 48.2324626 ], [ 16.3155943, 48.23254 ], [ 16.3155629, 48.232543 ], [ 16.315508, 48.2325382 ], [ 16.3152459, 48.2325094 ], [ 16.3148925, 48.2324597 ], [ 16.3145017, 48.2324017 ], [ 16.314452, 48.23241 ], [ 16.3144023, 48.2324017 ], [ 16.3138893, 48.2323299 ], [ 16.3131732, 48.2321978 ], [ 16.3130052, 48.2321745 ], [ 16.3128303, 48.2321652 ], [ 16.3125923, 48.2321605 ], [ 16.3122611, 48.2321683 ], [ 16.3118902, 48.2321916 ], [ 16.3118016, 48.2321931 ], [ 16.3116904, 48.232183 ], [ 16.310347, 48.2323836 ], [ 16.3097678, 48.2325022 ], [ 16.3096637, 48.232534 ], [ 16.3093893, 48.2326025 ], [ 16.3090588, 48.2327038 ], [ 16.3087912, 48.2329407 ], [ 16.3086766, 48.2330109 ], [ 16.3085405, 48.2330943 ], [ 16.3083911, 48.233163 ], [ 16.3080959, 48.2332797 ], [ 16.3079673, 48.2333245 ], [ 16.3076132, 48.2334315 ], [ 16.3073868, 48.2334893 ], [ 16.3067732, 48.2336076 ], [ 16.306543, 48.2336676 ], [ 16.3058705, 48.2339193 ], [ 16.3055496, 48.2340694 ], [ 16.3054375, 48.2341052 ], [ 16.3054332, 48.2341159 ], [ 16.3051776, 48.2341843 ], [ 16.3050506, 48.2342184 ], [ 16.3049825, 48.2342366 ], [ 16.3048021, 48.2342844 ], [ 16.3046347, 48.2343288 ], [ 16.3044681, 48.2343694 ], [ 16.3044064, 48.2343853 ], [ 16.3043385, 48.234408 ], [ 16.3039843, 48.2345401 ], [ 16.3034233, 48.2347481 ], [ 16.3029285, 48.234939 ], [ 16.3025741, 48.2350637 ], [ 16.3024128, 48.2350399 ], [ 16.302395, 48.235054 ], [ 16.3023871, 48.2351537 ], [ 16.3023172, 48.2352238 ], [ 16.3021003, 48.2364587 ], [ 16.3011995, 48.2364523 ], [ 16.3011768, 48.236399 ], [ 16.3009966, 48.2364912 ], [ 16.3003408, 48.2372041 ], [ 16.2992445, 48.2376374 ], [ 16.2991099, 48.2377365 ], [ 16.2990516, 48.2377342 ], [ 16.2979612, 48.237758 ], [ 16.2968514, 48.237821 ], [ 16.2967981, 48.2377299 ], [ 16.2966248, 48.2374874 ], [ 16.2961969, 48.2371863 ], [ 16.2958892, 48.2371028 ], [ 16.2956499, 48.2370483 ], [ 16.2952805, 48.2369105 ], [ 16.2950691, 48.2368023 ], [ 16.2949198, 48.2367578 ], [ 16.2948525, 48.2367548 ], [ 16.2947463, 48.2367686 ], [ 16.2946833, 48.2367726 ], [ 16.2945447, 48.2367643 ], [ 16.2941474, 48.2366596 ], [ 16.294119, 48.2367961 ], [ 16.2942454, 48.2377756 ], [ 16.2942976, 48.2379427 ], [ 16.294299, 48.2380102 ], [ 16.2943111, 48.2388349 ], [ 16.2942022, 48.2396198 ], [ 16.2928147, 48.2395853 ], [ 16.2923215, 48.2395919 ], [ 16.2919657, 48.2396555 ], [ 16.2917254, 48.2396642 ], [ 16.2912866, 48.2396174 ], [ 16.2908026, 48.2395864 ], [ 16.2905016, 48.2395555 ], [ 16.2886796, 48.2394029 ], [ 16.2884681, 48.2394471 ], [ 16.2884723, 48.2394598 ], [ 16.2878221, 48.2395925 ], [ 16.2870671, 48.2396652 ], [ 16.2865124, 48.2397545 ], [ 16.2854873, 48.2400227 ], [ 16.285174, 48.2400275 ], [ 16.2844623, 48.2403176 ], [ 16.2838038, 48.2405864 ], [ 16.2838228, 48.2406784 ], [ 16.2838517, 48.2408639 ], [ 16.2839008, 48.2408919 ], [ 16.2839349, 48.2409004 ], [ 16.2840249, 48.2409585 ], [ 16.2840726, 48.2410098 ], [ 16.2841692, 48.241159 ], [ 16.2843235, 48.2412309 ], [ 16.2843907, 48.2412483 ], [ 16.2844509, 48.2412503 ], [ 16.284476, 48.2412677 ], [ 16.284507, 48.2413365 ], [ 16.2846294, 48.2413852 ], [ 16.2846775, 48.2413732 ], [ 16.2848129, 48.241442 ], [ 16.2848801, 48.24146 ], [ 16.2849433, 48.2415014 ], [ 16.2850295, 48.2414634 ], [ 16.2850837, 48.2414553 ], [ 16.2851168, 48.2414707 ], [ 16.2851248, 48.2415495 ], [ 16.2852261, 48.2416196 ], [ 16.2853585, 48.241609 ], [ 16.2854497, 48.2415816 ], [ 16.2855941, 48.241627 ], [ 16.2856109, 48.2417145 ], [ 16.2857474, 48.2417744 ], [ 16.2858057, 48.2417652 ], [ 16.2858749, 48.2417612 ], [ 16.2862209, 48.2418928 ], [ 16.2863312, 48.2418995 ], [ 16.2863974, 48.2419309 ], [ 16.2865819, 48.2419783 ], [ 16.2867113, 48.2420271 ], [ 16.2868356, 48.2420805 ], [ 16.2869791, 48.2421139 ], [ 16.2870724, 48.2421179 ], [ 16.2871886, 48.2421606 ], [ 16.2872659, 48.2421707 ], [ 16.2873411, 48.2421566 ], [ 16.2874935, 48.2421459 ], [ 16.287659, 48.2422094 ], [ 16.2877242, 48.2422241 ], [ 16.2878636, 48.2422234 ], [ 16.288033, 48.2422695 ], [ 16.2884252, 48.2422728 ], [ 16.2884994, 48.2422975 ], [ 16.2886488, 48.2422822 ], [ 16.288716, 48.2422935 ], [ 16.2887822, 48.2422782 ], [ 16.2889266, 48.2423289 ], [ 16.2890148, 48.2424098 ], [ 16.2891412, 48.2424351 ], [ 16.2892405, 48.2424411 ], [ 16.2893197, 48.2424371 ], [ 16.28942, 48.2424458 ], [ 16.2893609, 48.2428221 ], [ 16.2893536, 48.243178 ], [ 16.2893594, 48.2432798 ], [ 16.2900759, 48.243389 ], [ 16.2903252, 48.2435009 ], [ 16.2904417, 48.2437151 ], [ 16.290567, 48.2438822 ], [ 16.2909212, 48.2441342 ], [ 16.2910983, 48.2445148 ], [ 16.291589, 48.2445206 ], [ 16.292108, 48.2443 ], [ 16.2932224, 48.2444974 ], [ 16.2934102, 48.2445429 ], [ 16.2939568, 48.2447073 ], [ 16.2935489, 48.2453576 ], [ 16.2932822, 48.2458178 ], [ 16.2921386, 48.2456779 ], [ 16.2914161, 48.2456686 ], [ 16.2905421, 48.245687 ], [ 16.2892765, 48.2456998 ], [ 16.2885594, 48.2456902 ], [ 16.2876838, 48.2458001 ], [ 16.2868417, 48.2457551 ], [ 16.2857163, 48.2456171 ], [ 16.2850808, 48.2456027 ], [ 16.2849077, 48.2455669 ], [ 16.2837986, 48.2456719 ], [ 16.2834006, 48.2458133 ], [ 16.2830019, 48.2458322 ], [ 16.2824393, 48.2458589 ], [ 16.2823692, 48.2458622 ], [ 16.282434, 48.2459383 ], [ 16.2825764, 48.2459697 ], [ 16.282578, 48.2461576 ], [ 16.2826314, 48.2461955 ], [ 16.2826272, 48.246249 ], [ 16.2825162, 48.2462504 ], [ 16.2825347, 48.2463516 ], [ 16.2825598, 48.2463525 ], [ 16.2825624, 48.2464009 ], [ 16.2824651, 48.2467175 ], [ 16.2823861, 48.2472217 ], [ 16.2823787, 48.2476292 ], [ 16.2825682, 48.2477777 ], [ 16.2830934, 48.2480783 ], [ 16.2834204, 48.2482536 ], [ 16.2839919, 48.2485478 ], [ 16.284237, 48.2486651 ], [ 16.2850932, 48.2490493 ], [ 16.2861478, 48.2494405 ], [ 16.286011, 48.2495881 ], [ 16.2863465, 48.2499502 ], [ 16.2870841, 48.2502368 ], [ 16.2879615, 48.2505105 ], [ 16.2881957, 48.2506322 ], [ 16.2882845, 48.2507204 ], [ 16.2883603, 48.2509346 ], [ 16.288395, 48.2509814 ], [ 16.2883755, 48.2509888 ], [ 16.2875669, 48.2510486 ], [ 16.287464, 48.2514492 ], [ 16.2874011, 48.2522779 ], [ 16.2872726, 48.2527379 ], [ 16.2871476, 48.2529799 ], [ 16.2869835, 48.2531804 ], [ 16.2866947, 48.2530966 ], [ 16.286289, 48.2537297 ], [ 16.2860698, 48.2537208 ], [ 16.2860662, 48.2537703 ], [ 16.2860603, 48.2538026 ], [ 16.2859169, 48.2543517 ], [ 16.2857736, 48.2549434 ], [ 16.2860313, 48.2555942 ], [ 16.2854523, 48.2560102 ], [ 16.2851916, 48.2563297 ], [ 16.2851561, 48.2568039 ], [ 16.2850732, 48.2571204 ], [ 16.2854034, 48.2580768 ], [ 16.2855585, 48.258323 ], [ 16.2847306, 48.2580439 ], [ 16.2844923, 48.2578939 ], [ 16.2836593, 48.2577997 ], [ 16.2832534, 48.2577631 ], [ 16.2826976, 48.2576726 ], [ 16.282203, 48.2576306 ], [ 16.2819123, 48.2574771 ], [ 16.281247, 48.257233 ], [ 16.2807808, 48.2571371 ], [ 16.2800631, 48.2567656 ], [ 16.2794319, 48.2566505 ], [ 16.2787823, 48.2566575 ], [ 16.2778027, 48.256865 ], [ 16.2773181, 48.2569156 ], [ 16.2767995, 48.2568929 ], [ 16.2762599, 48.2569557 ], [ 16.2755134, 48.2570202 ], [ 16.2744395, 48.2567656 ], [ 16.2733735, 48.2564971 ], [ 16.2727021, 48.2563097 ], [ 16.2722734, 48.2561901 ], [ 16.2719058, 48.2560333 ], [ 16.2712063, 48.2557389 ], [ 16.2705157, 48.2553614 ], [ 16.2699594, 48.255154 ], [ 16.2687209, 48.2548835 ], [ 16.266306, 48.2549911 ], [ 16.2649618, 48.2550336 ], [ 16.2642105, 48.2549422 ], [ 16.2640584, 48.254923 ], [ 16.2642012, 48.2545355 ], [ 16.264785, 48.2544678 ], [ 16.2653544, 48.2544014 ], [ 16.2657502, 48.2544386 ], [ 16.2665654, 48.2542716 ], [ 16.26746, 48.2539913 ], [ 16.2687559, 48.2540455 ], [ 16.2693181, 48.2539997 ], [ 16.269527, 48.2539226 ], [ 16.2699004, 48.2536161 ], [ 16.2700863, 48.2534451 ], [ 16.2706154, 48.252819 ], [ 16.2706023, 48.2527161 ], [ 16.2704504, 48.2523761 ], [ 16.2704239, 48.2519363 ], [ 16.2703554, 48.2518765 ], [ 16.2700208, 48.2517273 ], [ 16.2694396, 48.2514753 ], [ 16.2689124, 48.2513181 ], [ 16.2679186, 48.2507936 ], [ 16.2676997, 48.2506875 ], [ 16.2665503, 48.2501215 ], [ 16.2664949, 48.2500468 ], [ 16.2659505, 48.249814 ], [ 16.2647218, 48.2492964 ], [ 16.2647177, 48.2491773 ], [ 16.264782, 48.2491406 ], [ 16.26483, 48.2490369 ], [ 16.264964, 48.2488029 ], [ 16.2650962, 48.2485921 ], [ 16.2653407, 48.2483019 ], [ 16.2652651, 48.2481612 ], [ 16.2651962, 48.2479216 ], [ 16.2650704, 48.2478542 ], [ 16.2649805, 48.247717 ], [ 16.2648688, 48.2476436 ], [ 16.2646966, 48.2475473 ], [ 16.2644942, 48.2474245 ], [ 16.2637922, 48.247214 ], [ 16.2638094, 48.2468566 ], [ 16.2636607, 48.2468242 ], [ 16.2634918, 48.2468964 ], [ 16.2634538, 48.2468114 ], [ 16.2633951, 48.2468671 ], [ 16.2633572, 48.2469277 ], [ 16.2633497, 48.2469734 ], [ 16.2632655, 48.2470075 ], [ 16.2631831, 48.2470632 ], [ 16.2630018, 48.2470609 ], [ 16.2629776, 48.2468506 ], [ 16.2629253, 48.2466553 ], [ 16.2627291, 48.2464734 ], [ 16.2625766, 48.2463407 ], [ 16.2624695, 48.2462614 ], [ 16.2623266, 48.2461697 ], [ 16.2622384, 48.2461578 ], [ 16.2621097, 48.2460863 ], [ 16.2619865, 48.245989 ], [ 16.2615161, 48.2461582 ], [ 16.2610132, 48.2454936 ], [ 16.2603217, 48.245764 ], [ 16.2599707, 48.2457762 ], [ 16.2599894, 48.2458652 ], [ 16.2598446, 48.2458818 ], [ 16.2598152, 48.2458682 ], [ 16.2598084, 48.245778 ], [ 16.2594997, 48.2457865 ], [ 16.2591011, 48.2459925 ], [ 16.2587135, 48.2460675 ], [ 16.2585694, 48.2458861 ], [ 16.258462, 48.2457221 ], [ 16.2583704, 48.2452826 ], [ 16.2582394, 48.244679 ], [ 16.2582021, 48.2441733 ], [ 16.2581883, 48.2440555 ], [ 16.258166, 48.2439656 ], [ 16.2579565, 48.2437336 ], [ 16.2578678, 48.2436581 ], [ 16.2576003, 48.2434614 ], [ 16.2575165, 48.243383 ], [ 16.2571549, 48.2431913 ], [ 16.2569433, 48.2430894 ], [ 16.2568708, 48.2430387 ], [ 16.2568061, 48.2429778 ], [ 16.2567925, 48.2429239 ], [ 16.2570151, 48.2414985 ], [ 16.2568016, 48.2410694 ], [ 16.2564795, 48.2411915 ], [ 16.2564835, 48.2409145 ], [ 16.2565458, 48.2404728 ], [ 16.2565651, 48.240296 ], [ 16.2566045, 48.2400896 ], [ 16.2566155, 48.2398821 ], [ 16.2568822, 48.2398801 ], [ 16.2569528, 48.2398508 ], [ 16.2570168, 48.2398473 ], [ 16.2570475, 48.2398189 ], [ 16.2571554, 48.2398304 ], [ 16.2572554, 48.2398251 ], [ 16.2572621, 48.2398462 ], [ 16.2573178, 48.2398559 ], [ 16.2574925, 48.2398229 ], [ 16.2576563, 48.2398504 ], [ 16.2576873, 48.239847 ], [ 16.2577386, 48.239814 ], [ 16.2580179, 48.2397319 ], [ 16.2581952, 48.2396884 ], [ 16.2584412, 48.2396474 ], [ 16.2586372, 48.2396391 ], [ 16.2587191, 48.2396657 ], [ 16.2588223, 48.2396595 ], [ 16.2589191, 48.2396622 ], [ 16.2590931, 48.239723 ], [ 16.2591577, 48.2397238 ], [ 16.259209, 48.2397466 ], [ 16.2593864, 48.2396794 ], [ 16.2594516, 48.239683 ], [ 16.2595616, 48.2396015 ], [ 16.2595642, 48.2395876 ], [ 16.2595593, 48.2395763 ], [ 16.2596211, 48.2394608 ], [ 16.2596237, 48.2394417 ], [ 16.2598889, 48.2393731 ], [ 16.2599469, 48.2393385 ], [ 16.2600275, 48.2393204 ], [ 16.2600755, 48.2393669 ], [ 16.2602535, 48.2393079 ], [ 16.2602862, 48.239252 ], [ 16.260414, 48.2392657 ], [ 16.2604868, 48.2392351 ], [ 16.2605654, 48.2392524 ], [ 16.2606228, 48.2392231 ], [ 16.260748, 48.2392382 ], [ 16.260788, 48.239224 ], [ 16.2609133, 48.2391361 ], [ 16.2609833, 48.2391473 ], [ 16.2610526, 48.2390722 ], [ 16.2611719, 48.2390962 ], [ 16.2612046, 48.2390745 ], [ 16.2612559, 48.2390971 ], [ 16.2612505, 48.2391188 ], [ 16.2613265, 48.2391193 ], [ 16.2613785, 48.2391379 ], [ 16.2614191, 48.2391206 ], [ 16.2615545, 48.2390154 ], [ 16.2617518, 48.2389905 ], [ 16.2618054, 48.2389571 ], [ 16.2619892, 48.238941 ], [ 16.2621059, 48.2388749 ], [ 16.2622373, 48.238857 ], [ 16.2622775, 48.2388115 ], [ 16.2623915, 48.2388008 ], [ 16.2624277, 48.2388374 ], [ 16.2624465, 48.2388427 ], [ 16.2624599, 48.2388195 ], [ 16.2624773, 48.2388106 ], [ 16.2625618, 48.2388025 ], [ 16.2625632, 48.2387811 ], [ 16.2626584, 48.2387463 ], [ 16.2626611, 48.2387105 ], [ 16.2626168, 48.2386936 ], [ 16.2626182, 48.2386632 ], [ 16.2626718, 48.2385676 ], [ 16.2628193, 48.2384899 ], [ 16.2629025, 48.2384828 ], [ 16.2632123, 48.2383122 ], [ 16.2633249, 48.2383184 ], [ 16.2634201, 48.2382791 ], [ 16.2634134, 48.2382309 ], [ 16.2634563, 48.2382094 ], [ 16.2635355, 48.2382416 ], [ 16.2635757, 48.2382112 ], [ 16.2636267, 48.2382237 ], [ 16.2637554, 48.2382246 ], [ 16.2637621, 48.2382604 ], [ 16.2637876, 48.2382487 ], [ 16.2639056, 48.238238 ], [ 16.2640987, 48.2382479 ], [ 16.2642261, 48.2382103 ], [ 16.2642463, 48.2381534 ], [ 16.2646361, 48.2380128 ], [ 16.264821, 48.2379916 ], [ 16.2648748, 48.2379568 ], [ 16.2648632, 48.2379247 ], [ 16.2649154, 48.2378938 ], [ 16.2649055, 48.2378249 ], [ 16.2649943, 48.2377732 ], [ 16.2652078, 48.2378208 ], [ 16.2652768, 48.2378049 ], [ 16.2653103, 48.2377206 ], [ 16.2653849, 48.2377005 ], [ 16.2654031, 48.2377031 ], [ 16.2653864, 48.2377953 ], [ 16.2655351, 48.2378032 ], [ 16.2656869, 48.2378415 ], [ 16.2657323, 48.2377794 ], [ 16.2659309, 48.237737 ], [ 16.2659429, 48.2376797 ], [ 16.2659575, 48.2376733 ], [ 16.2660525, 48.2376905 ], [ 16.2661036, 48.2375582 ], [ 16.266041, 48.2375172 ], [ 16.2660388, 48.2374975 ], [ 16.2661012, 48.2373725 ], [ 16.2662208, 48.2373705 ], [ 16.2663173, 48.2373959 ], [ 16.2664236, 48.2374471 ], [ 16.266501, 48.2374506 ], [ 16.2665499, 48.2374272 ], [ 16.2665474, 48.2374021 ], [ 16.2666143, 48.2374011 ], [ 16.2666571, 48.237408 ], [ 16.2666865, 48.2374244 ], [ 16.2667357, 48.2374182 ], [ 16.2668161, 48.237257 ], [ 16.2668505, 48.237252 ], [ 16.2670388, 48.2372752 ], [ 16.2670542, 48.2372881 ], [ 16.2670963, 48.2373475 ], [ 16.2671645, 48.2373664 ], [ 16.2672531, 48.2373172 ], [ 16.2675248, 48.237275 ], [ 16.2676564, 48.2372116 ], [ 16.2678409, 48.2372092 ], [ 16.2679718, 48.2371578 ], [ 16.2681094, 48.237167 ], [ 16.2681481, 48.2372477 ], [ 16.2682208, 48.2372887 ], [ 16.268354, 48.2372977 ], [ 16.268375, 48.2373089 ], [ 16.2683678, 48.2373624 ], [ 16.2683763, 48.2373743 ], [ 16.2684207, 48.2373916 ], [ 16.2684459, 48.2373919 ], [ 16.2684694, 48.237395 ], [ 16.2684867, 48.2374117 ], [ 16.2684972, 48.2374558 ], [ 16.2685029, 48.2375373 ], [ 16.2686076, 48.2375911 ], [ 16.2687047, 48.2376283 ], [ 16.2687372, 48.2376409 ], [ 16.2687756, 48.2377114 ], [ 16.2688727, 48.2377302 ], [ 16.268888, 48.2377418 ], [ 16.2689006, 48.2378084 ], [ 16.2689711, 48.2378568 ], [ 16.2690717, 48.2378691 ], [ 16.2691084, 48.2379437 ], [ 16.2691963, 48.2379955 ], [ 16.269211, 48.2379902 ], [ 16.2692167, 48.2379693 ], [ 16.2691284, 48.237903 ], [ 16.2691332, 48.2378423 ], [ 16.2691281, 48.2377784 ], [ 16.2690416, 48.2376634 ], [ 16.2688918, 48.2375306 ], [ 16.2681585, 48.2368082 ], [ 16.2678498, 48.2365025 ], [ 16.2675759, 48.2362723 ], [ 16.2672803, 48.2360504 ], [ 16.2669741, 48.2358526 ], [ 16.2664596, 48.2355824 ], [ 16.2659669, 48.2353243 ], [ 16.2650852, 48.2348047 ], [ 16.2644877, 48.2344604 ], [ 16.2639594, 48.2341537 ], [ 16.2635254, 48.2338737 ], [ 16.2633715, 48.2337591 ], [ 16.2631327, 48.2335039 ], [ 16.2626403, 48.2329185 ], [ 16.2624455, 48.2327387 ], [ 16.2613906, 48.2320424 ], [ 16.2602705, 48.2314843 ], [ 16.2594835, 48.231192 ], [ 16.2584192, 48.2307704 ], [ 16.2575284, 48.2304003 ], [ 16.2568926, 48.2301406 ], [ 16.2564554, 48.2298627 ], [ 16.2561348, 48.2295144 ], [ 16.2558306, 48.2291115 ], [ 16.2554645, 48.2284356 ], [ 16.2553515, 48.2279223 ], [ 16.2554481, 48.2272839 ], [ 16.2554244, 48.2271104 ], [ 16.2547886, 48.2254332 ], [ 16.2546918, 48.2252549 ], [ 16.2537875, 48.2240208 ], [ 16.2532388, 48.223094 ], [ 16.2531074, 48.222943 ], [ 16.2519172, 48.221944 ], [ 16.2509273, 48.2206913 ], [ 16.2502533, 48.220076 ], [ 16.2493844, 48.2192871 ], [ 16.2497013, 48.2190467 ], [ 16.2499473, 48.2192045 ], [ 16.2498562, 48.2192337 ], [ 16.2498453, 48.2192943 ], [ 16.2503262, 48.2195638 ], [ 16.250512, 48.2196014 ], [ 16.2505357, 48.2196524 ], [ 16.2504318, 48.2197823 ], [ 16.250594, 48.2198684 ], [ 16.2507069, 48.2199971 ], [ 16.2508927, 48.220116 ], [ 16.2509619, 48.2201294 ], [ 16.2510384, 48.2201063 ], [ 16.2512352, 48.2201585 ], [ 16.2512953, 48.2202168 ], [ 16.2513536, 48.2201949 ], [ 16.2513755, 48.2201403 ], [ 16.2517434, 48.2201828 ], [ 16.251809, 48.2202241 ], [ 16.2518108, 48.2202848 ], [ 16.2518699, 48.2203139 ], [ 16.2522535, 48.2202192 ], [ 16.2522943, 48.2202195 ], [ 16.2523501, 48.2202593 ], [ 16.2522116, 48.2203224 ], [ 16.2522189, 48.2203661 ], [ 16.2523246, 48.2203903 ], [ 16.2525249, 48.220394 ], [ 16.2525978, 48.2204365 ], [ 16.2526051, 48.2204923 ], [ 16.2525286, 48.2205518 ], [ 16.2525322, 48.2205942 ], [ 16.2526579, 48.22061 ], [ 16.2529585, 48.2207969 ], [ 16.253015, 48.2209171 ], [ 16.2532317, 48.2210154 ], [ 16.2533593, 48.2212314 ], [ 16.2536239, 48.2214518 ], [ 16.2537336, 48.2215757 ], [ 16.2539213, 48.2217261 ], [ 16.2545046, 48.2219821 ], [ 16.2549539, 48.2223328 ], [ 16.255031, 48.2224855 ], [ 16.2550951, 48.2225405 ], [ 16.2551832, 48.2225686 ], [ 16.2555041, 48.2226041 ], [ 16.2555903, 48.222637 ], [ 16.2556637, 48.2226945 ], [ 16.2557169, 48.2228435 ], [ 16.2558929, 48.222879 ], [ 16.2561772, 48.2230256 ], [ 16.2562139, 48.223138 ], [ 16.2562579, 48.2231747 ], [ 16.256456, 48.2232028 ], [ 16.2566027, 48.2232394 ], [ 16.2566504, 48.2233091 ], [ 16.2566449, 48.223386 ], [ 16.2568081, 48.2235864 ], [ 16.2568632, 48.2237333 ], [ 16.2569108, 48.2237893 ], [ 16.2570217, 48.2238366 ], [ 16.2570739, 48.22387 ], [ 16.2570781, 48.2239111 ], [ 16.2570258, 48.2239591 ], [ 16.2570321, 48.2239946 ], [ 16.2570739, 48.2240168 ], [ 16.2572369, 48.2240134 ], [ 16.2573695, 48.2240718 ], [ 16.2573988, 48.2241296 ], [ 16.2573706, 48.2241839 ], [ 16.2573706, 48.2242354 ], [ 16.2574249, 48.2242813 ], [ 16.2575952, 48.2243384 ], [ 16.25774, 48.2244562 ], [ 16.2578782, 48.2246105 ], [ 16.2581435, 48.2247231 ], [ 16.2582529, 48.2248801 ], [ 16.2582838, 48.2248829 ], [ 16.2584802, 48.2247848 ], [ 16.2585266, 48.2247857 ], [ 16.2585827, 48.2248194 ], [ 16.2586094, 48.224868 ], [ 16.2586698, 48.2248714 ], [ 16.2589153, 48.2248362 ], [ 16.2591482, 48.2248119 ], [ 16.2594443, 48.2248225 ], [ 16.2596784, 48.224866 ], [ 16.25987, 48.2249118 ], [ 16.2599184, 48.2249059 ], [ 16.2601075, 48.2248268 ], [ 16.2601401, 48.2247988 ], [ 16.2601474, 48.2247879 ], [ 16.2601732, 48.2247326 ], [ 16.2601789, 48.2247218 ], [ 16.2601983, 48.2247151 ], [ 16.2603617, 48.2247539 ], [ 16.26053, 48.2247215 ], [ 16.2606567, 48.2247235 ], [ 16.2607239, 48.2247374 ], [ 16.2609469, 48.224681 ], [ 16.2613491, 48.2247785 ], [ 16.2613807, 48.224802 ], [ 16.2613971, 48.2248188 ], [ 16.2614168, 48.2248461 ], [ 16.2616836, 48.224886 ], [ 16.2619101, 48.224985 ], [ 16.2622886, 48.2250651 ], [ 16.2624477, 48.2251954 ], [ 16.2626571, 48.225283 ], [ 16.2629884, 48.2253959 ], [ 16.263226, 48.225413 ], [ 16.2634112, 48.2254543 ], [ 16.2636244, 48.2254479 ], [ 16.2637501, 48.2255032 ], [ 16.2637832, 48.2256627 ], [ 16.2640797, 48.2256666 ], [ 16.2643183, 48.22576 ], [ 16.2645135, 48.2258005 ], [ 16.264748, 48.225926 ], [ 16.2650283, 48.2260182 ], [ 16.2654332, 48.2260645 ], [ 16.2656733, 48.2261868 ], [ 16.2658682, 48.2262433 ], [ 16.2663139, 48.2264373 ], [ 16.2663876, 48.226497 ], [ 16.2665365, 48.2265453 ], [ 16.2670337, 48.2265847 ], [ 16.2680079, 48.2265484 ], [ 16.2683994, 48.2266441 ], [ 16.2685469, 48.226648 ], [ 16.2687747, 48.2266827 ], [ 16.2690143, 48.226671 ], [ 16.2691766, 48.2266124 ], [ 16.2692757, 48.2265913 ], [ 16.2698425, 48.2265971 ], [ 16.2704048, 48.2266837 ], [ 16.2706738, 48.2267052 ], [ 16.2712213, 48.2267343 ], [ 16.2713747, 48.2267781 ], [ 16.2714755, 48.2268384 ], [ 16.2741684, 48.2269095 ], [ 16.2745504, 48.2269208 ], [ 16.2747481, 48.2269351 ], [ 16.2751833, 48.2269661 ], [ 16.2762051, 48.2270362 ], [ 16.2764554, 48.2267805 ], [ 16.2767019, 48.2267886 ], [ 16.2769637, 48.2266813 ], [ 16.27714, 48.2266691 ], [ 16.2775011, 48.2266864 ], [ 16.277793, 48.2266996 ], [ 16.2781116, 48.2266524 ], [ 16.2782592, 48.2265536 ], [ 16.2783264, 48.2265589 ], [ 16.278399, 48.2265451 ], [ 16.2784142, 48.2265036 ], [ 16.2785155, 48.2264951 ], [ 16.2785582, 48.2265142 ], [ 16.2787914, 48.226463 ], [ 16.2789073, 48.2264158 ], [ 16.2789171, 48.2263239 ], [ 16.2791227, 48.226219 ], [ 16.2794437, 48.2261516 ], [ 16.279534, 48.2261032 ], [ 16.2797226, 48.2260678 ], [ 16.2799514, 48.2259906 ], [ 16.2803054, 48.2259772 ], [ 16.2805415, 48.2258149 ], [ 16.2810147, 48.2255991 ], [ 16.28144, 48.2253257 ], [ 16.2820066, 48.2250164 ], [ 16.2822838, 48.2246169 ], [ 16.282633, 48.2244076 ], [ 16.2829759, 48.2242385 ], [ 16.2831674, 48.2240996 ], [ 16.2833805, 48.224061 ], [ 16.2835022, 48.2240151 ], [ 16.283598, 48.223988 ], [ 16.2842099, 48.2238155 ], [ 16.2843797, 48.2237512 ], [ 16.2845637, 48.2237381 ], [ 16.284686, 48.2237947 ], [ 16.2849216, 48.2238455 ], [ 16.2851638, 48.2238652 ], [ 16.2852812, 48.2238807 ], [ 16.285311, 48.2238899 ], [ 16.2856087, 48.2240158 ], [ 16.2856234, 48.2240009 ], [ 16.28596, 48.2240354 ], [ 16.2861067, 48.2240147 ], [ 16.2863142, 48.2240362 ], [ 16.2868211, 48.2242399 ], [ 16.2867672, 48.2238955 ], [ 16.2867705, 48.2236056 ], [ 16.2868867, 48.2234062 ], [ 16.2867676, 48.2232556 ], [ 16.286712, 48.2230811 ], [ 16.2867327, 48.2230334 ], [ 16.2866529, 48.2227071 ], [ 16.2859672, 48.2215498 ], [ 16.2873131, 48.221621 ], [ 16.2879492, 48.2216491 ], [ 16.2882653, 48.2217687 ], [ 16.2883715, 48.2218214 ], [ 16.2883892, 48.2218151 ], [ 16.2885722, 48.2218878 ], [ 16.2886899, 48.2219477 ], [ 16.288782, 48.2220137 ], [ 16.2891841, 48.2223167 ], [ 16.2892609, 48.2222811 ], [ 16.2893219, 48.2223144 ], [ 16.289364, 48.2223363 ], [ 16.2895183, 48.2224164 ], [ 16.2898689, 48.2226035 ], [ 16.2899488, 48.2226459 ], [ 16.2903924, 48.2229345 ], [ 16.2904471, 48.2229819 ], [ 16.290514, 48.2230291 ], [ 16.2906926, 48.2231541 ], [ 16.2911073, 48.2234014 ], [ 16.2912445, 48.2234732 ], [ 16.2914577, 48.2235595 ], [ 16.291567, 48.223591 ], [ 16.2917747, 48.2236404 ], [ 16.2919764, 48.2236865 ], [ 16.2921433, 48.2237259 ], [ 16.2925156, 48.2238097 ], [ 16.292898, 48.2238955 ], [ 16.2937891, 48.2241004 ], [ 16.2939565, 48.2241391 ], [ 16.2946951, 48.2243009 ], [ 16.2949444, 48.2243599 ], [ 16.2956721, 48.2245194 ], [ 16.2959374, 48.2245641 ], [ 16.2961096, 48.2245889 ], [ 16.2962463, 48.2246017 ], [ 16.2968181, 48.2246227 ], [ 16.2972519, 48.2246386 ], [ 16.2973674, 48.224622 ], [ 16.2974757, 48.2245938 ], [ 16.297608, 48.2245476 ], [ 16.2979219, 48.2244024 ], [ 16.2980701, 48.224333 ], [ 16.2984414, 48.2241697 ], [ 16.29853, 48.2241449 ], [ 16.2985759, 48.2241368 ], [ 16.2986189, 48.2241316 ], [ 16.2986825, 48.2241292 ], [ 16.2987391, 48.2241305 ], [ 16.2987903, 48.2241365 ], [ 16.2988467, 48.2241487 ], [ 16.2988953, 48.2241643 ], [ 16.2989543, 48.2241874 ], [ 16.2989845, 48.2242008 ], [ 16.2990665, 48.2240802 ], [ 16.2992976, 48.2240448 ], [ 16.2994798, 48.2240105 ], [ 16.2997075, 48.2239589 ], [ 16.2998942, 48.2239113 ], [ 16.3001477, 48.2238335 ], [ 16.300339, 48.2237667 ], [ 16.3010373, 48.2235351 ], [ 16.3010813, 48.2234997 ], [ 16.3011465, 48.2234441 ], [ 16.3011906, 48.2234198 ], [ 16.3012407, 48.2234077 ], [ 16.3012968, 48.2234047 ], [ 16.3019921, 48.2234724 ], [ 16.3027981, 48.2236231 ], [ 16.302789, 48.2236676 ], [ 16.3027921, 48.2237242 ], [ 16.3028543, 48.2239295 ], [ 16.3028619, 48.2240115 ], [ 16.3028619, 48.2240701 ], [ 16.3028513, 48.2241338 ], [ 16.302833, 48.2241965 ], [ 16.3028057, 48.2242552 ], [ 16.3027587, 48.2243209 ], [ 16.3027071, 48.2243786 ], [ 16.3025993, 48.2244767 ], [ 16.3024839, 48.2245768 ], [ 16.3024581, 48.2246516 ], [ 16.3027086, 48.2246911 ], [ 16.3029393, 48.2247113 ], [ 16.3032459, 48.2247255 ], [ 16.3034721, 48.2247325 ], [ 16.3036892, 48.2247335 ], [ 16.3039442, 48.2247315 ], [ 16.3042296, 48.2247184 ], [ 16.3047989, 48.2246688 ], [ 16.3051586, 48.2246334 ], [ 16.3054501, 48.224595 ], [ 16.3057461, 48.2245424 ], [ 16.3062015, 48.2244484 ], [ 16.3063244, 48.2240671 ], [ 16.3066937, 48.2229056 ], [ 16.3067678, 48.2226969 ], [ 16.3067948, 48.222562 ], [ 16.3069673, 48.222585 ], [ 16.3069692, 48.2225798 ], [ 16.3082911, 48.2227348 ], [ 16.3082306, 48.2229528 ], [ 16.3082415, 48.2230686 ], [ 16.308288, 48.223174 ], [ 16.3084259, 48.2233583 ], [ 16.3091857, 48.2230963 ], [ 16.3091448, 48.223041 ], [ 16.3095746, 48.2228952 ], [ 16.3096276, 48.222957 ], [ 16.3097337, 48.2230948 ], [ 16.3103489, 48.2229135 ], [ 16.3103606, 48.2229066 ], [ 16.3103629, 48.2228142 ], [ 16.3108387, 48.2227992 ], [ 16.3113016, 48.2227753 ], [ 16.3115727, 48.2227455 ], [ 16.31213, 48.2226519 ], [ 16.3127365, 48.2234106 ], [ 16.3137386, 48.2230574 ], [ 16.3138015, 48.2230352 ], [ 16.314901, 48.2226396 ], [ 16.3149929, 48.2226072 ], [ 16.3158453, 48.222307 ], [ 16.3159106, 48.2222851 ], [ 16.3162445, 48.2221729 ], [ 16.3166714, 48.2220192 ], [ 16.3167279, 48.2219989 ], [ 16.3176179, 48.2216809 ], [ 16.3191274, 48.2211594 ], [ 16.320905, 48.2205266 ], [ 16.3206943, 48.2199257 ], [ 16.3205554, 48.2194776 ], [ 16.3205212, 48.2193705 ], [ 16.3205094, 48.2193335 ], [ 16.3204994, 48.2193026 ], [ 16.3204905, 48.219275 ], [ 16.3204267, 48.2190546 ], [ 16.3201887, 48.2183116 ], [ 16.3199115, 48.2174619 ], [ 16.3198949, 48.2174202 ], [ 16.3199557, 48.2174137 ], [ 16.3211668, 48.2172852 ], [ 16.3208104, 48.2162123 ], [ 16.3207986, 48.2161767 ], [ 16.3207929, 48.2161596 ], [ 16.3216622, 48.2161286 ], [ 16.3225585, 48.2160941 ], [ 16.3225538, 48.2160809 ], [ 16.3225374, 48.2160351 ], [ 16.3222571, 48.2152496 ], [ 16.3226381, 48.2152505 ], [ 16.3234094, 48.2152653 ], [ 16.3242206, 48.2152776 ], [ 16.3245661, 48.2152865 ], [ 16.3253193, 48.2153059 ], [ 16.3253249, 48.2151962 ], [ 16.3254367, 48.2143283 ], [ 16.3254603, 48.2141489 ], [ 16.3254993, 48.213989 ], [ 16.325532, 48.2137883 ], [ 16.3255671, 48.2134933 ], [ 16.3255672, 48.2133351 ], [ 16.3255798, 48.2132655 ], [ 16.3256231, 48.2131622 ], [ 16.3256983, 48.2131737 ], [ 16.3259362, 48.21321 ], [ 16.3263759, 48.2132866 ], [ 16.3268816, 48.213358 ], [ 16.3272018, 48.2134238 ], [ 16.3276011, 48.2135006 ], [ 16.3283203, 48.213639 ], [ 16.3289213, 48.2137466 ], [ 16.3290349, 48.2137669 ], [ 16.3291457, 48.2137866 ], [ 16.3293391, 48.213821 ], [ 16.3300755, 48.2139552 ], [ 16.330559, 48.2140458 ], [ 16.3308366, 48.2140971 ], [ 16.3315134, 48.2142047 ], [ 16.3315755, 48.2142146 ], [ 16.3316128, 48.2142205 ], [ 16.331711, 48.2142337 ], [ 16.3321052, 48.2142844 ], [ 16.3332021, 48.214409 ], [ 16.3344521, 48.214571 ], [ 16.334536, 48.2145704 ], [ 16.3348803, 48.2146139 ], [ 16.3355508, 48.2146969 ], [ 16.3356809, 48.2147133 ], [ 16.3358082, 48.2147305 ], [ 16.3358963, 48.2147418 ], [ 16.3365584, 48.2148268 ], [ 16.337134, 48.2149004 ], [ 16.3380453, 48.2150156 ], [ 16.3385012, 48.2150926 ], [ 16.3385927, 48.2151016 ], [ 16.3385906, 48.2150918 ], [ 16.338588, 48.2150512 ], [ 16.3385846, 48.2149958 ], [ 16.3385269, 48.2140665 ], [ 16.3384815, 48.2132112 ], [ 16.3384177, 48.2122164 ], [ 16.3386834, 48.2121948 ], [ 16.3387201, 48.2121918 ], [ 16.3387751, 48.2121873 ], [ 16.3389164, 48.2121758 ], [ 16.3392509, 48.2121448 ], [ 16.3392972, 48.2122485 ], [ 16.3393097, 48.2122754 ], [ 16.3393635, 48.2123958 ], [ 16.3397564, 48.2131225 ], [ 16.3398534, 48.2133039 ], [ 16.3402148, 48.2139626 ], [ 16.3402594, 48.2140439 ], [ 16.3403517, 48.2142172 ], [ 16.3406275, 48.2147223 ], [ 16.3407731, 48.2149888 ], [ 16.3408087, 48.2150542 ], [ 16.3408257, 48.2150854 ], [ 16.3408703, 48.2151672 ], [ 16.3409357, 48.2152918 ], [ 16.3412026, 48.2157703 ], [ 16.3412458, 48.2158543 ], [ 16.3414721, 48.2162683 ], [ 16.3415085, 48.2163349 ], [ 16.3415294, 48.216373 ], [ 16.3415867, 48.2164779 ], [ 16.3415958, 48.2164945 ], [ 16.3415865, 48.2164966 ], [ 16.3415823, 48.2164976 ], [ 16.3415404, 48.2165076 ], [ 16.3415563, 48.2165373 ], [ 16.3415577, 48.2165399 ], [ 16.3416022, 48.2166236 ], [ 16.3416037, 48.2166264 ], [ 16.341553, 48.216638 ], [ 16.3415681, 48.2166664 ], [ 16.3415693, 48.2166687 ], [ 16.341649, 48.2168178 ], [ 16.3416641, 48.216846 ], [ 16.3416788, 48.2168729 ], [ 16.3417586, 48.2170185 ], [ 16.3417738, 48.2170469 ], [ 16.3418242, 48.217035 ], [ 16.3418255, 48.2170374 ], [ 16.3418648, 48.2171084 ], [ 16.3418696, 48.2171167 ], [ 16.3418711, 48.2171192 ], [ 16.3418868, 48.217149 ], [ 16.3419295, 48.2171389 ], [ 16.3419883, 48.2172473 ], [ 16.3393211, 48.2176511 ], [ 16.3388331, 48.2176995 ], [ 16.3389361, 48.2180192 ], [ 16.3390239, 48.2183103 ], [ 16.33933, 48.2189867 ], [ 16.339645, 48.2196601 ], [ 16.3384073, 48.2199151 ], [ 16.336262, 48.2203592 ] ] ] } },
{ "type": "Feature", "properties": { "osm_id": 1990600, "ref": 18, "name": "Währing", "name:de": null, "population": 46622.0, "area_km2": 6.347 }, "geometry": { "type": "Polygon", "coordinates": [ [ [ 16.3419883, 48.2172473 ], [ 16.3393211, 48.2176511 ], [ 16.3388331, 48.2176995 ], [ 16.3389361, 48.2180192 ], [ 16.3390239, 48.2183103 ], [ 16.33933, 48.2189867 ], [ 16.339645, 48.2196601 ], [ 16.3384073, 48.2199151 ], [ 16.336262, 48.2203592 ], [ 16.3366029, 48.2207485 ], [ 16.3357497, 48.221116 ], [ 16.3357829, 48.2211616 ], [ 16.3358511, 48.2212479 ], [ 16.3358907, 48.2212974 ], [ 16.3359946, 48.221421 ], [ 16.3360642, 48.2215095 ], [ 16.3361095, 48.221565 ], [ 16.3362018, 48.2216869 ], [ 16.3362703, 48.2217728 ], [ 16.3362928, 48.2218013 ], [ 16.3363631, 48.2218922 ], [ 16.3364335, 48.2219762 ], [ 16.3364412, 48.221985 ], [ 16.3364917, 48.2220479 ], [ 16.3365294, 48.2220948 ], [ 16.3365992, 48.2221862 ], [ 16.3366047, 48.2221933 ], [ 16.3366301, 48.222225 ], [ 16.3366891, 48.2222985 ], [ 16.3367905, 48.2224389 ], [ 16.3367871, 48.2224409 ], [ 16.3367493, 48.2224634 ], [ 16.3367303, 48.2224747 ], [ 16.3367108, 48.2224864 ], [ 16.3366763, 48.222507 ], [ 16.336573, 48.2225688 ], [ 16.3365219, 48.2226129 ], [ 16.336713, 48.2228454 ], [ 16.3358738, 48.2232586 ], [ 16.3347658, 48.2238029 ], [ 16.334074, 48.2241469 ], [ 16.3331776, 48.2245837 ], [ 16.3326452, 48.2248452 ], [ 16.3320785, 48.2251248 ], [ 16.3315627, 48.2252346 ], [ 16.3311951, 48.2253112 ], [ 16.3306782, 48.2255521 ], [ 16.3301341, 48.2258089 ], [ 16.3296201, 48.2260492 ], [ 16.3292583, 48.2262047 ], [ 16.3292572, 48.2262143 ], [ 16.3291721, 48.2262554 ], [ 16.3290397, 48.2263005 ], [ 16.328628, 48.2264443 ], [ 16.3286507, 48.2264902 ], [ 16.3286299, 48.2265047 ], [ 16.3286146, 48.2265204 ], [ 16.3286055, 48.2265387 ], [ 16.3285994, 48.2265594 ], [ 16.3285969, 48.2265857 ], [ 16.3286076, 48.2266959 ], [ 16.3286467, 48.2269336 ], [ 16.3286844, 48.2271533 ], [ 16.3280099, 48.2274572 ], [ 16.3279213, 48.2275166 ], [ 16.3275881, 48.2277298 ], [ 16.3275631, 48.2277453 ], [ 16.3274585, 48.2276956 ], [ 16.3268616, 48.2272982 ], [ 16.3268055, 48.2272399 ], [ 16.3267996, 48.2271993 ], [ 16.3267955, 48.227171 ], [ 16.3268285, 48.2271031 ], [ 16.3268113, 48.2270113 ], [ 16.3265859, 48.2268746 ], [ 16.3264323, 48.2268019 ], [ 16.3262249, 48.226738 ], [ 16.3261265, 48.2266929 ], [ 16.3257561, 48.2265934 ], [ 16.3255336, 48.2265312 ], [ 16.3251317, 48.2265022 ], [ 16.3249766, 48.2265724 ], [ 16.3246134, 48.2265666 ], [ 16.3243766, 48.2265867 ], [ 16.3241875, 48.2266247 ], [ 16.3240122, 48.2266573 ], [ 16.3233688, 48.2266408 ], [ 16.3231534, 48.2266372 ], [ 16.3229574, 48.2266447 ], [ 16.3226268, 48.2266835 ], [ 16.3223288, 48.2267555 ], [ 16.3223692, 48.2268196 ], [ 16.3224027, 48.2268714 ], [ 16.3224987, 48.2270431 ], [ 16.322678, 48.2274319 ], [ 16.3227852, 48.2276836 ], [ 16.3228731, 48.227885 ], [ 16.3230434, 48.2282126 ], [ 16.3218608, 48.2284019 ], [ 16.321599, 48.2284443 ], [ 16.321637, 48.2285503 ], [ 16.3217591, 48.2288906 ], [ 16.3218862, 48.2292648 ], [ 16.3210898, 48.2293765 ], [ 16.3203706, 48.2294804 ], [ 16.320037, 48.2295282 ], [ 16.3198182, 48.2295545 ], [ 16.3193644, 48.2295999 ], [ 16.3188122, 48.2296569 ], [ 16.3186909, 48.229673 ], [ 16.318515, 48.2297047 ], [ 16.318387, 48.2297297 ], [ 16.3179477, 48.2298327 ], [ 16.3179009, 48.2298432 ], [ 16.3175968, 48.2299091 ], [ 16.3173054, 48.2299635 ], [ 16.3171576, 48.2299812 ], [ 16.3169589, 48.2299988 ], [ 16.3162283, 48.2299885 ], [ 16.3163652, 48.2304811 ], [ 16.3165949, 48.231365 ], [ 16.3166192, 48.2314711 ], [ 16.3156027, 48.2315959 ], [ 16.3156043, 48.2316179 ], [ 16.3156303, 48.231978 ], [ 16.3156315, 48.232159 ], [ 16.3156243, 48.2322217 ], [ 16.3155989, 48.2323143 ], [ 16.3155973, 48.2324626 ], [ 16.3155943, 48.23254 ], [ 16.3155629, 48.232543 ], [ 16.315508, 48.2325382 ], [ 16.3152459, 48.2325094 ], [ 16.3148925, 48.2324597 ], [ 16.3145017, 48.2324017 ], [ 16.314452, 48.23241 ], [ 16.3144023, 48.2324017 ], [ 16.3138893, 48.2323299 ], [ 16.3131732, 48.2321978 ], [ 16.3130052, 48.2321745 ], [ 16.3128303, 48.2321652 ], [ 16.3125923, 48.2321605 ], [ 16.3122611, 48.2321683 ], [ 16.3118902, 48.2321916 ], [ 16.3118016, 48.2321931 ], [ 16.3116904, 48.232183 ], [ 16.310347, 48.2323836 ], [ 16.3097678, 48.2325022 ], [ 16.3096637, 48.232534 ], [ 16.3093893, 48.2326025 ], [ 16.3090588, 48.2327038 ], [ 16.3087912, 48.2329407 ], [ 16.3086766, 48.2330109 ], [ 16.3085405, 48.2330943 ], [ 16.3083911, 48.233163 ], [ 16.3080959, 48.2332797 ], [ 16.3079673, 48.2333245 ], [ 16.3076132, 48.2334315 ], [ 16.3073868, 48.2334893 ], [ 16.3067732, 48.2336076 ], [ 16.306543, 48.2336676 ], [ 16.3058705, 48.2339193 ], [ 16.3055496, 48.2340694 ], [ 16.3054375, 48.2341052 ], [ 16.3054332, 48.2341159 ], [ 16.3051776, 48.2341843 ], [ 16.3050506, 48.2342184 ], [ 16.3049825, 48.2342366 ], [ 16.3048021, 48.2342844 ], [ 16.3046347, 48.2343288 ], [ 16.3044681, 48.2343694 ], [ 16.3044064, 48.2343853 ], [ 16.3043385, 48.234408 ], [ 16.3039843, 48.2345401 ], [ 16.3034233, 48.2347481 ], [ 16.3029285, 48.234939 ], [ 16.3025741, 48.2350637 ], [ 16.3024128, 48.2350399 ], [ 16.302395, 48.235054 ], [ 16.3023871, 48.2351537 ], [ 16.3023172, 48.2352238 ], [ 16.3021003, 48.2364587 ], [ 16.3011995, 48.2364523 ], [ 16.3011768, 48.236399 ], [ 16.3009966, 48.2364912 ], [ 16.3003408, 48.2372041 ], [ 16.2992445, 48.2376374 ], [ 16.2991099, 48.2377365 ], [ 16.2990516, 48.2377342 ], [ 16.2979612, 48.237758 ], [ 16.2968514, 48.237821 ], [ 16.2967981, 48.2377299 ], [ 16.2966248, 48.2374874 ], [ 16.2961969, 48.2371863 ], [ 16.2958892, 48.2371028 ], [ 16.2956499, 48.2370483 ], [ 16.2952805, 48.2369105 ], [ 16.2950691, 48.2368023 ], [ 16.2949198, 48.2367578 ], [ 16.2948525, 48.2367548 ], [ 16.2947463, 48.2367686 ], [ 16.2946833, 48.2367726 ], [ 16.2945447, 48.2367643 ], [ 16.2941474, 48.2366596 ], [ 16.294119, 48.2367961 ], [ 16.2942454, 48.2377756 ], [ 16.2942976, 48.2379427 ], [ 16.294299, 48.2380102 ], [ 16.2943111, 48.2388349 ], [ 16.2942022, 48.2396198 ], [ 16.2928147, 48.2395853 ], [ 16.2923215, 48.2395919 ], [ 16.2919657, 48.2396555 ], [ 16.2917254, 48.2396642 ], [ 16.2912866, 48.2396174 ], [ 16.2908026, 48.2395864 ], [ 16.2905016, 48.2395555 ], [ 16.2886796, 48.2394029 ], [ 16.2884681, 48.2394471 ], [ 16.2884723, 48.2394598 ], [ 16.2878221, 48.2395925 ], [ 16.2870671, 48.2396652 ], [ 16.2865124, 48.2397545 ], [ 16.2854873, 48.2400227 ], [ 16.285174, 48.2400275 ], [ 16.2844623, 48.2403176 ], [ 16.2838038, 48.2405864 ], [ 16.2838228, 48.2406784 ], [ 16.2838517, 48.2408639 ], [ 16.2839008, 48.2408919 ], [ 16.2839349, 48.2409004 ], [ 16.2840249, 48.2409585 ], [ 16.2840726, 48.2410098 ], [ 16.2841692, 48.241159 ], [ 16.2843235, 48.2412309 ], [ 16.2843907, 48.2412483 ], [ 16.2844509, 48.2412503 ], [ 16.284476, 48.2412677 ], [ 16.284507, 48.2413365 ], [ 16.2846294, 48.2413852 ], [ 16.2846775, 48.2413732 ], [ 16.2848129, 48.241442 ], [ 16.2848801, 48.24146 ], [ 16.2849433, 48.2415014 ], [ 16.2850295, 48.2414634 ], [ 16.2850837, 48.2414553 ], [ 16.2851168, 48.2414707 ], [ 16.2851248, 48.2415495 ], [ 16.2852261, 48.2416196 ], [ 16.2853585, 48.241609 ], [ 16.2854497, 48.2415816 ], [ 16.2855941, 48.241627 ], [ 16.2856109, 48.2417145 ], [ 16.2857474, 48.2417744 ], [ 16.2858057, 48.2417652 ], [ 16.2858749, 48.2417612 ], [ 16.2862209, 48.2418928 ], [ 16.2863312, 48.2418995 ], [ 16.2863974, 48.2419309 ], [ 16.2865819, 48.2419783 ], [ 16.2867113, 48.2420271 ], [ 16.2868356, 48.2420805 ], [ 16.2869791, 48.2421139 ], [ 16.2870724, 48.2421179 ], [ 16.2871886, 48.2421606 ], [ 16.2872659, 48.2421707 ], [ 16.2873411, 48.2421566 ], [ 16.2874935, 48.2421459 ], [ 16.287659, 48.2422094 ], [ 16.2877242, 48.2422241 ], [ 16.2878636, 48.2422234 ], [ 16.288033, 48.2422695 ], [ 16.2884252, 48.2422728 ], [ 16.2884994, 48.2422975 ], [ 16.2886488, 48.2422822 ], [ 16.288716, 48.2422935 ], [ 16.2887822, 48.2422782 ], [ 16.2889266, 48.2423289 ], [ 16.2890148, 48.2424098 ], [ 16.2891412, 48.2424351 ], [ 16.2892405, 48.2424411 ], [ 16.2893197, 48.2424371 ], [ 16.28942, 48.2424458 ], [ 16.2893609, 48.2428221 ], [ 16.2893536, 48.243178 ], [ 16.2893594, 48.2432798 ], [ 16.2900759, 48.243389 ], [ 16.2903252, 48.2435009 ], [ 16.2904417, 48.2437151 ], [ 16.290567, 48.2438822 ], [ 16.2909212, 48.2441342 ], [ 16.2910983, 48.2445148 ], [ 16.291589, 48.2445206 ], [ 16.292108, 48.2443 ], [ 16.2932224, 48.2444974 ], [ 16.2934102, 48.2445429 ], [ 16.2939568, 48.2447073 ], [ 16.2935489, 48.2453576 ], [ 16.2932822, 48.2458178 ], [ 16.2921386, 48.2456779 ], [ 16.2914161, 48.2456686 ], [ 16.2905421, 48.245687 ], [ 16.2892765, 48.2456998 ], [ 16.2885594, 48.2456902 ], [ 16.2876838, 48.2458001 ], [ 16.2868417, 48.2457551 ], [ 16.2857163, 48.2456171 ], [ 16.2850808, 48.2456027 ], [ 16.2849077, 48.2455669 ], [ 16.2837986, 48.2456719 ], [ 16.2834006, 48.2458133 ], [ 16.2830019, 48.2458322 ], [ 16.2824393, 48.2458589 ], [ 16.2823692, 48.2458622 ], [ 16.282434, 48.2459383 ], [ 16.2825764, 48.2459697 ], [ 16.282578, 48.2461576 ], [ 16.2826314, 48.2461955 ], [ 16.2826272, 48.246249 ], [ 16.2825162, 48.2462504 ], [ 16.2825347, 48.2463516 ], [ 16.2825598, 48.2463525 ], [ 16.2825624, 48.2464009 ], [ 16.2824651, 48.2467175 ], [ 16.2823861, 48.2472217 ], [ 16.2823787, 48.2476292 ], [ 16.2825682, 48.2477777 ], [ 16.2830934, 48.2480783 ], [ 16.2834204, 48.2482536 ], [ 16.2839919, 48.2485478 ], [ 16.284237, 48.2486651 ], [ 16.2850932, 48.2490493 ], [ 16.2861478, 48.2494405 ], [ 16.286011, 48.2495881 ], [ 16.2863465, 48.2499502 ], [ 16.2870841, 48.2502368 ], [ 16.2879615, 48.2505105 ], [ 16.2881957, 48.2506322 ], [ 16.2882845, 48.2507204 ], [ 16.2883603, 48.2509346 ], [ 16.288395, 48.2509814 ], [ 16.2890308, 48.2507411 ], [ 16.2891111, 48.250712 ], [ 16.2892305, 48.2506687 ], [ 16.2893213, 48.2506395 ], [ 16.2897061, 48.2505157 ], [ 16.2905764, 48.2504682 ], [ 16.2912459, 48.2504026 ], [ 16.291765, 48.2502973 ], [ 16.2917746, 48.2502651 ], [ 16.2924607, 48.250145 ], [ 16.2925228, 48.2501354 ], [ 16.2926047, 48.2501228 ], [ 16.2928109, 48.2500925 ], [ 16.2928633, 48.2500831 ], [ 16.2932238, 48.2500146 ], [ 16.293986, 48.2497846 ], [ 16.2944896, 48.2497242 ], [ 16.2955772, 48.2494974 ], [ 16.2955798, 48.2494582 ], [ 16.2962031, 48.2492951 ], [ 16.2962262, 48.2493118 ], [ 16.2965678, 48.249218 ], [ 16.2965822, 48.2491834 ], [ 16.2967916, 48.2491319 ], [ 16.2973222, 48.2490882 ], [ 16.2975234, 48.2490945 ], [ 16.2986845, 48.2489247 ], [ 16.3001676, 48.2488105 ], [ 16.3023639, 48.2486558 ], [ 16.3028855, 48.2485947 ], [ 16.3042357, 48.2483016 ], [ 16.304623, 48.2481705 ], [ 16.3058707, 48.2477392 ], [ 16.3058653, 48.2476944 ], [ 16.3064293, 48.2474813 ], [ 16.3068364, 48.2472674 ], [ 16.3072108, 48.2471774 ], [ 16.3076657, 48.2469844 ], [ 16.3077251, 48.2469622 ], [ 16.3077136, 48.2469091 ], [ 16.3075567, 48.2461835 ], [ 16.3075396, 48.2460814 ], [ 16.3074761, 48.2456976 ], [ 16.3074549, 48.245577 ], [ 16.3074451, 48.2455178 ], [ 16.307507, 48.2455083 ], [ 16.3081407, 48.2454233 ], [ 16.3082041, 48.2454147 ], [ 16.3085067, 48.2453736 ], [ 16.3086742, 48.2453509 ], [ 16.3092965, 48.2452666 ], [ 16.3092761, 48.2451537 ], [ 16.3092696, 48.2451227 ], [ 16.3091993, 48.2449371 ], [ 16.3091792, 48.244859 ], [ 16.3091763, 48.2447748 ], [ 16.3092231, 48.244695 ], [ 16.3092993, 48.2446231 ], [ 16.309402, 48.2445562 ], [ 16.3102349, 48.2441189 ], [ 16.31032, 48.2440798 ], [ 16.3104276, 48.2440359 ], [ 16.3105611, 48.2438571 ], [ 16.3107067, 48.2437222 ], [ 16.3108664, 48.243615 ], [ 16.311199, 48.2434257 ], [ 16.3117032, 48.243172 ], [ 16.3128625, 48.2428032 ], [ 16.3140146, 48.2425015 ], [ 16.3142379, 48.2424278 ], [ 16.3153556, 48.2420326 ], [ 16.3159884, 48.2418088 ], [ 16.3162833, 48.241709 ], [ 16.3164876, 48.2416364 ], [ 16.316593, 48.2415984 ], [ 16.3166553, 48.2416958 ], [ 16.316704, 48.2417437 ], [ 16.3167592, 48.2417838 ], [ 16.3168335, 48.2418163 ], [ 16.3169054, 48.2418393 ], [ 16.3169849, 48.2418539 ], [ 16.3170657, 48.2418573 ], [ 16.3171516, 48.2418504 ], [ 16.3172876, 48.2418129 ], [ 16.3176378, 48.2417197 ], [ 16.3180944, 48.2415916 ], [ 16.3185215, 48.2414754 ], [ 16.3187511, 48.2414105 ], [ 16.3192244, 48.2412755 ], [ 16.3197105, 48.241138 ], [ 16.3198208, 48.2411056 ], [ 16.319935, 48.2410808 ], [ 16.3201814, 48.2410341 ], [ 16.3204096, 48.2409963 ], [ 16.320897, 48.2409182 ], [ 16.321337, 48.2408494 ], [ 16.3213272, 48.2408242 ], [ 16.3212943, 48.2407892 ], [ 16.3212733, 48.2407695 ], [ 16.3212384, 48.2407367 ], [ 16.3211349, 48.2406655 ], [ 16.3209723, 48.2405889 ], [ 16.320831, 48.2405441 ], [ 16.3204623, 48.2404735 ], [ 16.3203216, 48.2404401 ], [ 16.3202099, 48.2403996 ], [ 16.3200689, 48.2403337 ], [ 16.3199339, 48.2402541 ], [ 16.319901, 48.2402322 ], [ 16.3198484, 48.2401917 ], [ 16.319912, 48.2401608 ], [ 16.3199682, 48.2401334 ], [ 16.3200686, 48.2400845 ], [ 16.3201854, 48.240037 ], [ 16.3203241, 48.2399934 ], [ 16.3204606, 48.2399527 ], [ 16.3206047, 48.2399301 ], [ 16.3208471, 48.2398992 ], [ 16.3214, 48.2398287 ], [ 16.3216943, 48.2397975 ], [ 16.3217934, 48.2397893 ], [ 16.3219348, 48.2397661 ], [ 16.3222293, 48.239722 ], [ 16.3225729, 48.2396527 ], [ 16.3225886, 48.2396495 ], [ 16.3227469, 48.2396112 ], [ 16.3233624, 48.2394381 ], [ 16.3239822, 48.2392202 ], [ 16.3247781, 48.2389404 ], [ 16.3249086, 48.2388945 ], [ 16.3251528, 48.2388123 ], [ 16.3258189, 48.238588 ], [ 16.3258941, 48.2385627 ], [ 16.3259768, 48.2385341 ], [ 16.3261114, 48.2384876 ], [ 16.3264966, 48.2383544 ], [ 16.3268811, 48.2382215 ], [ 16.3272309, 48.2381006 ], [ 16.3276728, 48.2379525 ], [ 16.3281296, 48.2377995 ], [ 16.3298977, 48.2371956 ], [ 16.3300417, 48.2371477 ], [ 16.3300764, 48.2371364 ], [ 16.3301424, 48.2371169 ], [ 16.3302101, 48.2371032 ], [ 16.3302806, 48.2370936 ], [ 16.3303932, 48.2370826 ], [ 16.330496, 48.2370793 ], [ 16.3305378, 48.2370791 ], [ 16.3307941, 48.2370765 ], [ 16.3317115, 48.2370829 ], [ 16.3326184, 48.2370832 ], [ 16.3327293, 48.2370832 ], [ 16.3330279, 48.2370818 ], [ 16.3333494, 48.2370852 ], [ 16.3335649, 48.2370896 ], [ 16.3337478, 48.237091 ], [ 16.3340973, 48.2370881 ], [ 16.3344137, 48.2370884 ], [ 16.3345648, 48.2370879 ], [ 16.3346239, 48.2370877 ], [ 16.334898, 48.2370884 ], [ 16.3349605, 48.2370882 ], [ 16.3351346, 48.2370883 ], [ 16.335201, 48.2370884 ], [ 16.3352361, 48.2370885 ], [ 16.3353845, 48.2370887 ], [ 16.3354892, 48.2370888 ], [ 16.3358793, 48.237089 ], [ 16.3362056, 48.2370893 ], [ 16.3362406, 48.2370893 ], [ 16.3376917, 48.2370899 ], [ 16.3377733, 48.2370907 ], [ 16.3377736, 48.23702 ], [ 16.3377783, 48.2367236 ], [ 16.3377776, 48.2366703 ], [ 16.3377769, 48.2365713 ], [ 16.3377802, 48.2361277 ], [ 16.337779, 48.2360711 ], [ 16.3377747, 48.2360085 ], [ 16.3377755, 48.2351115 ], [ 16.337778, 48.2342818 ], [ 16.3377794, 48.2341717 ], [ 16.3377847, 48.2339396 ], [ 16.3377866, 48.2338555 ], [ 16.3379307, 48.2338555 ], [ 16.3382277, 48.2338548 ], [ 16.3394183, 48.2338555 ], [ 16.3408586, 48.2338564 ], [ 16.3416692, 48.2338586 ], [ 16.3419312, 48.2338593 ], [ 16.3421565, 48.2338597 ], [ 16.3422464, 48.2338554 ], [ 16.3438951, 48.2336172 ], [ 16.3443172, 48.2337895 ], [ 16.3444367, 48.2336574 ], [ 16.3445653, 48.2335172 ], [ 16.3470708, 48.2331456 ], [ 16.3472149, 48.2331244 ], [ 16.347242, 48.2331204 ], [ 16.3473676, 48.2331011 ], [ 16.347463, 48.2332434 ], [ 16.3475135, 48.2333164 ], [ 16.347541, 48.2333577 ], [ 16.348543, 48.2332138 ], [ 16.3489281, 48.2331602 ], [ 16.3491232, 48.2331343 ], [ 16.3492366, 48.2336176 ], [ 16.3492873, 48.2338081 ], [ 16.3508301, 48.2336966 ], [ 16.3507481, 48.233191 ], [ 16.350738, 48.2330315 ], [ 16.3505589, 48.2323427 ], [ 16.3505096, 48.2322383 ], [ 16.3504791, 48.2321158 ], [ 16.3504733, 48.2321051 ], [ 16.3504344, 48.2319495 ], [ 16.3510969, 48.231944 ], [ 16.352204, 48.231934 ], [ 16.3531402, 48.2321189 ], [ 16.3531673, 48.2321246 ], [ 16.3532252, 48.2321362 ], [ 16.3533139, 48.2321541 ], [ 16.3533335, 48.232158 ], [ 16.3537656, 48.231992 ], [ 16.3535598, 48.2318767 ], [ 16.3532266, 48.2317004 ], [ 16.3530509, 48.2316178 ], [ 16.3529413, 48.2315714 ], [ 16.3529112, 48.2316041 ], [ 16.3528777, 48.2315904 ], [ 16.3528098, 48.2315647 ], [ 16.3527996, 48.2315761 ], [ 16.3526883, 48.2315326 ], [ 16.3527024, 48.2315169 ], [ 16.3526349, 48.2314898 ], [ 16.3526035, 48.2315247 ], [ 16.3525582, 48.2315066 ], [ 16.3525608, 48.2315038 ], [ 16.3523645, 48.2314276 ], [ 16.3521665, 48.2313482 ], [ 16.3521638, 48.2313507 ], [ 16.3521206, 48.2313335 ], [ 16.3521507, 48.2313007 ], [ 16.3519038, 48.2312028 ], [ 16.3518997, 48.2312073 ], [ 16.35187, 48.2311955 ], [ 16.3518967, 48.2311658 ], [ 16.3518211, 48.2311344 ], [ 16.3518117, 48.2311411 ], [ 16.3517858, 48.2311318 ], [ 16.351788, 48.2311202 ], [ 16.351727, 48.2310948 ], [ 16.3517094, 48.2311015 ], [ 16.3516831, 48.2310909 ], [ 16.3516896, 48.231075 ], [ 16.3516255, 48.231046 ], [ 16.3516184, 48.2310483 ], [ 16.3515951, 48.2310376 ], [ 16.3515953, 48.2310333 ], [ 16.3515328, 48.2310053 ], [ 16.351527, 48.2310071 ], [ 16.3515067, 48.2309964 ], [ 16.3515066, 48.2309914 ], [ 16.3514411, 48.2309614 ], [ 16.3514334, 48.2309626 ], [ 16.3514107, 48.2309512 ], [ 16.3514112, 48.2309462 ], [ 16.3513502, 48.230914 ], [ 16.3513443, 48.2309152 ], [ 16.3513225, 48.2309027 ], [ 16.3513241, 48.2308987 ], [ 16.3512656, 48.2308642 ], [ 16.3512584, 48.2308653 ], [ 16.3512315, 48.2308496 ], [ 16.3512323, 48.2308445 ], [ 16.3510263, 48.2307097 ], [ 16.3510037, 48.2306945 ], [ 16.3510061, 48.2306887 ], [ 16.3509582, 48.2306503 ], [ 16.3509521, 48.2306505 ], [ 16.3509366, 48.2306374 ], [ 16.3509386, 48.2306334 ], [ 16.3508946, 48.230597 ], [ 16.3508885, 48.2305966 ], [ 16.3508713, 48.2305813 ], [ 16.3508731, 48.2305767 ], [ 16.3508694, 48.2305728 ], [ 16.3507497, 48.23046 ], [ 16.3507462, 48.2304563 ], [ 16.3507387, 48.2304559 ], [ 16.3507285, 48.2304433 ], [ 16.3507327, 48.2304381 ], [ 16.3506952, 48.230392 ], [ 16.3506879, 48.2303915 ], [ 16.3506772, 48.230377 ], [ 16.3506803, 48.2303721 ], [ 16.3506489, 48.2303326 ], [ 16.3506415, 48.2303317 ], [ 16.3506307, 48.2303165 ], [ 16.3506335, 48.2303113 ], [ 16.350597, 48.2302633 ], [ 16.3505896, 48.2302615 ], [ 16.3505801, 48.2302448 ], [ 16.3505843, 48.2302392 ], [ 16.3505571, 48.2301974 ], [ 16.3505501, 48.2301957 ], [ 16.3505417, 48.2301823 ], [ 16.3505443, 48.2301773 ], [ 16.3505173, 48.2301329 ], [ 16.3505102, 48.2301319 ], [ 16.3504985, 48.2301105 ], [ 16.3505016, 48.2301057 ], [ 16.3504794, 48.2300591 ], [ 16.3504723, 48.2300572 ], [ 16.350467, 48.2300444 ], [ 16.3504712, 48.2300399 ], [ 16.3504507, 48.2299946 ], [ 16.3504433, 48.229993 ], [ 16.3504382, 48.2299775 ], [ 16.3504429, 48.2299733 ], [ 16.3504219, 48.2299248 ], [ 16.3504132, 48.2299225 ], [ 16.3504083, 48.2299084 ], [ 16.3504115, 48.229904 ], [ 16.3503772, 48.2297626 ], [ 16.3503758, 48.2297578 ], [ 16.3503688, 48.2297553 ], [ 16.3503655, 48.2297394 ], [ 16.3503706, 48.2297364 ], [ 16.3503585, 48.2296899 ], [ 16.3503519, 48.2296881 ], [ 16.3503482, 48.2296728 ], [ 16.350353, 48.2296696 ], [ 16.3503421, 48.2296175 ], [ 16.3503373, 48.2296151 ], [ 16.3503341, 48.2296005 ], [ 16.350338, 48.2295976 ], [ 16.3503258, 48.2295452 ], [ 16.3503202, 48.229543 ], [ 16.3503178, 48.2295301 ], [ 16.3503223, 48.2295273 ], [ 16.35031, 48.2294741 ], [ 16.3503024, 48.2294725 ], [ 16.3502989, 48.2294549 ], [ 16.3503054, 48.229451 ], [ 16.3502943, 48.2294003 ], [ 16.3502881, 48.2293983 ], [ 16.3502841, 48.2293804 ], [ 16.3502884, 48.2293774 ], [ 16.350277, 48.2293268 ], [ 16.350271, 48.2293246 ], [ 16.3502682, 48.2293087 ], [ 16.3502723, 48.2293053 ], [ 16.3502599, 48.2292522 ], [ 16.3502543, 48.2292505 ], [ 16.3502493, 48.2292294 ], [ 16.3502529, 48.2292267 ], [ 16.3502258, 48.2290905 ], [ 16.35022, 48.2290877 ], [ 16.3502166, 48.2290687 ], [ 16.3502208, 48.2290636 ], [ 16.350207, 48.2290069 ], [ 16.3502014, 48.2290042 ], [ 16.3501991, 48.228989 ], [ 16.3502026, 48.2289856 ], [ 16.3501897, 48.2289326 ], [ 16.3501841, 48.2289302 ], [ 16.3501809, 48.2289137 ], [ 16.3501849, 48.2289109 ], [ 16.3501719, 48.2288513 ], [ 16.350167, 48.2288489 ], [ 16.3501614, 48.2288262 ], [ 16.3501654, 48.228823 ], [ 16.3501539, 48.2287689 ], [ 16.3501488, 48.2287666 ], [ 16.3501453, 48.2287497 ], [ 16.3501487, 48.2287461 ], [ 16.3501361, 48.2286915 ], [ 16.3501312, 48.228688 ], [ 16.3501286, 48.2286738 ], [ 16.3501324, 48.2286707 ], [ 16.3501205, 48.2286136 ], [ 16.3501149, 48.2286111 ], [ 16.3501097, 48.2285847 ], [ 16.3501134, 48.2285811 ], [ 16.3500995, 48.2285262 ], [ 16.3500939, 48.2285239 ], [ 16.3500908, 48.2285073 ], [ 16.3500948, 48.2285039 ], [ 16.3500812, 48.2284491 ], [ 16.350077, 48.2284468 ], [ 16.3500736, 48.2284316 ], [ 16.3500765, 48.2284286 ], [ 16.3500589, 48.228371 ], [ 16.3500545, 48.2283692 ], [ 16.3500492, 48.2283478 ], [ 16.3500537, 48.2283455 ], [ 16.3500218, 48.2282066 ], [ 16.3497865, 48.2271826 ], [ 16.3497546, 48.2270438 ], [ 16.3495734, 48.2261623 ], [ 16.3495479, 48.2261653 ], [ 16.3495409, 48.2261299 ], [ 16.3495131, 48.2259947 ], [ 16.3495108, 48.2259836 ], [ 16.3494687, 48.2259875 ], [ 16.3494617, 48.2259534 ], [ 16.3494654, 48.2259532 ], [ 16.3494289, 48.2257834 ], [ 16.3493686, 48.2257884 ], [ 16.3493621, 48.2257565 ], [ 16.3493652, 48.2257564 ], [ 16.3493407, 48.2256426 ], [ 16.3493326, 48.2256053 ], [ 16.3493246, 48.2255681 ], [ 16.349319, 48.225542 ], [ 16.3492997, 48.2254524 ], [ 16.3492957, 48.2254528 ], [ 16.3492891, 48.2254203 ], [ 16.3493462, 48.2254151 ], [ 16.3493091, 48.2252433 ], [ 16.3493035, 48.2252438 ], [ 16.3492968, 48.2252097 ], [ 16.349345, 48.2252048 ], [ 16.3493456, 48.2252079 ], [ 16.3493508, 48.2252074 ], [ 16.3493123, 48.225036 ], [ 16.3492919, 48.2250384 ], [ 16.3492835, 48.225006 ], [ 16.3493034, 48.2250036 ], [ 16.3492372, 48.224689 ], [ 16.3492153, 48.2246913 ], [ 16.3492077, 48.2246594 ], [ 16.3492299, 48.224657 ], [ 16.3492013, 48.2244968 ], [ 16.3491742, 48.2244985 ], [ 16.3491685, 48.2244645 ], [ 16.3491938, 48.224462 ], [ 16.349097, 48.2240114 ], [ 16.3489473, 48.2236991 ], [ 16.3488534, 48.2235522 ], [ 16.3487612, 48.223446 ], [ 16.3486514, 48.2233377 ], [ 16.3486033, 48.2232955 ], [ 16.3485294, 48.223231 ], [ 16.3483923, 48.2231292 ], [ 16.3483161, 48.2230766 ], [ 16.3482073, 48.2230098 ], [ 16.3480921, 48.2229489 ], [ 16.3479558, 48.2228832 ], [ 16.3478441, 48.2228384 ], [ 16.3477611, 48.2228076 ], [ 16.3476425, 48.2227687 ], [ 16.3474781, 48.2227203 ], [ 16.3472949, 48.2226714 ], [ 16.347265, 48.2226678 ], [ 16.3472303, 48.2227251 ], [ 16.3472199, 48.2227368 ], [ 16.3472086, 48.2227465 ], [ 16.3471968, 48.2227549 ], [ 16.3471792, 48.2227632 ], [ 16.347161, 48.2227684 ], [ 16.3471416, 48.222773 ], [ 16.3471196, 48.2227766 ], [ 16.347094, 48.2227768 ], [ 16.3470699, 48.2227745 ], [ 16.3449255, 48.2222063 ], [ 16.3439681, 48.2219656 ], [ 16.3438993, 48.2219133 ], [ 16.3438853, 48.2219215 ], [ 16.3436292, 48.2217272 ], [ 16.3436448, 48.221718 ], [ 16.3435744, 48.2216646 ], [ 16.3433881, 48.2211786 ], [ 16.3430059, 48.2202277 ], [ 16.3429724, 48.2201452 ], [ 16.3428218, 48.2197828 ], [ 16.3423566, 48.2186406 ], [ 16.3423186, 48.2185473 ], [ 16.3425769, 48.2185014 ], [ 16.3425699, 48.2184844 ], [ 16.3425937, 48.2184792 ], [ 16.3425059, 48.2182595 ], [ 16.3423517, 48.2178891 ], [ 16.3420857, 48.2173864 ], [ 16.3420618, 48.2173874 ], [ 16.3420526, 48.2173822 ], [ 16.3420457, 48.2173674 ], [ 16.3420426, 48.217355 ], [ 16.342053, 48.2173526 ], [ 16.3419883, 48.2172473 ] ] ] } },
{ "type": "Feature", "properties": { "osm_id": 1991435, "ref": 19, "name": "Döbling", "name:de": null, "population": 66487.0, "area_km2": 24.945 }, "geometry": { "type": "Polygon", "coordinates": [ [ [ 16.2855585, 48.258323 ], [ 16.2857573, 48.258404 ], [ 16.2858049, 48.258548 ], [ 16.2857867, 48.2587981 ], [ 16.2858179, 48.258899 ], [ 16.2858526, 48.2590018 ], [ 16.2862667, 48.2596728 ], [ 16.2871096, 48.2602851 ], [ 16.2873661, 48.2604145 ], [ 16.2876959, 48.2605072 ], [ 16.2878901, 48.2605901 ], [ 16.2883556, 48.2609292 ], [ 16.2885645, 48.2611659 ], [ 16.289139, 48.2615268 ], [ 16.2894733, 48.2617368 ], [ 16.2896639, 48.2618027 ], [ 16.2903162, 48.2619198 ], [ 16.2908622, 48.2620491 ], [ 16.2921009, 48.2622296 ], [ 16.2927181, 48.2627615 ], [ 16.2932253, 48.2633524 ], [ 16.2936031, 48.2636408 ], [ 16.2939662, 48.2639221 ], [ 16.2940948, 48.2639959 ], [ 16.2940865, 48.2645289 ], [ 16.2925411, 48.2655927 ], [ 16.2924275, 48.2656842 ], [ 16.2913154, 48.2666918 ], [ 16.2908958, 48.2666561 ], [ 16.2906735, 48.2666372 ], [ 16.2901505, 48.2666355 ], [ 16.2891757, 48.2663999 ], [ 16.288687, 48.2663436 ], [ 16.2877096, 48.2664016 ], [ 16.2868009, 48.2664087 ], [ 16.2864866, 48.266479 ], [ 16.2861722, 48.266697 ], [ 16.2860714, 48.2669113 ], [ 16.285953, 48.2671121 ], [ 16.285931, 48.2671886 ], [ 16.2858776, 48.2673738 ], [ 16.2858776, 48.2674455 ], [ 16.285988, 48.2676212 ], [ 16.2862377, 48.2677344 ], [ 16.2863596, 48.2677897 ], [ 16.2869978, 48.2680371 ], [ 16.2873937, 48.2682558 ], [ 16.2877115, 48.2685354 ], [ 16.2878084, 48.2687129 ], [ 16.2878865, 48.2690284 ], [ 16.288137, 48.2694245 ], [ 16.2883013, 48.2698494 ], [ 16.2884736, 48.2700842 ], [ 16.2886756, 48.2703315 ], [ 16.2890122, 48.2705108 ], [ 16.2893434, 48.270604 ], [ 16.2899251, 48.2707044 ], [ 16.2906415, 48.2708926 ], [ 16.2908354, 48.2710127 ], [ 16.2910158, 48.2711453 ], [ 16.291172, 48.2712995 ], [ 16.2913147, 48.271364 ], [ 16.2915733, 48.271407 ], [ 16.2922088, 48.271425 ], [ 16.2933453, 48.2716705 ], [ 16.2938031, 48.2718068 ], [ 16.2939943, 48.2719591 ], [ 16.2942716, 48.2721007 ], [ 16.2944898, 48.2721724 ], [ 16.2951469, 48.2721007 ], [ 16.297322, 48.272001 ], [ 16.2983488, 48.2723051 ], [ 16.2989103, 48.2724062 ], [ 16.2992909, 48.272882 ], [ 16.2997382, 48.2731294 ], [ 16.3001098, 48.2731784 ], [ 16.3003219, 48.2732192 ], [ 16.3003463, 48.2733074 ], [ 16.3016612, 48.273126 ], [ 16.3012115, 48.2726797 ], [ 16.3020921, 48.2724843 ], [ 16.3024287, 48.2723427 ], [ 16.3035921, 48.2721366 ], [ 16.3040715, 48.2719251 ], [ 16.3045508, 48.2717673 ], [ 16.3054153, 48.2716795 ], [ 16.3058677, 48.2717422 ], [ 16.3065302, 48.2720685 ], [ 16.3072061, 48.2723373 ], [ 16.3083749, 48.2724413 ], [ 16.3091182, 48.2728016 ], [ 16.3098237, 48.273178 ], [ 16.3105697, 48.2736046 ], [ 16.311005, 48.2736973 ], [ 16.3115984, 48.2739164 ], [ 16.3123094, 48.2738645 ], [ 16.3145957, 48.2739881 ], [ 16.3151747, 48.2743323 ], [ 16.3157588, 48.2749939 ], [ 16.3162244, 48.2755309 ], [ 16.3162456, 48.2755569 ], [ 16.3167613, 48.2757625 ], [ 16.3169058, 48.2761006 ], [ 16.3175689, 48.2766727 ], [ 16.3178604, 48.2770546 ], [ 16.3179743, 48.2771329 ], [ 16.318089, 48.2772107 ], [ 16.3192965, 48.2776946 ], [ 16.3196649, 48.2777737 ], [ 16.3198019, 48.2778577 ], [ 16.3203526, 48.2780051 ], [ 16.3207243, 48.278188 ], [ 16.3213821, 48.2781393 ], [ 16.3216974, 48.278168 ], [ 16.3220023, 48.2781718 ], [ 16.3223125, 48.2781745 ], [ 16.3228064, 48.2780897 ], [ 16.3231082, 48.2780166 ], [ 16.3235096, 48.2778792 ], [ 16.3238354, 48.2777412 ], [ 16.324059, 48.2776552 ], [ 16.3247378, 48.2775196 ], [ 16.3251168, 48.2774457 ], [ 16.3260197, 48.2773468 ], [ 16.3263367, 48.2773141 ], [ 16.3267875, 48.2772817 ], [ 16.3271573, 48.2772375 ], [ 16.3274055, 48.2772079 ], [ 16.3277581, 48.2771449 ], [ 16.3281092, 48.2771229 ], [ 16.3286074, 48.2771534 ], [ 16.3287421, 48.2771552 ], [ 16.3289764, 48.2771946 ], [ 16.3291864, 48.2772932 ], [ 16.3295338, 48.2774545 ], [ 16.3298462, 48.277571 ], [ 16.3301398, 48.2777645 ], [ 16.3302017, 48.2777753 ], [ 16.3303202, 48.2780172 ], [ 16.3303606, 48.2784886 ], [ 16.3305356, 48.2789779 ], [ 16.3308373, 48.2793397 ], [ 16.331044, 48.2795445 ], [ 16.3311911, 48.2796952 ], [ 16.3312381, 48.2797665 ], [ 16.3313172, 48.2800144 ], [ 16.3315849, 48.2802174 ], [ 16.3316694, 48.2803246 ], [ 16.3317254, 48.2805269 ], [ 16.3319915, 48.2807724 ], [ 16.3322279, 48.2808973 ], [ 16.3331601, 48.2811363 ], [ 16.3335152, 48.2811583 ], [ 16.3338729, 48.2811352 ], [ 16.3342844, 48.281109 ], [ 16.3343904, 48.2811633 ], [ 16.3346918, 48.2812403 ], [ 16.336666, 48.281815 ], [ 16.3384964, 48.2826081 ], [ 16.3444747, 48.285127 ], [ 16.3444679, 48.2851365 ], [ 16.3445034, 48.2851504 ], [ 16.3444745, 48.2851804 ], [ 16.344527, 48.2852022 ], [ 16.3445085, 48.2852216 ], [ 16.3446327, 48.2852751 ], [ 16.3445793, 48.2853323 ], [ 16.3451761, 48.2855853 ], [ 16.3440787, 48.2867157 ], [ 16.3438373, 48.286937 ], [ 16.3437428, 48.2869801 ], [ 16.3434535, 48.2872907 ], [ 16.3434259, 48.287365 ], [ 16.3431554, 48.2876256 ], [ 16.3430258, 48.2876913 ], [ 16.3429992, 48.2877124 ], [ 16.3428279, 48.2878447 ], [ 16.3423096, 48.2882345 ], [ 16.3421727, 48.2883554 ], [ 16.3412011, 48.2889708 ], [ 16.3414565, 48.2890262 ], [ 16.3419388, 48.2891272 ], [ 16.3466601, 48.2901712 ], [ 16.3481253, 48.2904811 ], [ 16.3535115, 48.2837006 ], [ 16.3559554, 48.2833477 ], [ 16.3724028, 48.2627227 ], [ 16.3682297, 48.2613353 ], [ 16.3682714, 48.2610638 ], [ 16.3683642, 48.2610204 ], [ 16.3688083, 48.259402 ], [ 16.3689714, 48.2593134 ], [ 16.3691169, 48.2587255 ], [ 16.3689889, 48.2585769 ], [ 16.3690848, 48.2578993 ], [ 16.3689189, 48.2577794 ], [ 16.369041, 48.2571184 ], [ 16.3713538, 48.2530754 ], [ 16.371776, 48.2520052 ], [ 16.3717988, 48.2518826 ], [ 16.3718434, 48.2515824 ], [ 16.3718008, 48.2508311 ], [ 16.3716411, 48.2502169 ], [ 16.3713041, 48.2495034 ], [ 16.3708854, 48.2488112 ], [ 16.3703142, 48.2480575 ], [ 16.3695794, 48.2471183 ], [ 16.3690925, 48.2465613 ], [ 16.3685672, 48.246015 ], [ 16.3673617, 48.2448089 ], [ 16.366536, 48.2439766 ], [ 16.3662475, 48.2436678 ], [ 16.3660695, 48.2434331 ], [ 16.3659642, 48.2432866 ], [ 16.3657418, 48.2429786 ], [ 16.3648097, 48.2417342 ], [ 16.3633295, 48.239669 ], [ 16.3628482, 48.2388588 ], [ 16.3626014, 48.2383987 ], [ 16.3622401, 48.2377147 ], [ 16.3617679, 48.2367027 ], [ 16.3616214, 48.236309 ], [ 16.3608583, 48.236285 ], [ 16.359617, 48.236246 ], [ 16.3572299, 48.236171 ], [ 16.3567669, 48.2361278 ], [ 16.3567424, 48.2361248 ], [ 16.3566535, 48.2359198 ], [ 16.3564519, 48.2351807 ], [ 16.3564436, 48.2351501 ], [ 16.3560088, 48.2335559 ], [ 16.3559313, 48.2333514 ], [ 16.3558358, 48.2331589 ], [ 16.3555653, 48.232731 ], [ 16.355489, 48.2326175 ], [ 16.3554111, 48.2325252 ], [ 16.3551343, 48.2322775 ], [ 16.3548015, 48.2320607 ], [ 16.3544493, 48.231907 ], [ 16.3541634, 48.232112 ], [ 16.3540656, 48.2321821 ], [ 16.3537656, 48.231992 ], [ 16.3533335, 48.232158 ], [ 16.3533139, 48.2321541 ], [ 16.3532252, 48.2321362 ], [ 16.3531673, 48.2321246 ], [ 16.3531402, 48.2321189 ], [ 16.352204, 48.231934 ], [ 16.3510969, 48.231944 ], [ 16.3504344, 48.2319495 ], [ 16.3504733, 48.2321051 ], [ 16.3504791, 48.2321158 ], [ 16.3505096, 48.2322383 ], [ 16.3505589, 48.2323427 ], [ 16.350738, 48.2330315 ], [ 16.3507481, 48.233191 ], [ 16.3508301, 48.2336966 ], [ 16.3492873, 48.2338081 ], [ 16.3492366, 48.2336176 ], [ 16.3491232, 48.2331343 ], [ 16.3489281, 48.2331602 ], [ 16.348543, 48.2332138 ], [ 16.347541, 48.2333577 ], [ 16.3475135, 48.2333164 ], [ 16.347463, 48.2332434 ], [ 16.3473676, 48.2331011 ], [ 16.347242, 48.2331204 ], [ 16.3472149, 48.2331244 ], [ 16.3470708, 48.2331456 ], [ 16.3445653, 48.2335172 ], [ 16.3444367, 48.2336574 ], [ 16.3443172, 48.2337895 ], [ 16.3438951, 48.2336172 ], [ 16.3422464, 48.2338554 ], [ 16.3421565, 48.2338597 ], [ 16.3419312, 48.2338593 ], [ 16.3416692, 48.2338586 ], [ 16.3408586, 48.2338564 ], [ 16.3394183, 48.2338555 ], [ 16.3382277, 48.2338548 ], [ 16.3379307, 48.2338555 ], [ 16.3377866, 48.2338555 ], [ 16.3377847, 48.2339396 ], [ 16.3377794, 48.2341717 ], [ 16.337778, 48.2342818 ], [ 16.3377755, 48.2351115 ], [ 16.3377747, 48.2360085 ], [ 16.337779, 48.2360711 ], [ 16.3377802, 48.2361277 ], [ 16.3377769, 48.2365713 ], [ 16.3377776, 48.2366703 ], [ 16.3377783, 48.2367236 ], [ 16.3377736, 48.23702 ], [ 16.3377733, 48.2370907 ], [ 16.3376917, 48.2370899 ], [ 16.3362406, 48.2370893 ], [ 16.3362056, 48.2370893 ], [ 16.3358793, 48.237089 ], [ 16.3354892, 48.2370888 ], [ 16.3353845, 48.2370887 ], [ 16.3352361, 48.2370885 ], [ 16.335201, 48.2370884 ], [ 16.3351346, 48.2370883 ], [ 16.3349605, 48.2370882 ], [ 16.334898, 48.2370884 ], [ 16.3346239, 48.2370877 ], [ 16.3345648, 48.2370879 ], [ 16.3344137, 48.2370884 ], [ 16.3340973, 48.2370881 ], [ 16.3337478, 48.237091 ], [ 16.3335649, 48.2370896 ], [ 16.3333494, 48.2370852 ], [ 16.3330279, 48.2370818 ], [ 16.3327293, 48.2370832 ], [ 16.3326184, 48.2370832 ], [ 16.3317115, 48.2370829 ], [ 16.3307941, 48.2370765 ], [ 16.3305378, 48.2370791 ], [ 16.330496, 48.2370793 ], [ 16.3303932, 48.2370826 ], [ 16.3302806, 48.2370936 ], [ 16.3302101, 48.2371032 ], [ 16.3301424, 48.2371169 ], [ 16.3300764, 48.2371364 ], [ 16.3300417, 48.2371477 ], [ 16.3298977, 48.2371956 ], [ 16.3281296, 48.2377995 ], [ 16.3276728, 48.2379525 ], [ 16.3272309, 48.2381006 ], [ 16.3268811, 48.2382215 ], [ 16.3264966, 48.2383544 ], [ 16.3261114, 48.2384876 ], [ 16.3259768, 48.2385341 ], [ 16.3258941, 48.2385627 ], [ 16.3258189, 48.238588 ], [ 16.3251528, 48.2388123 ], [ 16.3249086, 48.2388945 ], [ 16.3247781, 48.2389404 ], [ 16.3239822, 48.2392202 ], [ 16.3233624, 48.2394381 ], [ 16.3227469, 48.2396112 ], [ 16.3225886, 48.2396495 ], [ 16.3225729, 48.2396527 ], [ 16.3222293, 48.239722 ], [ 16.3219348, 48.2397661 ], [ 16.3217934, 48.2397893 ], [ 16.3216943, 48.2397975 ], [ 16.3214, 48.2398287 ], [ 16.3208471, 48.2398992 ], [ 16.3206047, 48.2399301 ], [ 16.3204606, 48.2399527 ], [ 16.3203241, 48.2399934 ], [ 16.3201854, 48.240037 ], [ 16.3200686, 48.2400845 ], [ 16.3199682, 48.2401334 ], [ 16.319912, 48.2401608 ], [ 16.3198484, 48.2401917 ], [ 16.319901, 48.2402322 ], [ 16.3199339, 48.2402541 ], [ 16.3200689, 48.2403337 ], [ 16.3202099, 48.2403996 ], [ 16.3203216, 48.2404401 ], [ 16.3204623, 48.2404735 ], [ 16.320831, 48.2405441 ], [ 16.3209723, 48.2405889 ], [ 16.3211349, 48.2406655 ], [ 16.3212384, 48.2407367 ], [ 16.3212733, 48.2407695 ], [ 16.3212943, 48.2407892 ], [ 16.3213272, 48.2408242 ], [ 16.321337, 48.2408494 ], [ 16.320897, 48.2409182 ], [ 16.3204096, 48.2409963 ], [ 16.3201814, 48.2410341 ], [ 16.319935, 48.2410808 ], [ 16.3198208, 48.2411056 ], [ 16.3197105, 48.241138 ], [ 16.3192244, 48.2412755 ], [ 16.3187511, 48.2414105 ], [ 16.3185215, 48.2414754 ], [ 16.3180944, 48.2415916 ], [ 16.3176378, 48.2417197 ], [ 16.3172876, 48.2418129 ], [ 16.3171516, 48.2418504 ], [ 16.3170657, 48.2418573 ], [ 16.3169849, 48.2418539 ], [ 16.3169054, 48.2418393 ], [ 16.3168335, 48.2418163 ], [ 16.3167592, 48.2417838 ], [ 16.316704, 48.2417437 ], [ 16.3166553, 48.2416958 ], [ 16.316593, 48.2415984 ], [ 16.3164876, 48.2416364 ], [ 16.3162833, 48.241709 ], [ 16.3159884, 48.2418088 ], [ 16.3153556, 48.2420326 ], [ 16.3142379, 48.2424278 ], [ 16.3140146, 48.2425015 ], [ 16.3128625, 48.2428032 ], [ 16.3117032, 48.243172 ], [ 16.311199, 48.2434257 ], [ 16.3108664, 48.243615 ], [ 16.3107067, 48.2437222 ], [ 16.3105611, 48.2438571 ], [ 16.3104276, 48.2440359 ], [ 16.31032, 48.2440798 ], [ 16.3102349, 48.2441189 ], [ 16.309402, 48.2445562 ], [ 16.3092993, 48.2446231 ], [ 16.3092231, 48.244695 ], [ 16.3091763, 48.2447748 ], [ 16.3091792, 48.244859 ], [ 16.3091993, 48.2449371 ], [ 16.3092696, 48.2451227 ], [ 16.3092761, 48.2451537 ], [ 16.3092965, 48.2452666 ], [ 16.3086742, 48.2453509 ], [ 16.3085067, 48.2453736 ], [ 16.3082041, 48.2454147 ], [ 16.3081407, 48.2454233 ], [ 16.307507, 48.2455083 ], [ 16.3074451, 48.2455178 ], [ 16.3074549, 48.245577 ], [ 16.3074761, 48.2456976 ], [ 16.3075396, 48.2460814 ], [ 16.3075567, 48.2461835 ], [ 16.3077136, 48.2469091 ], [ 16.3077251, 48.2469622 ], [ 16.3076657, 48.2469844 ], [ 16.3072108, 48.2471774 ], [ 16.3068364, 48.2472674 ], [ 16.3064293, 48.2474813 ], [ 16.3058653, 48.2476944 ], [ 16.3058707, 48.2477392 ], [ 16.304623, 48.2481705 ], [ 16.3042357, 48.2483016 ], [ 16.3028855, 48.2485947 ], [ 16.3023639, 48.2486558 ], [ 16.3001676, 48.2488105 ], [ 16.2986845, 48.2489247 ], [ 16.2975234, 48.2490945 ], [ 16.2973222, 48.2490882 ], [ 16.2967916, 48.2491319 ], [ 16.2965822, 48.2491834 ], [ 16.2965678, 48.249218 ], [ 16.2962262, 48.2493118 ], [ 16.2962031, 48.2492951 ], [ 16.2955798, 48.2494582 ], [ 16.2955772, 48.2494974 ], [ 16.2944896, 48.2497242 ], [ 16.293986, 48.2497846 ], [ 16.2932238, 48.2500146 ], [ 16.2928633, 48.2500831 ], [ 16.2928109, 48.2500925 ], [ 16.2926047, 48.2501228 ], [ 16.2925228, 48.2501354 ], [ 16.2924607, 48.250145 ], [ 16.2917746, 48.2502651 ], [ 16.291765, 48.2502973 ], [ 16.2912459, 48.2504026 ], [ 16.2905764, 48.2504682 ], [ 16.2897061, 48.2505157 ], [ 16.2893213, 48.2506395 ], [ 16.2892305, 48.2506687 ], [ 16.2891111, 48.250712 ], [ 16.2890308, 48.2507411 ], [ 16.288395, 48.2509814 ], [ 16.2883755, 48.2509888 ], [ 16.2875669, 48.2510486 ], [ 16.287464, 48.2514492 ], [ 16.2874011, 48.2522779 ], [ 16.2872726, 48.2527379 ], [ 16.2871476, 48.2529799 ], [ 16.2869835, 48.2531804 ], [ 16.2866947, 48.2530966 ], [ 16.286289, 48.2537297 ], [ 16.2860698, 48.2537208 ], [ 16.2860662, 48.2537703 ], [ 16.2860603, 48.2538026 ], [ 16.2859169, 48.2543517 ], [ 16.2857736, 48.2549434 ], [ 16.2860313, 48.2555942 ], [ 16.2854523, 48.2560102 ], [ 16.2851916, 48.2563297 ], [ 16.2851561, 48.2568039 ], [ 16.2850732, 48.2571204 ], [ 16.2854034, 48.2580768 ], [ 16.2855585, 48.258323 ] ] ] } },
{ "type": "Feature", "properties": { "osm_id": 1991433, "ref": 20, "name": "Brigittenau", "name:de": null, "population": 85380.0, "area_km2": 5.712 }, "geometry": { "type": "Polygon", "coordinates": [ [ [ 16.3682297, 48.2613353 ], [ 16.3682714, 48.2610638 ], [ 16.3683642, 48.2610204 ], [ 16.3688083, 48.259402 ], [ 16.3689714, 48.2593134 ], [ 16.3691169, 48.2587255 ], [ 16.3689889, 48.2585769 ], [ 16.3690848, 48.2578993 ], [ 16.3689189, 48.2577794 ], [ 16.369041, 48.2571184 ], [ 16.3713538, 48.2530754 ], [ 16.371776, 48.2520052 ], [ 16.3717988, 48.2518826 ], [ 16.3718434, 48.2515824 ], [ 16.3718008, 48.2508311 ], [ 16.3716411, 48.2502169 ], [ 16.3713041, 48.2495034 ], [ 16.3708854, 48.2488112 ], [ 16.3703142, 48.2480575 ], [ 16.3695794, 48.2471183 ], [ 16.3690925, 48.2465613 ], [ 16.3685672, 48.246015 ], [ 16.3673617, 48.2448089 ], [ 16.366536, 48.2439766 ], [ 16.3662475, 48.2436678 ], [ 16.3660695, 48.2434331 ], [ 16.3659642, 48.2432866 ], [ 16.3657418, 48.2429786 ], [ 16.3648097, 48.2417342 ], [ 16.3633295, 48.239669 ], [ 16.3628482, 48.2388588 ], [ 16.3626014, 48.2383987 ], [ 16.3622401, 48.2377147 ], [ 16.3617679, 48.2367027 ], [ 16.3616214, 48.236309 ], [ 16.3614574, 48.235803 ], [ 16.3613202, 48.2352726 ], [ 16.3612733, 48.2350613 ], [ 16.3611323, 48.234203 ], [ 16.3611187, 48.2336236 ], [ 16.3611488, 48.233261 ], [ 16.3612793, 48.2328248 ], [ 16.3614847, 48.2322622 ], [ 16.362297, 48.2306827 ], [ 16.3630665, 48.2292533 ], [ 16.363503, 48.2286726 ], [ 16.3642205, 48.2279506 ], [ 16.3654448, 48.2270364 ], [ 16.3654962, 48.2270339 ], [ 16.3664359, 48.2263566 ], [ 16.3666708, 48.2261671 ], [ 16.3668281, 48.226012 ], [ 16.3669682, 48.2258354 ], [ 16.3671536, 48.2255885 ], [ 16.3673217, 48.2253386 ], [ 16.3674575, 48.2251075 ], [ 16.368439, 48.2253741 ], [ 16.3693506, 48.225683 ], [ 16.3697574, 48.2256151 ], [ 16.3703725, 48.2258255 ], [ 16.3704212, 48.2261717 ], [ 16.3707049, 48.2264456 ], [ 16.3709455, 48.2266748 ], [ 16.3721614, 48.2278334 ], [ 16.3735354, 48.2282613 ], [ 16.3762505, 48.2291536 ], [ 16.3766339, 48.2292792 ], [ 16.3766953, 48.2292994 ], [ 16.3775195, 48.2295707 ], [ 16.3776716, 48.2294971 ], [ 16.3789703, 48.2288677 ], [ 16.379366, 48.2286756 ], [ 16.3798446, 48.2284433 ], [ 16.3801373, 48.2283022 ], [ 16.3804719, 48.228313 ], [ 16.3813061, 48.2279137 ], [ 16.383051, 48.2256828 ], [ 16.383074, 48.2256566 ], [ 16.383103, 48.2256355 ], [ 16.383138, 48.2256194 ], [ 16.3831846, 48.2256042 ], [ 16.3832231, 48.2255989 ], [ 16.3832676, 48.2255961 ], [ 16.3833051, 48.2256004 ], [ 16.3833445, 48.2256078 ], [ 16.3847, 48.2260849 ], [ 16.3879656, 48.2278318 ], [ 16.3879758, 48.2279555 ], [ 16.3880499, 48.2280722 ], [ 16.3881807, 48.2281664 ], [ 16.3879148, 48.2293718 ], [ 16.3867834, 48.2303683 ], [ 16.387021, 48.2305039 ], [ 16.3874126, 48.2307099 ], [ 16.3874115, 48.2307192 ], [ 16.3892605, 48.2316746 ], [ 16.3900552, 48.2320872 ], [ 16.3923408, 48.2332751 ], [ 16.3928763, 48.2335545 ], [ 16.3952832, 48.2348168 ], [ 16.3952727, 48.2348255 ], [ 16.398134, 48.2363479 ], [ 16.3942444, 48.2397528 ], [ 16.390506, 48.2432219 ], [ 16.3854004, 48.248205 ], [ 16.3848614, 48.2487412 ], [ 16.3838591, 48.2497632 ], [ 16.382872, 48.2507939 ], [ 16.3807789, 48.2530063 ], [ 16.3787118, 48.2552352 ], [ 16.3763322, 48.258047 ], [ 16.3724028, 48.2627227 ], [ 16.3682297, 48.2613353 ] ] ] } },
{ "type": "Feature", "properties": { "osm_id": 1991437, "ref": 21, "name": "Floridsdorf", "name:de": null, "population": 151740.0, "area_km2": 44.439 }, "geometry": { "type": "Polygon", "coordinates": [ [ [ 16.3559554, 48.2833477 ], [ 16.3604515, 48.2826984 ], [ 16.3631817, 48.2823041 ], [ 16.3642014, 48.2819879 ], [ 16.3644287, 48.2819238 ], [ 16.365809, 48.2814784 ], [ 16.3658633, 48.2813324 ], [ 16.3664374, 48.281238 ], [ 16.3667062, 48.281126 ], [ 16.3668893, 48.2810354 ], [ 16.367052, 48.2810812 ], [ 16.3675673, 48.2810928 ], [ 16.3675893, 48.2810933 ], [ 16.367669, 48.2811297 ], [ 16.3680366, 48.2810926 ], [ 16.3680885, 48.2812078 ], [ 16.3683758, 48.2812207 ], [ 16.3684729, 48.2812026 ], [ 16.3705921, 48.2816963 ], [ 16.3692298, 48.2820585 ], [ 16.3689594, 48.2822323 ], [ 16.3688311, 48.2823106 ], [ 16.368547, 48.2824902 ], [ 16.3678289, 48.2832237 ], [ 16.3672168, 48.2842013 ], [ 16.3669188, 48.2849847 ], [ 16.3667868, 48.2854357 ], [ 16.3667608, 48.2858813 ], [ 16.3668772, 48.2862999 ], [ 16.3671374, 48.2868475 ], [ 16.3673004, 48.2870103 ], [ 16.3676615, 48.2871808 ], [ 16.3686088, 48.2874598 ], [ 16.3692921, 48.2876354 ], [ 16.3698861, 48.2877388 ], [ 16.3706664, 48.2878163 ], [ 16.3713381, 48.2877258 ], [ 16.3717729, 48.287731 ], [ 16.3731434, 48.287917 ], [ 16.3738733, 48.2880668 ], [ 16.3748011, 48.2881857 ], [ 16.3757446, 48.2882012 ], [ 16.3765055, 48.2881547 ], [ 16.3774567, 48.2882244 ], [ 16.3778682, 48.2883226 ], [ 16.3783419, 48.288754 ], [ 16.3786835, 48.2893249 ], [ 16.3789475, 48.2898415 ], [ 16.3789883, 48.2901166 ], [ 16.3790096, 48.2901799 ], [ 16.3790756, 48.2910181 ], [ 16.3790562, 48.2912945 ], [ 16.3788917, 48.291927 ], [ 16.3788898, 48.2920433 ], [ 16.3787094, 48.29238 ], [ 16.3784504, 48.2928539 ], [ 16.3782498, 48.2931287 ], [ 16.3769646, 48.2947585 ], [ 16.3767411, 48.2950006 ], [ 16.3760664, 48.295566 ], [ 16.3758744, 48.2957048 ], [ 16.3757841, 48.2957693 ], [ 16.3755628, 48.2959263 ], [ 16.3756383, 48.2960048 ], [ 16.3763282, 48.2967544 ], [ 16.3763855, 48.2968418 ], [ 16.3763979, 48.2968607 ], [ 16.3764307, 48.2969106 ], [ 16.3764834, 48.2969904 ], [ 16.3764946, 48.2970051 ], [ 16.3777168, 48.2985345 ], [ 16.3786796, 48.2999627 ], [ 16.3798188, 48.3020076 ], [ 16.3802376, 48.3019518 ], [ 16.3807329, 48.3019197 ], [ 16.3808651, 48.3019282 ], [ 16.3813274, 48.3018609 ], [ 16.3822126, 48.3016956 ], [ 16.3826086, 48.3015923 ], [ 16.3830628, 48.3015045 ], [ 16.3833346, 48.3014735 ], [ 16.3843839, 48.3013048 ], [ 16.3845447, 48.3012884 ], [ 16.3845761, 48.3012945 ], [ 16.3847653, 48.3012827 ], [ 16.384775, 48.3012754 ], [ 16.3850639, 48.3012827 ], [ 16.3851897, 48.3013551 ], [ 16.3853646, 48.3014446 ], [ 16.3856244, 48.3015574 ], [ 16.3858591, 48.301642 ], [ 16.3862308, 48.3017421 ], [ 16.3859125, 48.3019436 ], [ 16.3850933, 48.302318 ], [ 16.3843906, 48.3025737 ], [ 16.3838975, 48.3027157 ], [ 16.3839558, 48.303005 ], [ 16.3840373, 48.3031341 ], [ 16.3840916, 48.3031599 ], [ 16.3841654, 48.3033356 ], [ 16.3841576, 48.3033769 ], [ 16.3843091, 48.3035163 ], [ 16.3843013, 48.3035499 ], [ 16.3848371, 48.3039166 ], [ 16.3842586, 48.3043221 ], [ 16.3833851, 48.3050761 ], [ 16.3830667, 48.3053034 ], [ 16.3831405, 48.3054945 ], [ 16.3832996, 48.3056933 ], [ 16.3836452, 48.3063053 ], [ 16.3836995, 48.3068967 ], [ 16.3838509, 48.3072066 ], [ 16.3837786, 48.3074678 ], [ 16.3837039, 48.3077376 ], [ 16.3834567, 48.3086308 ], [ 16.3824547, 48.3104442 ], [ 16.3826498, 48.3115036 ], [ 16.3813972, 48.3116299 ], [ 16.3811894, 48.3121216 ], [ 16.3805827, 48.3128665 ], [ 16.3806074, 48.3134379 ], [ 16.380547, 48.3146374 ], [ 16.3804289, 48.3150683 ], [ 16.3808654, 48.3156635 ], [ 16.3813431, 48.3164047 ], [ 16.3817, 48.3171148 ], [ 16.3822724, 48.3174991 ], [ 16.3836471, 48.3184066 ], [ 16.3848337, 48.3192543 ], [ 16.3851982, 48.319455 ], [ 16.3857464, 48.3196015 ], [ 16.3862448, 48.3196509 ], [ 16.3867756, 48.3195905 ], [ 16.3873039, 48.3195221 ], [ 16.3893846, 48.3190492 ], [ 16.3894043, 48.3191426 ], [ 16.3897459, 48.3197802 ], [ 16.390099, 48.3203182 ], [ 16.3888141, 48.3203611 ], [ 16.3888087, 48.3210301 ], [ 16.391326, 48.3209213 ], [ 16.3910038, 48.322363 ], [ 16.3918435, 48.3222921 ], [ 16.3928089, 48.3223098 ], [ 16.3934186, 48.3223356 ], [ 16.3943786, 48.3225451 ], [ 16.3951835, 48.3225655 ], [ 16.3953053, 48.3215473 ], [ 16.3952971, 48.3202719 ], [ 16.3951918, 48.3200327 ], [ 16.3951579, 48.3199558 ], [ 16.3945722, 48.3199774 ], [ 16.3945002, 48.3199801 ], [ 16.3941214, 48.3192572 ], [ 16.3948307, 48.3190248 ], [ 16.3956944, 48.3187387 ], [ 16.396126, 48.3185745 ], [ 16.3970231, 48.318233 ], [ 16.39738, 48.3181272 ], [ 16.3982665, 48.3179254 ], [ 16.3990351, 48.3177218 ], [ 16.4026549, 48.3168004 ], [ 16.4028744, 48.3167623 ], [ 16.403245, 48.3174816 ], [ 16.4035105, 48.3180443 ], [ 16.4042221, 48.3193236 ], [ 16.4060177, 48.3198092 ], [ 16.4101932, 48.3209885 ], [ 16.4129019, 48.3216812 ], [ 16.4150528, 48.3221503 ], [ 16.4168193, 48.3225291 ], [ 16.4178076, 48.322624 ], [ 16.4186284, 48.3226679 ], [ 16.4199022, 48.322656 ], [ 16.4207478, 48.3225802 ], [ 16.4217923, 48.3224579 ], [ 16.4226694, 48.3222352 ], [ 16.4239391, 48.3220144 ], [ 16.4248135, 48.3218199 ], [ 16.4266595, 48.3209508 ], [ 16.4280047, 48.3203769 ], [ 16.4291632, 48.3198811 ], [ 16.4311211, 48.3190962 ], [ 16.4343357, 48.3179086 ], [ 16.4377522, 48.3168088 ], [ 16.4380317, 48.3162821 ], [ 16.4382569, 48.3152545 ], [ 16.4382957, 48.3145161 ], [ 16.4380472, 48.3135194 ], [ 16.4378531, 48.3119341 ], [ 16.4380861, 48.3093829 ], [ 16.4386063, 48.3086909 ], [ 16.4393404, 48.3069421 ], [ 16.4395381, 48.3065218 ], [ 16.440268, 48.3035468 ], [ 16.4403145, 48.3024622 ], [ 16.4403107, 48.3014576 ], [ 16.4402563, 48.3010934 ], [ 16.4402253, 48.2999183 ], [ 16.4402835, 48.2986605 ], [ 16.4402485, 48.297519 ], [ 16.4403262, 48.2965427 ], [ 16.440365, 48.2962482 ], [ 16.4403611, 48.2942387 ], [ 16.4403412, 48.2930771 ], [ 16.440334, 48.2929989 ], [ 16.4404077, 48.2919218 ], [ 16.442842, 48.2908095 ], [ 16.4442707, 48.2901121 ], [ 16.4450549, 48.2896987 ], [ 16.446934, 48.2887998 ], [ 16.448122, 48.2882676 ], [ 16.4486189, 48.2879938 ], [ 16.4521985, 48.2863663 ], [ 16.4542406, 48.28524 ], [ 16.4563681, 48.2843564 ], [ 16.4571214, 48.2839552 ], [ 16.4585039, 48.2833445 ], [ 16.4597116, 48.2828344 ], [ 16.4606298, 48.2824622 ], [ 16.4606195, 48.2824409 ], [ 16.4608876, 48.2821124 ], [ 16.4612012, 48.2819997 ], [ 16.4612234, 48.2820205 ], [ 16.4618743, 48.281744 ], [ 16.4628508, 48.2811545 ], [ 16.4633784, 48.280925 ], [ 16.4637156, 48.2807922 ], [ 16.4672776, 48.2788379 ], [ 16.4709153, 48.2772489 ], [ 16.472278, 48.2763884 ], [ 16.4727263, 48.2762448 ], [ 16.4743851, 48.2757951 ], [ 16.4743007, 48.2754737 ], [ 16.4747412, 48.2753078 ], [ 16.4743367, 48.2753069 ], [ 16.4742295, 48.2752997 ], [ 16.4740846, 48.2752462 ], [ 16.4740632, 48.2751926 ], [ 16.4737681, 48.2751284 ], [ 16.473516, 48.2750355 ], [ 16.4732317, 48.2750855 ], [ 16.4731673, 48.2750177 ], [ 16.4722097, 48.2744396 ], [ 16.4718181, 48.2741683 ], [ 16.4708555, 48.2733896 ], [ 16.4700455, 48.2729469 ], [ 16.4684976, 48.272226 ], [ 16.4672906, 48.271644 ], [ 16.4656627, 48.2706796 ], [ 16.4568591, 48.2653908 ], [ 16.4565476, 48.2652009 ], [ 16.4545233, 48.2639667 ], [ 16.4528901, 48.2629807 ], [ 16.4522131, 48.2620231 ], [ 16.451955, 48.2617119 ], [ 16.4514655, 48.261074 ], [ 16.4511574, 48.2605916 ], [ 16.4503956, 48.2595309 ], [ 16.4501703, 48.259188 ], [ 16.4499989, 48.259348 ], [ 16.4498321, 48.2594926 ], [ 16.4494396, 48.2598309 ], [ 16.4486383, 48.2605557 ], [ 16.4481365, 48.2609966 ], [ 16.4478834, 48.2612189 ], [ 16.447814, 48.2612799 ], [ 16.4474646, 48.2616198 ], [ 16.4472019, 48.2619021 ], [ 16.4470683, 48.2620456 ], [ 16.4468766, 48.2619665 ], [ 16.4467344, 48.2617061 ], [ 16.4447632, 48.2617247 ], [ 16.44448, 48.2617283 ], [ 16.4435098, 48.2617742 ], [ 16.4428454, 48.2618256 ], [ 16.4423114, 48.261866 ], [ 16.4421627, 48.2618797 ], [ 16.4419386, 48.2619003 ], [ 16.4412492, 48.2619637 ], [ 16.4408081, 48.2620042 ], [ 16.4406779, 48.262015 ], [ 16.4406156, 48.262015 ], [ 16.4405463, 48.2620126 ], [ 16.4403158, 48.2619958 ], [ 16.4401898, 48.2619866 ], [ 16.4400888, 48.2619755 ], [ 16.4373539, 48.2616741 ], [ 16.4373128, 48.2616696 ], [ 16.4369532, 48.26163 ], [ 16.4370021, 48.2615606 ], [ 16.4371331, 48.2613747 ], [ 16.4382011, 48.2598551 ], [ 16.4384517, 48.2595037 ], [ 16.4378238, 48.2593134 ], [ 16.4373035, 48.2592026 ], [ 16.4367163, 48.2591309 ], [ 16.4361906, 48.2590987 ], [ 16.4357668, 48.2590987 ], [ 16.4355493, 48.2591098 ], [ 16.4354933, 48.2590951 ], [ 16.4341645, 48.2572676 ], [ 16.4327199, 48.2552807 ], [ 16.4321536, 48.254431 ], [ 16.4317596, 48.2537091 ], [ 16.4315314, 48.2535166 ], [ 16.4310164, 48.2525451 ], [ 16.4309044, 48.2523072 ], [ 16.4308254, 48.2521395 ], [ 16.4307991, 48.2520837 ], [ 16.4307291, 48.251935 ], [ 16.430681, 48.2518329 ], [ 16.430655, 48.2517777 ], [ 16.4306071, 48.2516759 ], [ 16.4305367, 48.2515265 ], [ 16.4304912, 48.25143 ], [ 16.4304564, 48.2513561 ], [ 16.4304076, 48.2512524 ], [ 16.4301398, 48.2513012 ], [ 16.4300873, 48.2513063 ], [ 16.4297621, 48.2513819 ], [ 16.4291692, 48.2515581 ], [ 16.4281553, 48.2518931 ], [ 16.4280551, 48.2509609 ], [ 16.4280074, 48.2503751 ], [ 16.4279809, 48.2499921 ], [ 16.4279131, 48.248706 ], [ 16.4278853, 48.2480835 ], [ 16.4278849, 48.2466849 ], [ 16.4278686, 48.2466298 ], [ 16.4278452, 48.2465757 ], [ 16.4278029, 48.2465211 ], [ 16.4277549, 48.2464765 ], [ 16.4276542, 48.2464182 ], [ 16.427542, 48.2463741 ], [ 16.4274025, 48.2463371 ], [ 16.4265842, 48.2462345 ], [ 16.4264314, 48.246209 ], [ 16.4259123, 48.246123 ], [ 16.4251743, 48.2460098 ], [ 16.4250423, 48.2459907 ], [ 16.424781, 48.2459505 ], [ 16.4244342, 48.2459077 ], [ 16.4243596, 48.2459084 ], [ 16.4242895, 48.2459307 ], [ 16.4242595, 48.2459398 ], [ 16.424224, 48.2459506 ], [ 16.4239864, 48.2460229 ], [ 16.4239495, 48.2460267 ], [ 16.4237852, 48.2460435 ], [ 16.4235908, 48.2460674 ], [ 16.4231815, 48.2460812 ], [ 16.4229552, 48.2460724 ], [ 16.4227459, 48.2460611 ], [ 16.4225384, 48.246041 ], [ 16.4213498, 48.2459123 ], [ 16.4211277, 48.2458808 ], [ 16.4209573, 48.2458566 ], [ 16.4206291, 48.2458306 ], [ 16.4203974, 48.2458335 ], [ 16.4201977, 48.245836 ], [ 16.4200924, 48.245841 ], [ 16.4190783, 48.2458889 ], [ 16.4187761, 48.24591 ], [ 16.4184635, 48.2459392 ], [ 16.4183352, 48.2459242 ], [ 16.4180151, 48.2460084 ], [ 16.4178431, 48.2458229 ], [ 16.4147614, 48.2454776 ], [ 16.4132052, 48.2453091 ], [ 16.4121779, 48.2441716 ], [ 16.4121027, 48.2440896 ], [ 16.4120371, 48.2440222 ], [ 16.4119418, 48.2439243 ], [ 16.4119185, 48.2439003 ], [ 16.4117889, 48.2437672 ], [ 16.4116329, 48.243607 ], [ 16.4113334, 48.2433506 ], [ 16.4112675, 48.243298 ], [ 16.411165, 48.2432346 ], [ 16.4109425, 48.2430971 ], [ 16.4103116, 48.2427071 ], [ 16.4098925, 48.2424809 ], [ 16.4096497, 48.2423498 ], [ 16.4092132, 48.2421603 ], [ 16.4089882, 48.2420626 ], [ 16.4088324, 48.2420068 ], [ 16.408713, 48.241967 ], [ 16.4081942, 48.2417867 ], [ 16.4076624, 48.2416445 ], [ 16.4069397, 48.2415055 ], [ 16.4066657, 48.2414562 ], [ 16.4063188, 48.2414048 ], [ 16.4062145, 48.2413893 ], [ 16.4061149, 48.2413769 ], [ 16.4058368, 48.2413421 ], [ 16.4055114, 48.2413032 ], [ 16.405256, 48.2412852 ], [ 16.4048768, 48.2412562 ], [ 16.4042516, 48.2412632 ], [ 16.4041472, 48.241268 ], [ 16.40378, 48.2412851 ], [ 16.4036589, 48.2412919 ], [ 16.4033428, 48.2413135 ], [ 16.4031691, 48.2413007 ], [ 16.4030297, 48.2412628 ], [ 16.4029968, 48.2412521 ], [ 16.4029233, 48.2412181 ], [ 16.4027562, 48.2411445 ], [ 16.402616, 48.2410312 ], [ 16.4025171, 48.2409166 ], [ 16.4024519, 48.2408086 ], [ 16.4024123, 48.2406796 ], [ 16.4024034, 48.2405318 ], [ 16.4024341, 48.240382 ], [ 16.4025072, 48.2402398 ], [ 16.40255, 48.2401392 ], [ 16.4029659, 48.2395735 ], [ 16.4033806, 48.2391577 ], [ 16.3981818, 48.2363732 ], [ 16.398134, 48.2363479 ], [ 16.3942444, 48.2397528 ], [ 16.390506, 48.2432219 ], [ 16.3854004, 48.248205 ], [ 16.3848614, 48.2487412 ], [ 16.3838591, 48.2497632 ], [ 16.382872, 48.2507939 ], [ 16.3807789, 48.2530063 ], [ 16.3787118, 48.2552352 ], [ 16.3763322, 48.258047 ], [ 16.3724028, 48.2627227 ], [ 16.3559554, 48.2833477 ] ] ] } },
{ "type": "Feature", "properties": { "osm_id": 1991434, "ref": 22, "name": "Donaustadt", "name:de": null, "population": 144289.0, "area_km2": 102.301 }, "geometry": { "type": "Polygon", "coordinates": [ [ [ 16.5760306, 48.1352198 ], [ 16.5717092, 48.1363791 ], [ 16.5678495, 48.1374412 ], [ 16.5662995, 48.1378847 ], [ 16.5637843, 48.1385371 ], [ 16.5593919, 48.1396216 ], [ 16.5537786, 48.1408262 ], [ 16.551886, 48.1411992 ], [ 16.5507263, 48.1414258 ], [ 16.5483286, 48.1419225 ], [ 16.5456932, 48.1425233 ], [ 16.5439417, 48.1429959 ], [ 16.5430083, 48.1433293 ], [ 16.5411361, 48.1441537 ], [ 16.5402356, 48.1446226 ], [ 16.5378527, 48.1462125 ], [ 16.5370034, 48.1468034 ], [ 16.5316952, 48.1504365 ], [ 16.5307426, 48.1510847 ], [ 16.528242, 48.15288 ], [ 16.5265423, 48.1539418 ], [ 16.5256693, 48.1544619 ], [ 16.5240716, 48.1552311 ], [ 16.5214307, 48.1564252 ], [ 16.516991, 48.1582696 ], [ 16.5165442, 48.1584543 ], [ 16.5137911, 48.1589276 ], [ 16.497085, 48.1662737 ], [ 16.4984617, 48.1671813 ], [ 16.4924117, 48.1707639 ], [ 16.4885141, 48.1731901 ], [ 16.4850516, 48.1753516 ], [ 16.4791211, 48.1791524 ], [ 16.4738454, 48.1825645 ], [ 16.4507882, 48.1978986 ], [ 16.4367364, 48.2075131 ], [ 16.4297298, 48.2124399 ], [ 16.4258648, 48.2151612 ], [ 16.4228069, 48.2174031 ], [ 16.4212773, 48.2185006 ], [ 16.4178652, 48.2209513 ], [ 16.4162691, 48.2221101 ], [ 16.4155324, 48.2226691 ], [ 16.4086705, 48.2278603 ], [ 16.4060609, 48.2298632 ], [ 16.4037597, 48.23167 ], [ 16.4016921, 48.2333369 ], [ 16.3999414, 48.2348052 ], [ 16.398134, 48.2363479 ], [ 16.3981818, 48.2363732 ], [ 16.4033806, 48.2391577 ], [ 16.4029659, 48.2395735 ], [ 16.40255, 48.2401392 ], [ 16.4025072, 48.2402398 ], [ 16.4024341, 48.240382 ], [ 16.4024034, 48.2405318 ], [ 16.4024123, 48.2406796 ], [ 16.4024519, 48.2408086 ], [ 16.4025171, 48.2409166 ], [ 16.402616, 48.2410312 ], [ 16.4027562, 48.2411445 ], [ 16.4029233, 48.2412181 ], [ 16.4029968, 48.2412521 ], [ 16.4030297, 48.2412628 ], [ 16.4031691, 48.2413007 ], [ 16.4033428, 48.2413135 ], [ 16.4036589, 48.2412919 ], [ 16.40378, 48.2412851 ], [ 16.4041472, 48.241268 ], [ 16.4042516, 48.2412632 ], [ 16.4048768, 48.2412562 ], [ 16.405256, 48.2412852 ], [ 16.4055114, 48.2413032 ], [ 16.4058368, 48.2413421 ], [ 16.4061149, 48.2413769 ], [ 16.4062145, 48.2413893 ], [ 16.4063188, 48.2414048 ], [ 16.4066657, 48.2414562 ], [ 16.4069397, 48.2415055 ], [ 16.4076624, 48.2416445 ], [ 16.4081942, 48.2417867 ], [ 16.408713, 48.241967 ], [ 16.4088324, 48.2420068 ], [ 16.4089882, 48.2420626 ], [ 16.4092132, 48.2421603 ], [ 16.4096497, 48.2423498 ], [ 16.4098925, 48.2424809 ], [ 16.4103116, 48.2427071 ], [ 16.4109425, 48.2430971 ], [ 16.411165, 48.2432346 ], [ 16.4112675, 48.243298 ], [ 16.4113334, 48.2433506 ], [ 16.4116329, 48.243607 ], [ 16.4117889, 48.2437672 ], [ 16.4119185, 48.2439003 ], [ 16.4119418, 48.2439243 ], [ 16.4120371, 48.2440222 ], [ 16.4121027, 48.2440896 ], [ 16.4121779, 48.2441716 ], [ 16.4132052, 48.2453091 ], [ 16.4147614, 48.2454776 ], [ 16.4178431, 48.2458229 ], [ 16.4180151, 48.2460084 ], [ 16.4183352, 48.2459242 ], [ 16.4184635, 48.2459392 ], [ 16.4187761, 48.24591 ], [ 16.4190783, 48.2458889 ], [ 16.4200924, 48.245841 ], [ 16.4201977, 48.245836 ], [ 16.4203974, 48.2458335 ], [ 16.4206291, 48.2458306 ], [ 16.4209573, 48.2458566 ], [ 16.4211277, 48.2458808 ], [ 16.4213498, 48.2459123 ], [ 16.4225384, 48.246041 ], [ 16.4227459, 48.2460611 ], [ 16.4229552, 48.2460724 ], [ 16.4231815, 48.2460812 ], [ 16.4235908, 48.2460674 ], [ 16.4237852, 48.2460435 ], [ 16.4239495, 48.2460267 ], [ 16.4239864, 48.2460229 ], [ 16.424224, 48.2459506 ], [ 16.4242595, 48.2459398 ], [ 16.4242895, 48.2459307 ], [ 16.4243596, 48.2459084 ], [ 16.4244342, 48.2459077 ], [ 16.424781, 48.2459505 ], [ 16.4250423, 48.2459907 ], [ 16.4251743, 48.2460098 ], [ 16.4259123, 48.246123 ], [ 16.4264314, 48.246209 ], [ 16.4265842, 48.2462345 ], [ 16.4274025, 48.2463371 ], [ 16.427542, 48.2463741 ], [ 16.4276542, 48.2464182 ], [ 16.4277549, 48.2464765 ], [ 16.4278029, 48.2465211 ], [ 16.4278452, 48.2465757 ], [ 16.4278686, 48.2466298 ], [ 16.4278849, 48.2466849 ], [ 16.4278853, 48.2480835 ], [ 16.4279131, 48.248706 ], [ 16.4279809, 48.2499921 ], [ 16.4280074, 48.2503751 ], [ 16.4280551, 48.2509609 ], [ 16.4281553, 48.2518931 ], [ 16.4291692, 48.2515581 ], [ 16.4297621, 48.2513819 ], [ 16.4300873, 48.2513063 ], [ 16.4301398, 48.2513012 ], [ 16.4304076, 48.2512524 ], [ 16.4304564, 48.2513561 ], [ 16.4304912, 48.25143 ], [ 16.4305367, 48.2515265 ], [ 16.4306071, 48.2516759 ], [ 16.430655, 48.2517777 ], [ 16.430681, 48.2518329 ], [ 16.4307291, 48.251935 ], [ 16.4307991, 48.2520837 ], [ 16.4308254, 48.2521395 ], [ 16.4309044, 48.2523072 ], [ 16.4310164, 48.2525451 ], [ 16.4315314, 48.2535166 ], [ 16.4317596, 48.2537091 ], [ 16.4321536, 48.254431 ], [ 16.4327199, 48.2552807 ], [ 16.4341645, 48.2572676 ], [ 16.4354933, 48.2590951 ], [ 16.4355493, 48.2591098 ], [ 16.4357668, 48.2590987 ], [ 16.4361906, 48.2590987 ], [ 16.4367163, 48.2591309 ], [ 16.4373035, 48.2592026 ], [ 16.4378238, 48.2593134 ], [ 16.4384517, 48.2595037 ], [ 16.4382011, 48.2598551 ], [ 16.4371331, 48.2613747 ], [ 16.4370021, 48.2615606 ], [ 16.4369532, 48.26163 ], [ 16.4373128, 48.2616696 ], [ 16.4373539, 48.2616741 ], [ 16.4400888, 48.2619755 ], [ 16.4401898, 48.2619866 ], [ 16.4403158, 48.2619958 ], [ 16.4405463, 48.2620126 ], [ 16.4406156, 48.262015 ], [ 16.4406779, 48.262015 ], [ 16.4408081, 48.2620042 ], [ 16.4412492, 48.2619637 ], [ 16.4419386, 48.2619003 ], [ 16.4421627, 48.2618797 ], [ 16.4423114, 48.261866 ], [ 16.4428454, 48.2618256 ], [ 16.4435098, 48.2617742 ], [ 16.44448, 48.2617283 ], [ 16.4447632, 48.2617247 ], [ 16.4467344, 48.2617061 ], [ 16.4468766, 48.2619665 ], [ 16.4470683, 48.2620456 ], [ 16.4472019, 48.2619021 ], [ 16.4474646, 48.2616198 ], [ 16.447814, 48.2612799 ], [ 16.4478834, 48.2612189 ], [ 16.4481365, 48.2609966 ], [ 16.4486383, 48.2605557 ], [ 16.4494396, 48.2598309 ], [ 16.4498321, 48.2594926 ], [ 16.4499989, 48.259348 ], [ 16.4501703, 48.259188 ], [ 16.4503956, 48.2595309 ], [ 16.4511574, 48.2605916 ], [ 16.4514655, 48.261074 ], [ 16.451955, 48.2617119 ], [ 16.4522131, 48.2620231 ], [ 16.4528901, 48.2629807 ], [ 16.4545233, 48.2639667 ], [ 16.4565476, 48.2652009 ], [ 16.4568591, 48.2653908 ], [ 16.4656627, 48.2706796 ], [ 16.4672906, 48.271644 ], [ 16.4684976, 48.272226 ], [ 16.4700455, 48.2729469 ], [ 16.4708555, 48.2733896 ], [ 16.4718181, 48.2741683 ], [ 16.4722097, 48.2744396 ], [ 16.4731673, 48.2750177 ], [ 16.4732317, 48.2750855 ], [ 16.473516, 48.2750355 ], [ 16.4737681, 48.2751284 ], [ 16.4740632, 48.2751926 ], [ 16.4740846, 48.2752462 ], [ 16.4742295, 48.2752997 ], [ 16.4743367, 48.2753069 ], [ 16.4747412, 48.2753078 ], [ 16.4754657, 48.2750123 ], [ 16.4754965, 48.2750293 ], [ 16.4768592, 48.2744402 ], [ 16.4781171, 48.2739854 ], [ 16.4787072, 48.2738536 ], [ 16.4800389, 48.2736598 ], [ 16.4812269, 48.273435 ], [ 16.4810793, 48.2741017 ], [ 16.4811453, 48.2744996 ], [ 16.4813162, 48.2752257 ], [ 16.4816229, 48.2759931 ], [ 16.4825003, 48.2772514 ], [ 16.4831914, 48.2785743 ], [ 16.4834049, 48.2791195 ], [ 16.4834748, 48.279396 ], [ 16.4835019, 48.279706 ], [ 16.483467, 48.2799256 ], [ 16.4831137, 48.2807627 ], [ 16.4830166, 48.2810831 ], [ 16.4828808, 48.2814267 ], [ 16.4826556, 48.2817393 ], [ 16.4826789, 48.2818349 ], [ 16.4827604, 48.2819512 ], [ 16.4828303, 48.2823439 ], [ 16.4829274, 48.2826978 ], [ 16.4828918, 48.283041 ], [ 16.4828863, 48.2835114 ], [ 16.4825898, 48.2835854 ], [ 16.4826763, 48.283864 ], [ 16.4827312, 48.2841106 ], [ 16.4828026, 48.2843125 ], [ 16.4826598, 48.2843435 ], [ 16.4822412, 48.2844577 ], [ 16.4820764, 48.2849993 ], [ 16.4819145, 48.2858325 ], [ 16.4817554, 48.2861864 ], [ 16.4816816, 48.2864241 ], [ 16.4814642, 48.2869898 ], [ 16.4814409, 48.2875582 ], [ 16.4810332, 48.2895576 ], [ 16.4809207, 48.2905883 ], [ 16.4809517, 48.2912341 ], [ 16.4810643, 48.2919883 ], [ 16.4813749, 48.2931739 ], [ 16.4812062, 48.2935322 ], [ 16.4832434, 48.2932345 ], [ 16.4837908, 48.2931751 ], [ 16.484544, 48.2931699 ], [ 16.4908373, 48.2927773 ], [ 16.4933725, 48.2927385 ], [ 16.4952069, 48.2926531 ], [ 16.4964491, 48.2924897 ], [ 16.4961499, 48.2918924 ], [ 16.4983114, 48.2913618 ], [ 16.5007758, 48.2907098 ], [ 16.5022558, 48.2903522 ], [ 16.5024279, 48.2903153 ], [ 16.5031344, 48.2901086 ], [ 16.50424, 48.2898464 ], [ 16.5050937, 48.289513 ], [ 16.5077841, 48.2884509 ], [ 16.508167, 48.2883559 ], [ 16.5132094, 48.2871793 ], [ 16.5128761, 48.2863505 ], [ 16.5149068, 48.2855411 ], [ 16.5142617, 48.2840695 ], [ 16.5128194, 48.2812844 ], [ 16.5117828, 48.2808181 ], [ 16.5115557, 48.2807044 ], [ 16.5105842, 48.2795332 ], [ 16.5103202, 48.279165 ], [ 16.508841, 48.2773215 ], [ 16.5083557, 48.2765631 ], [ 16.5078083, 48.2756019 ], [ 16.5073288, 48.2746665 ], [ 16.5066712, 48.273607 ], [ 16.506698, 48.2736016 ], [ 16.5078354, 48.2734495 ], [ 16.5090293, 48.2731962 ], [ 16.5092972, 48.2731058 ], [ 16.5108385, 48.2723513 ], [ 16.5123565, 48.2716523 ], [ 16.5135678, 48.2711484 ], [ 16.5135697, 48.2711018 ], [ 16.5141152, 48.2710243 ], [ 16.5128534, 48.267838 ], [ 16.5191674, 48.2669867 ], [ 16.5199322, 48.2659194 ], [ 16.5208174, 48.2645921 ], [ 16.5217087, 48.2644071 ], [ 16.5217543, 48.2643744 ], [ 16.5219411, 48.2642407 ], [ 16.5232403, 48.2638742 ], [ 16.5245631, 48.2635289 ], [ 16.5260705, 48.2632507 ], [ 16.5275566, 48.2629018 ], [ 16.5296146, 48.2625329 ], [ 16.5302572, 48.2624186 ], [ 16.5326277, 48.2621015 ], [ 16.5330436, 48.2628992 ], [ 16.5344039, 48.2633652 ], [ 16.535823, 48.2637442 ], [ 16.5364294, 48.2638782 ], [ 16.5370667, 48.2640286 ], [ 16.5385904, 48.2641803 ], [ 16.5386069, 48.2642434 ], [ 16.5399487, 48.2640762 ], [ 16.5421757, 48.2637682 ], [ 16.5447252, 48.2633569 ], [ 16.5469749, 48.2629977 ], [ 16.5457194, 48.2608035 ], [ 16.5443528, 48.258105 ], [ 16.5427339, 48.2546284 ], [ 16.542466, 48.2539485 ], [ 16.5423029, 48.2534134 ], [ 16.5419496, 48.2516323 ], [ 16.5413479, 48.249042 ], [ 16.5412547, 48.2483233 ], [ 16.5411491, 48.2477611 ], [ 16.5402725, 48.2458931 ], [ 16.5399463, 48.2450683 ], [ 16.5396513, 48.2439721 ], [ 16.5394106, 48.2428396 ], [ 16.5427067, 48.2427879 ], [ 16.5456845, 48.2427982 ], [ 16.5467444, 48.2427672 ], [ 16.5481993, 48.2426922 ], [ 16.5478594, 48.2402783 ], [ 16.5500065, 48.2397044 ], [ 16.5527397, 48.2390011 ], [ 16.5513356, 48.2356537 ], [ 16.5504427, 48.2336987 ], [ 16.549938, 48.2326798 ], [ 16.549045, 48.2302022 ], [ 16.5489441, 48.2299281 ], [ 16.5483485, 48.2279814 ], [ 16.5479422, 48.2265183 ], [ 16.546899, 48.223358 ], [ 16.5466727, 48.2224129 ], [ 16.5464514, 48.2211583 ], [ 16.5466568, 48.2200264 ], [ 16.5465911, 48.2187217 ], [ 16.5463273, 48.217485 ], [ 16.5459924, 48.2162046 ], [ 16.5454598, 48.2149973 ], [ 16.5448229, 48.2137241 ], [ 16.5442409, 48.2126265 ], [ 16.5439774, 48.2122387 ], [ 16.5434338, 48.2114264 ], [ 16.5425608, 48.2102702 ], [ 16.5416384, 48.2090335 ], [ 16.5410015, 48.2082981 ], [ 16.5404231, 48.2075301 ], [ 16.5403866, 48.2073431 ], [ 16.5401183, 48.2069764 ], [ 16.5391322, 48.2060669 ], [ 16.5380266, 48.2046911 ], [ 16.5375489, 48.203586 ], [ 16.537505, 48.2033774 ], [ 16.5373732, 48.2026346 ], [ 16.5368187, 48.2013647 ], [ 16.5366317, 48.2008151 ], [ 16.5366048, 48.2007868 ], [ 16.5365337, 48.2007122 ], [ 16.5362709, 48.2004367 ], [ 16.53699, 48.1995668 ], [ 16.537292, 48.1992064 ], [ 16.5375995, 48.1988239 ], [ 16.5380414, 48.1983006 ], [ 16.5385273, 48.1975577 ], [ 16.5388046, 48.1971496 ], [ 16.5391999, 48.1964103 ], [ 16.5396389, 48.1952326 ], [ 16.5398291, 48.1947124 ], [ 16.5405357, 48.1937497 ], [ 16.5413238, 48.192554 ], [ 16.5417664, 48.1914411 ], [ 16.5410482, 48.1903515 ], [ 16.5402445, 48.189562 ], [ 16.5396855, 48.1888322 ], [ 16.5386416, 48.1867036 ], [ 16.5383366, 48.1854515 ], [ 16.5381854, 48.1843781 ], [ 16.5379852, 48.183383 ], [ 16.5384996, 48.1832635 ], [ 16.5390078, 48.1831455 ], [ 16.5403099, 48.1829135 ], [ 16.5411811, 48.1826528 ], [ 16.5414807, 48.1824671 ], [ 16.5417158, 48.1822725 ], [ 16.5418346, 48.182078 ], [ 16.5416675, 48.1817572 ], [ 16.5411623, 48.1808006 ], [ 16.5388564, 48.1818208 ], [ 16.5381821, 48.1822233 ], [ 16.5376898, 48.1825172 ], [ 16.5367079, 48.1790746 ], [ 16.536516, 48.1784016 ], [ 16.5363074, 48.1775466 ], [ 16.5362966, 48.1770711 ], [ 16.5391089, 48.1747535 ], [ 16.5395667, 48.1744703 ], [ 16.5400843, 48.1742289 ], [ 16.5408179, 48.1737647 ], [ 16.5394051, 48.173933 ], [ 16.5386798, 48.1741098 ], [ 16.5377495, 48.1743228 ], [ 16.5370775, 48.1744661 ], [ 16.5363874, 48.1746072 ], [ 16.536692, 48.1734491 ], [ 16.5373798, 48.1732687 ], [ 16.5378932, 48.1731281 ], [ 16.5389778, 48.1728161 ], [ 16.539542, 48.1727202 ], [ 16.5400776, 48.1728408 ], [ 16.5409285, 48.173436 ], [ 16.541327, 48.1735292 ], [ 16.5418615, 48.1733965 ], [ 16.5426167, 48.1733005 ], [ 16.5432371, 48.1732639 ], [ 16.544747, 48.1728574 ], [ 16.5446976, 48.1730204 ], [ 16.5441266, 48.1740566 ], [ 16.5439976, 48.1748237 ], [ 16.5438027, 48.1750342 ], [ 16.543314, 48.1751349 ], [ 16.5419222, 48.1753161 ], [ 16.5416669, 48.1754278 ], [ 16.541137, 48.1758086 ], [ 16.5409379, 48.1760728 ], [ 16.5410156, 48.1765165 ], [ 16.5410261, 48.176575 ], [ 16.5416696, 48.1769472 ], [ 16.5424191, 48.1768795 ], [ 16.5434019, 48.1768758 ], [ 16.544058, 48.1768246 ], [ 16.544618, 48.1769088 ], [ 16.5450133, 48.1770699 ], [ 16.5452823, 48.1773078 ], [ 16.5454031, 48.1776978 ], [ 16.5457545, 48.1778881 ], [ 16.5464106, 48.1777161 ], [ 16.5474518, 48.1778506 ], [ 16.5474683, 48.1778522 ], [ 16.5478584, 48.177819 ], [ 16.5485917, 48.1774075 ], [ 16.5490084, 48.1772262 ], [ 16.5494562, 48.1770558 ], [ 16.5497791, 48.1767495 ], [ 16.5496281, 48.1762223 ], [ 16.5500041, 48.1747332 ], [ 16.5505189, 48.173932 ], [ 16.5509621, 48.1730612 ], [ 16.5509062, 48.172601 ], [ 16.550647, 48.1717291 ], [ 16.5503001, 48.1715192 ], [ 16.5497072, 48.1714014 ], [ 16.5486562, 48.1714642 ], [ 16.5475829, 48.1713306 ], [ 16.5471212, 48.1713986 ], [ 16.5466545, 48.1716247 ], [ 16.5468631, 48.1707349 ], [ 16.5473943, 48.1699733 ], [ 16.5479602, 48.1684914 ], [ 16.5483501, 48.167067 ], [ 16.5496184, 48.1665982 ], [ 16.5502182, 48.1660441 ], [ 16.5497782, 48.1646593 ], [ 16.549888, 48.1644615 ], [ 16.5502119, 48.1641832 ], [ 16.550739, 48.1639012 ], [ 16.5507703, 48.1638905 ], [ 16.5512551, 48.1637254 ], [ 16.5520238, 48.1629197 ], [ 16.5527391, 48.1623164 ], [ 16.5530615, 48.1620444 ], [ 16.5552687, 48.1620115 ], [ 16.5562885, 48.1617103 ], [ 16.5555891, 48.1623073 ], [ 16.5539977, 48.1636657 ], [ 16.5542173, 48.1641652 ], [ 16.5556693, 48.1644617 ], [ 16.5564361, 48.1644449 ], [ 16.557395, 48.1642675 ], [ 16.5578628, 48.1641057 ], [ 16.5590897, 48.1630668 ], [ 16.5593656, 48.1628332 ], [ 16.5593823, 48.1628191 ], [ 16.5599768, 48.1618515 ], [ 16.5616132, 48.1603689 ], [ 16.5624943, 48.1607193 ], [ 16.5627889, 48.1610327 ], [ 16.5632244, 48.1615912 ], [ 16.5636992, 48.1620081 ], [ 16.5641251, 48.1621972 ], [ 16.5652859, 48.1625209 ], [ 16.5654528, 48.1625856 ], [ 16.5672785, 48.163391 ], [ 16.5681511, 48.1636137 ], [ 16.5690013, 48.16358 ], [ 16.569541, 48.1634894 ], [ 16.5698205, 48.1634764 ], [ 16.5700418, 48.163523 ], [ 16.5702864, 48.1637017 ], [ 16.5704805, 48.1637483 ], [ 16.5710667, 48.1637328 ], [ 16.5730584, 48.1631942 ], [ 16.5743629, 48.1624691 ], [ 16.5752286, 48.1617336 ], [ 16.575908, 48.1607832 ], [ 16.5761293, 48.1602316 ], [ 16.5763895, 48.1592294 ], [ 16.5763778, 48.1589264 ], [ 16.5759546, 48.1582996 ], [ 16.575644, 48.1576263 ], [ 16.5753917, 48.1572274 ], [ 16.574689, 48.1563546 ], [ 16.5739707, 48.1557227 ], [ 16.5736058, 48.1555155 ], [ 16.5733118, 48.1551732 ], [ 16.5733283, 48.1551321 ], [ 16.5735359, 48.155126 ], [ 16.573937, 48.1550235 ], [ 16.5739185, 48.1545254 ], [ 16.5744426, 48.1543244 ], [ 16.574887, 48.1541324 ], [ 16.5753179, 48.1538372 ], [ 16.5757528, 48.1534512 ], [ 16.5759943, 48.1532298 ], [ 16.5765242, 48.1526794 ], [ 16.5770483, 48.1520306 ], [ 16.577454, 48.1513209 ], [ 16.5775132, 48.150425 ], [ 16.5773979, 48.1491392 ], [ 16.5769798, 48.1444415 ], [ 16.5764596, 48.1370132 ], [ 16.5763167, 48.1361889 ], [ 16.5761359, 48.1355616 ], [ 16.5760306, 48.1352198 ] ] ] } },
{ "type": "Feature", "properties": { "osm_id": 1991439, "ref": 23, "name": "Liesing", "name:de": null, "population": 96728.0, "area_km2": 32.065 }, "geometry": { "type": "Polygon", "coordinates": [ [ [ 16.2232057, 48.153185 ], [ 16.2232317, 48.1531819 ], [ 16.2247439, 48.1530031 ], [ 16.2270337, 48.1513931 ], [ 16.227231, 48.1512544 ], [ 16.2277597, 48.1508954 ], [ 16.2300682, 48.1494639 ], [ 16.232245, 48.1508052 ], [ 16.2392044, 48.1535234 ], [ 16.24384, 48.1553037 ], [ 16.2467367, 48.1564179 ], [ 16.2525053, 48.1576577 ], [ 16.2564443, 48.1600191 ], [ 16.2578406, 48.1602106 ], [ 16.2578562, 48.1601753 ], [ 16.258133, 48.1602284 ], [ 16.2588554, 48.1603464 ], [ 16.260349, 48.1601888 ], [ 16.2609722, 48.1601249 ], [ 16.2610803, 48.1601144 ], [ 16.2619232, 48.160037 ], [ 16.262935, 48.1599411 ], [ 16.2629699, 48.159937 ], [ 16.262997, 48.1599303 ], [ 16.263045, 48.1599124 ], [ 16.2632009, 48.1598544 ], [ 16.2635938, 48.1597096 ], [ 16.2652659, 48.1590919 ], [ 16.2656236, 48.1589577 ], [ 16.2659156, 48.1588575 ], [ 16.2659843, 48.158834 ], [ 16.2660437, 48.1588114 ], [ 16.2662129, 48.158747 ], [ 16.2662705, 48.1587262 ], [ 16.2663253, 48.1587065 ], [ 16.2663866, 48.1586827 ], [ 16.2665717, 48.1586115 ], [ 16.2667586, 48.158543 ], [ 16.2669499, 48.1584564 ], [ 16.2669602, 48.158452 ], [ 16.2673634, 48.1582815 ], [ 16.2684327, 48.1578263 ], [ 16.2691851, 48.1575055 ], [ 16.27268, 48.1560104 ], [ 16.2728473, 48.1559388 ], [ 16.27287, 48.1559291 ], [ 16.2728983, 48.155917 ], [ 16.2729953, 48.1558813 ], [ 16.2730087, 48.1558765 ], [ 16.2730722, 48.155936 ], [ 16.2732819, 48.1561683 ], [ 16.2734774, 48.156389 ], [ 16.2738836, 48.1568429 ], [ 16.2740997, 48.1570845 ], [ 16.2745678, 48.1576076 ], [ 16.2752615, 48.1583843 ], [ 16.2754319, 48.1585753 ], [ 16.2759359, 48.1591394 ], [ 16.2763632, 48.1596162 ], [ 16.2765119, 48.1597832 ], [ 16.2765608, 48.1598357 ], [ 16.2767392, 48.1600352 ], [ 16.2769744, 48.1602986 ], [ 16.2778566, 48.1612807 ], [ 16.2778768, 48.1613032 ], [ 16.2782246, 48.1616906 ], [ 16.2782992, 48.1617715 ], [ 16.2783754, 48.1618497 ], [ 16.2786035, 48.1621126 ], [ 16.2787439, 48.1622687 ], [ 16.2791393, 48.1627061 ], [ 16.2792513, 48.1626325 ], [ 16.2803171, 48.1619074 ], [ 16.2809796, 48.1614566 ], [ 16.2802843, 48.1606888 ], [ 16.2798631, 48.1602236 ], [ 16.2793623, 48.1596705 ], [ 16.2793382, 48.1596439 ], [ 16.2796957, 48.1593909 ], [ 16.2806765, 48.1589908 ], [ 16.2808019, 48.1589397 ], [ 16.2808371, 48.1589253 ], [ 16.2812227, 48.158768 ], [ 16.2821901, 48.1588821 ], [ 16.2825773, 48.1589285 ], [ 16.2840402, 48.1591138 ], [ 16.2847495, 48.1592003 ], [ 16.2848573, 48.1592183 ], [ 16.2851055, 48.159271 ], [ 16.285192, 48.1591412 ], [ 16.2854777, 48.1587124 ], [ 16.2855858, 48.1585502 ], [ 16.285954, 48.1578163 ], [ 16.286005, 48.1577145 ], [ 16.2864083, 48.1569909 ], [ 16.2865401, 48.1568198 ], [ 16.2866518, 48.1567032 ], [ 16.2866785, 48.1566754 ], [ 16.2868464, 48.1565798 ], [ 16.2867333, 48.1563506 ], [ 16.2868892, 48.1563474 ], [ 16.2870293, 48.1563799 ], [ 16.2872734, 48.1564647 ], [ 16.2873793, 48.1565015 ], [ 16.2871813, 48.1567834 ], [ 16.291069, 48.1581049 ], [ 16.291175, 48.1581402 ], [ 16.2911911, 48.1586681 ], [ 16.2912024, 48.1589511 ], [ 16.2912166, 48.1592741 ], [ 16.2912275, 48.1595234 ], [ 16.291249, 48.1597386 ], [ 16.2912779, 48.1601169 ], [ 16.2912865, 48.1602164 ], [ 16.291287, 48.1602222 ], [ 16.2913217, 48.1606792 ], [ 16.29133, 48.1608251 ], [ 16.2913585, 48.161328 ], [ 16.2913638, 48.1614714 ], [ 16.2913692, 48.161618 ], [ 16.2913699, 48.1616514 ], [ 16.2913841, 48.1617435 ], [ 16.2913996, 48.1618474 ], [ 16.2914878, 48.1621056 ], [ 16.2915246, 48.1621765 ], [ 16.291532, 48.1621908 ], [ 16.2915457, 48.1622171 ], [ 16.2915557, 48.1622354 ], [ 16.2916366, 48.1623584 ], [ 16.2917536, 48.1623284 ], [ 16.2917691, 48.1623241 ], [ 16.291793, 48.1623174 ], [ 16.2918322, 48.1623064 ], [ 16.2918547, 48.1623018 ], [ 16.2919086, 48.1622907 ], [ 16.2919806, 48.162276 ], [ 16.2922743, 48.1622055 ], [ 16.2933638, 48.1620872 ], [ 16.2946352, 48.1619662 ], [ 16.2954843, 48.1618903 ], [ 16.2957151, 48.1618696 ], [ 16.2958285, 48.1618324 ], [ 16.2959283, 48.1617865 ], [ 16.2959157, 48.1617066 ], [ 16.295834, 48.161618 ], [ 16.2957618, 48.1615573 ], [ 16.295728, 48.1615301 ], [ 16.2955709, 48.1614038 ], [ 16.2953619, 48.161242 ], [ 16.2947572, 48.1606331 ], [ 16.2944154, 48.1602037 ], [ 16.2941598, 48.1598406 ], [ 16.2941095, 48.1597722 ], [ 16.2940482, 48.1596763 ], [ 16.2939785, 48.1595704 ], [ 16.2936928, 48.1591363 ], [ 16.2936305, 48.1590377 ], [ 16.2933432, 48.1585099 ], [ 16.2931968, 48.1582416 ], [ 16.2929727, 48.1578658 ], [ 16.2928876, 48.1577151 ], [ 16.2928267, 48.1576057 ], [ 16.2970764, 48.1564418 ], [ 16.2974648, 48.1563389 ], [ 16.2992019, 48.157494 ], [ 16.3003653, 48.1582434 ], [ 16.3019002, 48.1591828 ], [ 16.3028337, 48.1597514 ], [ 16.3031965, 48.1599476 ], [ 16.3040856, 48.1604092 ], [ 16.304118, 48.1604101 ], [ 16.3042061, 48.1603836 ], [ 16.3043978, 48.1602913 ], [ 16.3045039, 48.1602535 ], [ 16.3046255, 48.1602117 ], [ 16.305002, 48.1601178 ], [ 16.3053925, 48.1600203 ], [ 16.3056211, 48.1599645 ], [ 16.3060141, 48.1598686 ], [ 16.3061482, 48.1598397 ], [ 16.3062504, 48.1598226 ], [ 16.3067516, 48.1597273 ], [ 16.3072782, 48.159654 ], [ 16.3078792, 48.1595733 ], [ 16.307964, 48.1595619 ], [ 16.3082388, 48.159525 ], [ 16.3083645, 48.1595081 ], [ 16.3085225, 48.1594824 ], [ 16.3086992, 48.1594504 ], [ 16.3087402, 48.1594401 ], [ 16.3090659, 48.1593583 ], [ 16.3102152, 48.1590693 ], [ 16.3108188, 48.1589233 ], [ 16.3113902, 48.1588323 ], [ 16.3115558, 48.1588095 ], [ 16.3131349, 48.1585911 ], [ 16.3132959, 48.1585656 ], [ 16.313332, 48.1585599 ], [ 16.3133479, 48.1585794 ], [ 16.3151687, 48.1583338 ], [ 16.3165182, 48.1581298 ], [ 16.3164095, 48.1577529 ], [ 16.3163922, 48.1576589 ], [ 16.3163386, 48.1575148 ], [ 16.3164112, 48.1574921 ], [ 16.3166125, 48.1574719 ], [ 16.3171774, 48.1576106 ], [ 16.3176004, 48.1576777 ], [ 16.3179251, 48.1577147 ], [ 16.3181661, 48.1577511 ], [ 16.3184217, 48.1577918 ], [ 16.31868, 48.1578447 ], [ 16.3187791, 48.157864 ], [ 16.3189497, 48.1572136 ], [ 16.3191032, 48.1566705 ], [ 16.3192552, 48.1566882 ], [ 16.319302, 48.156615 ], [ 16.3203892, 48.1567603 ], [ 16.3214696, 48.1568949 ], [ 16.3215959, 48.1570363 ], [ 16.3218323, 48.1573272 ], [ 16.3228406, 48.1572929 ], [ 16.3235408, 48.15722 ], [ 16.3243315, 48.157103 ], [ 16.3252646, 48.1568968 ], [ 16.3271121, 48.1565467 ], [ 16.3280107, 48.156329 ], [ 16.3280956, 48.1563042 ], [ 16.3289438, 48.1560566 ], [ 16.3297532, 48.1557958 ], [ 16.3302751, 48.1555752 ], [ 16.3305842, 48.1554092 ], [ 16.3313141, 48.1560772 ], [ 16.3318084, 48.1564876 ], [ 16.3326494, 48.1571527 ], [ 16.332831, 48.1572619 ], [ 16.3330811, 48.1574391 ], [ 16.3332641, 48.1575334 ], [ 16.3347785, 48.1586694 ], [ 16.3351252, 48.1588494 ], [ 16.3356406, 48.1592699 ], [ 16.336893, 48.1572973 ], [ 16.3380785, 48.1552024 ], [ 16.338353, 48.1548257 ], [ 16.3386555, 48.1544862 ], [ 16.3389388, 48.1542634 ], [ 16.3395053, 48.1538703 ], [ 16.3399616, 48.1536476 ], [ 16.3411401, 48.1532253 ], [ 16.3415265, 48.1531226 ], [ 16.3428116, 48.1528648 ], [ 16.344936, 48.1524951 ], [ 16.3475885, 48.1520483 ], [ 16.3481934, 48.1520005 ], [ 16.3481812, 48.1518978 ], [ 16.3484592, 48.1517777 ], [ 16.3487669, 48.15178 ], [ 16.3491551, 48.151899 ], [ 16.3503755, 48.1518873 ], [ 16.3521485, 48.1518103 ], [ 16.3591214, 48.1516027 ], [ 16.3600306, 48.151521 ], [ 16.3609328, 48.1513951 ], [ 16.361905, 48.1511991 ], [ 16.3674165, 48.1498439 ], [ 16.3677309, 48.1497666 ], [ 16.3700774, 48.1491698 ], [ 16.3740486, 48.1481598 ], [ 16.374533, 48.1481123 ], [ 16.375462, 48.1479138 ], [ 16.376036, 48.147792 ], [ 16.3771178, 48.1475247 ], [ 16.3770646, 48.1474193 ], [ 16.3770177, 48.1473289 ], [ 16.3770042, 48.1473033 ], [ 16.3757599, 48.1446893 ], [ 16.3756843, 48.1445513 ], [ 16.374245, 48.1422088 ], [ 16.3741737, 48.1420851 ], [ 16.3738986, 48.1421214 ], [ 16.3734197, 48.1422046 ], [ 16.3730723, 48.1422981 ], [ 16.3727711, 48.1423977 ], [ 16.3725086, 48.1424994 ], [ 16.3724175, 48.1425412 ], [ 16.3724188, 48.1425492 ], [ 16.3713492, 48.143101 ], [ 16.3712544, 48.1428792 ], [ 16.3711219, 48.1425695 ], [ 16.3710292, 48.1422832 ], [ 16.3709249, 48.141961 ], [ 16.3717479, 48.1418044 ], [ 16.3719259, 48.1417745 ], [ 16.3712598, 48.1406013 ], [ 16.3700884, 48.1385939 ], [ 16.3703219, 48.1385626 ], [ 16.3705205, 48.1385413 ], [ 16.3707639, 48.1385327 ], [ 16.3705353, 48.1381247 ], [ 16.3701557, 48.1374728 ], [ 16.3694929, 48.1363513 ], [ 16.3691774, 48.1357664 ], [ 16.368959, 48.135708 ], [ 16.3687502, 48.1353154 ], [ 16.368469, 48.1348394 ], [ 16.3681318, 48.1343219 ], [ 16.3678156, 48.1335607 ], [ 16.367719, 48.1335764 ], [ 16.3668495, 48.1314353 ], [ 16.3665672, 48.1314856 ], [ 16.3656377, 48.1286732 ], [ 16.3651894, 48.1287211 ], [ 16.3647238, 48.1287041 ], [ 16.3642787, 48.1287541 ], [ 16.3637121, 48.128807 ], [ 16.3619477, 48.1290139 ], [ 16.3596066, 48.1292005 ], [ 16.3589551, 48.1292903 ], [ 16.3581607, 48.1293851 ], [ 16.358035, 48.1294043 ], [ 16.3576907, 48.1294811 ], [ 16.3575266, 48.1295369 ], [ 16.3574271, 48.1296274 ], [ 16.3571923, 48.1297768 ], [ 16.35511, 48.1306415 ], [ 16.3549006, 48.130737 ], [ 16.354544, 48.1308485 ], [ 16.3522146, 48.1318798 ], [ 16.3514039, 48.132338 ], [ 16.3511194, 48.132485 ], [ 16.3508866, 48.1325853 ], [ 16.3506907, 48.1326332 ], [ 16.3502829, 48.1326794 ], [ 16.3499626, 48.1327208 ], [ 16.3493648, 48.1328423 ], [ 16.3488387, 48.1329537 ], [ 16.3478135, 48.1332083 ], [ 16.3476558, 48.1332349 ], [ 16.3474558, 48.1332595 ], [ 16.347229, 48.1332748 ], [ 16.3468469, 48.133269 ], [ 16.3467014, 48.1332696 ], [ 16.3465572, 48.1332755 ], [ 16.3463563, 48.1332882 ], [ 16.3462018, 48.1333051 ], [ 16.345963, 48.1333498 ], [ 16.3459565, 48.1333428 ], [ 16.3449291, 48.1335835 ], [ 16.3410691, 48.134511 ], [ 16.3351333, 48.1357045 ], [ 16.333118, 48.1361097 ], [ 16.3313515, 48.1365138 ], [ 16.328859, 48.1370268 ], [ 16.3272033, 48.1373302 ], [ 16.3272152, 48.1373497 ], [ 16.3254777, 48.1376674 ], [ 16.3246033, 48.1377929 ], [ 16.3250323, 48.1363074 ], [ 16.324884, 48.1360839 ], [ 16.3248936, 48.1359776 ], [ 16.32445, 48.135369 ], [ 16.322884, 48.1329305 ], [ 16.3227083, 48.132707 ], [ 16.3201659, 48.1278257 ], [ 16.3194356, 48.1265357 ], [ 16.3191143, 48.1259079 ], [ 16.3190367, 48.1257562 ], [ 16.3190059, 48.1256856 ], [ 16.3188654, 48.125364 ], [ 16.3185018, 48.1245617 ], [ 16.3184162, 48.1246489 ], [ 16.3183279, 48.1247438 ], [ 16.3182825, 48.1248728 ], [ 16.3174236, 48.1248304 ], [ 16.317054, 48.1249524 ], [ 16.3165008, 48.1251472 ], [ 16.3161033, 48.1252711 ], [ 16.3158625, 48.1253615 ], [ 16.315641, 48.1254412 ], [ 16.3155385, 48.1253605 ], [ 16.3154026, 48.1253087 ], [ 16.3149749, 48.1253844 ], [ 16.3147697, 48.1254422 ], [ 16.3142922, 48.1256547 ], [ 16.3141376, 48.1255868 ], [ 16.3139266, 48.1255895 ], [ 16.3135834, 48.1246462 ], [ 16.3130366, 48.1229519 ], [ 16.3126873, 48.1212833 ], [ 16.3126678, 48.1211299 ], [ 16.3125494, 48.12004 ], [ 16.3125896, 48.1196583 ], [ 16.3125921, 48.1196345 ], [ 16.3122069, 48.1195322 ], [ 16.3118098, 48.1194453 ], [ 16.3109187, 48.1194984 ], [ 16.3096589, 48.1196293 ], [ 16.3088786, 48.1199999 ], [ 16.3081176, 48.1201606 ], [ 16.3077174, 48.1203417 ], [ 16.3072014, 48.1205753 ], [ 16.3052136, 48.1215912 ], [ 16.3048186, 48.1217522 ], [ 16.3043407, 48.1220045 ], [ 16.304045, 48.1221925 ], [ 16.3035947, 48.1224439 ], [ 16.3028066, 48.1229622 ], [ 16.3018049, 48.1236542 ], [ 16.3008382, 48.1244938 ], [ 16.3006683, 48.1246033 ], [ 16.3005107, 48.1246803 ], [ 16.3003801, 48.1247426 ], [ 16.2999801, 48.1248958 ], [ 16.299742, 48.124981 ], [ 16.2994952, 48.1250742 ], [ 16.2985545, 48.1253233 ], [ 16.2987646, 48.1256437 ], [ 16.2987888, 48.1257912 ], [ 16.298799, 48.1258908 ], [ 16.2987056, 48.1260942 ], [ 16.2990474, 48.1266643 ], [ 16.2990364, 48.1268687 ], [ 16.2986614, 48.1270227 ], [ 16.2983972, 48.1272191 ], [ 16.2982835, 48.1278054 ], [ 16.298297, 48.1279434 ], [ 16.2982133, 48.1285244 ], [ 16.2981332, 48.1288166 ], [ 16.2980525, 48.1289527 ], [ 16.297991, 48.1289629 ], [ 16.2978564, 48.1290319 ], [ 16.2978562, 48.1290812 ], [ 16.2978545, 48.129488 ], [ 16.2977399, 48.1294958 ], [ 16.2974816, 48.1295309 ], [ 16.292199, 48.1302439 ], [ 16.2917316, 48.1303069 ], [ 16.2914115, 48.1303519 ], [ 16.2913652, 48.1303584 ], [ 16.2878447, 48.1308398 ], [ 16.2874556, 48.1308601 ], [ 16.2852698, 48.1306229 ], [ 16.28518, 48.1305998 ], [ 16.2851355, 48.1305818 ], [ 16.285078, 48.1305493 ], [ 16.2849141, 48.1304346 ], [ 16.2846121, 48.1302624 ], [ 16.2845494, 48.1302429 ], [ 16.2843858, 48.1302016 ], [ 16.2842958, 48.1301834 ], [ 16.2840219, 48.1301412 ], [ 16.2838849, 48.1301558 ], [ 16.282662, 48.1308578 ], [ 16.2810357, 48.1317862 ], [ 16.2808444, 48.1318764 ], [ 16.2808966, 48.1319312 ], [ 16.2807613, 48.1319754 ], [ 16.2803991, 48.132013 ], [ 16.2798134, 48.1320315 ], [ 16.2786944, 48.132143 ], [ 16.2784337, 48.1321812 ], [ 16.2778128, 48.1323039 ], [ 16.2760023, 48.1328522 ], [ 16.2752127, 48.1331521 ], [ 16.274809, 48.133295 ], [ 16.2744152, 48.1334083 ], [ 16.2739936, 48.1335192 ], [ 16.2712233, 48.133841 ], [ 16.2711035, 48.1338515 ], [ 16.2711145, 48.1337887 ], [ 16.2711142, 48.1336523 ], [ 16.2707331, 48.1336846 ], [ 16.2693636, 48.1337567 ], [ 16.2687292, 48.1337838 ], [ 16.268686, 48.133786 ], [ 16.2681814, 48.1337649 ], [ 16.2677321, 48.1336975 ], [ 16.2671899, 48.1335787 ], [ 16.2666846, 48.1333678 ], [ 16.2662273, 48.133164 ], [ 16.2658184, 48.1329899 ], [ 16.2654722, 48.1328817 ], [ 16.265416, 48.1328373 ], [ 16.2648957, 48.132659 ], [ 16.2641275, 48.132427 ], [ 16.263885, 48.1323325 ], [ 16.2637077, 48.132231 ], [ 16.2635665, 48.1321599 ], [ 16.2625124, 48.1315163 ], [ 16.2621937, 48.1311104 ], [ 16.261766, 48.1308454 ], [ 16.2613914, 48.1307186 ], [ 16.26119, 48.1306532 ], [ 16.2606811, 48.1304179 ], [ 16.2606575, 48.1304468 ], [ 16.2606068, 48.1304329 ], [ 16.260524, 48.1304233 ], [ 16.2602796, 48.130375 ], [ 16.2601659, 48.1303362 ], [ 16.2600251, 48.1302666 ], [ 16.2599588, 48.1302189 ], [ 16.2598565, 48.130134 ], [ 16.2597986, 48.1300784 ], [ 16.2597059, 48.1300275 ], [ 16.2596369, 48.1300032 ], [ 16.2596035, 48.1299983 ], [ 16.2594965, 48.1299953 ], [ 16.2594413, 48.1300011 ], [ 16.2591122, 48.1300648 ], [ 16.2590064, 48.1300728 ], [ 16.2588835, 48.1300706 ], [ 16.2587884, 48.1300515 ], [ 16.2585368, 48.1299567 ], [ 16.2583834, 48.1299506 ], [ 16.2578189, 48.1299304 ], [ 16.2577637, 48.129923 ], [ 16.2577198, 48.1298865 ], [ 16.2576909, 48.1298432 ], [ 16.2576631, 48.1297678 ], [ 16.2576257, 48.1297132 ], [ 16.257532, 48.1296618 ], [ 16.2573867, 48.1296422 ], [ 16.2572259, 48.1296309 ], [ 16.2570406, 48.1296577 ], [ 16.2569596, 48.1296739 ], [ 16.2566721, 48.1297225 ], [ 16.2565618, 48.12972 ], [ 16.2563112, 48.1296956 ], [ 16.2561263, 48.1297233 ], [ 16.255946, 48.1297424 ], [ 16.2558114, 48.129767 ], [ 16.2554128, 48.1298421 ], [ 16.2550596, 48.1299112 ], [ 16.2543286, 48.1300379 ], [ 16.2542218, 48.130053 ], [ 16.2538005, 48.1300395 ], [ 16.2537421, 48.1300319 ], [ 16.253682, 48.129964 ], [ 16.2535846, 48.1298261 ], [ 16.2535087, 48.1298226 ], [ 16.2533768, 48.1298661 ], [ 16.2532466, 48.1299188 ], [ 16.2531935, 48.130009 ], [ 16.2531551, 48.1300376 ], [ 16.2528187, 48.1301675 ], [ 16.2526953, 48.1302233 ], [ 16.252541, 48.1302771 ], [ 16.2522062, 48.1303638 ], [ 16.2518807, 48.1304576 ], [ 16.2513711, 48.1307004 ], [ 16.2513612, 48.1306928 ], [ 16.2513148, 48.1306572 ], [ 16.2512393, 48.1306966 ], [ 16.2509513, 48.1307471 ], [ 16.2506667, 48.1308459 ], [ 16.250412, 48.1309546 ], [ 16.2501693, 48.1310167 ], [ 16.2495115, 48.130998 ], [ 16.2493096, 48.1311131 ], [ 16.2490599, 48.1311393 ], [ 16.2488005, 48.1311768 ], [ 16.2486743, 48.1311178 ], [ 16.2485915, 48.131013 ], [ 16.2476659, 48.1311665 ], [ 16.2475327, 48.1312666 ], [ 16.247262, 48.1314136 ], [ 16.2471344, 48.1314286 ], [ 16.2467683, 48.1313106 ], [ 16.2462761, 48.1312872 ], [ 16.2457528, 48.1312612 ], [ 16.2457305, 48.1312601 ], [ 16.2454248, 48.1312142 ], [ 16.2447419, 48.1311995 ], [ 16.2444263, 48.1311927 ], [ 16.2441991, 48.1311777 ], [ 16.2440855, 48.1311337 ], [ 16.2426297, 48.1309306 ], [ 16.2418766, 48.1308548 ], [ 16.2408949, 48.1307041 ], [ 16.2406299, 48.1306797 ], [ 16.2399805, 48.1305786 ], [ 16.2392148, 48.1305075 ], [ 16.2390521, 48.1305206 ], [ 16.2388894, 48.1305159 ], [ 16.2385907, 48.1304766 ], [ 16.2383158, 48.1303474 ], [ 16.2379372, 48.1302595 ], [ 16.2376251, 48.1302618 ], [ 16.2374994, 48.1302567 ], [ 16.2374187, 48.1302502 ], [ 16.2373299, 48.1302312 ], [ 16.2372507, 48.1302076 ], [ 16.2371264, 48.130164 ], [ 16.2368545, 48.1300947 ], [ 16.2365544, 48.1300779 ], [ 16.2360663, 48.1300117 ], [ 16.2357872, 48.1299112 ], [ 16.2356133, 48.1298705 ], [ 16.2352683, 48.12971 ], [ 16.234626, 48.1294872 ], [ 16.2344016, 48.1293683 ], [ 16.2337944, 48.1291399 ], [ 16.233483, 48.1289742 ], [ 16.233016, 48.1288254 ], [ 16.2327565, 48.1287196 ], [ 16.2325125, 48.1285446 ], [ 16.2321773, 48.128349 ], [ 16.2319684, 48.1282713 ], [ 16.2315995, 48.1280531 ], [ 16.231392, 48.1278069 ], [ 16.231191, 48.1276844 ], [ 16.2311005, 48.1276446 ], [ 16.2310667, 48.127639 ], [ 16.2308847, 48.1276431 ], [ 16.2306767, 48.127658 ], [ 16.2306144, 48.1276506 ], [ 16.2305515, 48.1276358 ], [ 16.230222, 48.1275155 ], [ 16.2297149, 48.1273374 ], [ 16.2292119, 48.12717 ], [ 16.2291359, 48.1271505 ], [ 16.2289143, 48.1270935 ], [ 16.228517, 48.126971 ], [ 16.2281131, 48.1268315 ], [ 16.2275451, 48.1266368 ], [ 16.2270346, 48.1263972 ], [ 16.2268481, 48.1262783 ], [ 16.2264442, 48.1259713 ], [ 16.2259617, 48.1257073 ], [ 16.2253456, 48.1253614 ], [ 16.2253298, 48.1253768 ], [ 16.2252883, 48.1253592 ], [ 16.2253059, 48.1253387 ], [ 16.2251178, 48.1252739 ], [ 16.2247831, 48.1251692 ], [ 16.2241327, 48.1249433 ], [ 16.2240131, 48.1249102 ], [ 16.2238211, 48.1248674 ], [ 16.2236768, 48.1248543 ], [ 16.2235029, 48.1248614 ], [ 16.2222078, 48.1248174 ], [ 16.2218254, 48.1247875 ], [ 16.2215639, 48.1247639 ], [ 16.2212313, 48.124714 ], [ 16.2210435, 48.1246704 ], [ 16.2208484, 48.1246251 ], [ 16.2205104, 48.124524 ], [ 16.2201884, 48.1244209 ], [ 16.2192465, 48.1240886 ], [ 16.2191827, 48.1240461 ], [ 16.2191073, 48.1239676 ], [ 16.2190129, 48.1238489 ], [ 16.2189135, 48.1237615 ], [ 16.2186949, 48.1238829 ], [ 16.2185634, 48.1239555 ], [ 16.2184722, 48.1240097 ], [ 16.2183303, 48.1240405 ], [ 16.218277, 48.1240542 ], [ 16.2181569, 48.1241052 ], [ 16.2181079, 48.1241411 ], [ 16.2180291, 48.1241891 ], [ 16.2179616, 48.1241835 ], [ 16.2178773, 48.1241945 ], [ 16.2177977, 48.1242371 ], [ 16.2177829, 48.1242368 ], [ 16.2177203, 48.1242662 ], [ 16.2176695, 48.1242992 ], [ 16.2176107, 48.1243281 ], [ 16.2174591, 48.1243616 ], [ 16.2174308, 48.1243725 ], [ 16.2173547, 48.1244067 ], [ 16.2173086, 48.1244345 ], [ 16.2172711, 48.1244526 ], [ 16.2171965, 48.1244783 ], [ 16.2171657, 48.1244998 ], [ 16.2171435, 48.1245216 ], [ 16.2170474, 48.124533 ], [ 16.2169453, 48.1245807 ], [ 16.2167738, 48.1246691 ], [ 16.2166423, 48.1247957 ], [ 16.2165717, 48.1248361 ], [ 16.216509, 48.1248766 ], [ 16.2164858, 48.1248919 ], [ 16.2164506, 48.1249318 ], [ 16.2163715, 48.1249787 ], [ 16.2163497, 48.124992 ], [ 16.2163158, 48.1250258 ], [ 16.2162758, 48.1250536 ], [ 16.2161825, 48.1251085 ], [ 16.2160788, 48.1251762 ], [ 16.2158806, 48.125219 ], [ 16.2157343, 48.1252238 ], [ 16.2156336, 48.1252058 ], [ 16.2153848, 48.1252287 ], [ 16.215214, 48.1252799 ], [ 16.2150272, 48.1253028 ], [ 16.2148672, 48.1253486 ], [ 16.214863, 48.1254483 ], [ 16.2148833, 48.1256667 ], [ 16.2146658, 48.1258865 ], [ 16.2149295, 48.126112 ], [ 16.2155857, 48.1262056 ], [ 16.216382, 48.1265629 ], [ 16.2168521, 48.1267848 ], [ 16.2177163, 48.1271944 ], [ 16.2180992, 48.1280684 ], [ 16.2192254, 48.1282256 ], [ 16.2202416, 48.1283086 ], [ 16.2220582, 48.1288903 ], [ 16.2245445, 48.129278 ], [ 16.2258565, 48.129382 ], [ 16.226857, 48.1295722 ], [ 16.22893, 48.1300545 ], [ 16.2306526, 48.1305758 ], [ 16.2321222, 48.1310089 ], [ 16.2333424, 48.1312093 ], [ 16.2345602, 48.1313975 ], [ 16.2349064, 48.1314508 ], [ 16.2354826, 48.1315535 ], [ 16.2363796, 48.1317118 ], [ 16.2374903, 48.1319074 ], [ 16.2381161, 48.1319871 ], [ 16.2386167, 48.1320488 ], [ 16.2384005, 48.1328072 ], [ 16.2384575, 48.1334184 ], [ 16.2386971, 48.1339704 ], [ 16.2376434, 48.1341918 ], [ 16.2370521, 48.1343671 ], [ 16.2366912, 48.1344563 ], [ 16.2361704, 48.1348335 ], [ 16.2376787, 48.1356615 ], [ 16.2384279, 48.1371556 ], [ 16.2373343, 48.1371694 ], [ 16.236654, 48.1370558 ], [ 16.2355835, 48.1368728 ], [ 16.2352046, 48.1368546 ], [ 16.2348207, 48.1367677 ], [ 16.2341943, 48.1367372 ], [ 16.2339753, 48.1368081 ], [ 16.2336043, 48.1368188 ], [ 16.2328714, 48.1368038 ], [ 16.232333, 48.1366786 ], [ 16.2314314, 48.1365722 ], [ 16.2305041, 48.1365127 ], [ 16.2303956, 48.1364463 ], [ 16.2300375, 48.1364063 ], [ 16.2283216, 48.1363508 ], [ 16.2276028, 48.1362842 ], [ 16.2275268, 48.1362771 ], [ 16.2271747, 48.1362306 ], [ 16.2260544, 48.1359543 ], [ 16.2255154, 48.1359701 ], [ 16.2248131, 48.1359462 ], [ 16.224349, 48.1358379 ], [ 16.2241361, 48.135747 ], [ 16.2230729, 48.1355452 ], [ 16.2225448, 48.1354842 ], [ 16.2215122, 48.1354659 ], [ 16.2210983, 48.1354958 ], [ 16.2209661, 48.135544 ], [ 16.2207895, 48.1355562 ], [ 16.22074, 48.1357799 ], [ 16.2207317, 48.1360133 ], [ 16.2209727, 48.1361893 ], [ 16.2210464, 48.1362362 ], [ 16.2211502, 48.1361124 ], [ 16.2212277, 48.1360316 ], [ 16.2213324, 48.1360825 ], [ 16.2213995, 48.1361184 ], [ 16.2215131, 48.1361325 ], [ 16.2215671, 48.1361354 ], [ 16.221693, 48.1360809 ], [ 16.221656, 48.1362253 ], [ 16.221511, 48.1365552 ], [ 16.2212672, 48.1368817 ], [ 16.2211249, 48.1370414 ], [ 16.2210835, 48.1371282 ], [ 16.2211725, 48.1371282 ], [ 16.2210714, 48.1373333 ], [ 16.2210271, 48.1375873 ], [ 16.2210109, 48.1377384 ], [ 16.2209098, 48.1379529 ], [ 16.2205701, 48.138096 ], [ 16.2205155, 48.1381688 ], [ 16.2202689, 48.1382538 ], [ 16.2202183, 48.1383995 ], [ 16.2201941, 48.138668 ], [ 16.2200842, 48.138941 ], [ 16.2200344, 48.1390647 ], [ 16.2197109, 48.1396597 ], [ 16.219541, 48.1397852 ], [ 16.2190356, 48.1401872 ], [ 16.21908, 48.1402871 ], [ 16.2187424, 48.1405272 ], [ 16.2185968, 48.1405286 ], [ 16.2184978, 48.1405866 ], [ 16.2180186, 48.1406541 ], [ 16.2178447, 48.1406392 ], [ 16.217594, 48.1406541 ], [ 16.2174302, 48.1407121 ], [ 16.21741, 48.1407539 ], [ 16.2171472, 48.1407755 ], [ 16.216854, 48.1409091 ], [ 16.2163991, 48.1409698 ], [ 16.216294, 48.1410696 ], [ 16.2162778, 48.1411425 ], [ 16.2161605, 48.1412544 ], [ 16.2159887, 48.1413732 ], [ 16.2159988, 48.1415728 ], [ 16.2159563, 48.1416457 ], [ 16.2159644, 48.1417577 ], [ 16.2160149, 48.1418305 ], [ 16.2159644, 48.1419452 ], [ 16.2159826, 48.1420927 ], [ 16.2156247, 48.1423081 ], [ 16.2155075, 48.1424269 ], [ 16.2154064, 48.1425208 ], [ 16.2152514, 48.1425434 ], [ 16.2152068, 48.1425816 ], [ 16.2151609, 48.142662 ], [ 16.2150149, 48.1426921 ], [ 16.2148834, 48.1426859 ], [ 16.2147274, 48.1427792 ], [ 16.2147964, 48.1428925 ], [ 16.2146556, 48.1430579 ], [ 16.2146098, 48.1433146 ], [ 16.2145309, 48.1435669 ], [ 16.2145532, 48.1437773 ], [ 16.2144501, 48.1439392 ], [ 16.2141266, 48.1441564 ], [ 16.2141528, 48.1442428 ], [ 16.2139426, 48.1443952 ], [ 16.2137262, 48.1444613 ], [ 16.2136029, 48.1445476 ], [ 16.2134634, 48.1447379 ], [ 16.2133906, 48.1447797 ], [ 16.2133724, 48.1448404 ], [ 16.2133138, 48.1448525 ], [ 16.2132713, 48.1449011 ], [ 16.2132471, 48.1449834 ], [ 16.2131743, 48.1449888 ], [ 16.2130752, 48.1450468 ], [ 16.2130429, 48.145148 ], [ 16.212968, 48.1452141 ], [ 16.2129802, 48.1452883 ], [ 16.2129175, 48.1454245 ], [ 16.2128103, 48.1455554 ], [ 16.2127477, 48.1455891 ], [ 16.2127335, 48.1456566 ], [ 16.2125576, 48.1458535 ], [ 16.2125273, 48.1460437 ], [ 16.2124161, 48.1462839 ], [ 16.2123534, 48.1466589 ], [ 16.2121735, 48.1468262 ], [ 16.2120057, 48.1469435 ], [ 16.2118985, 48.1469422 ], [ 16.2118358, 48.1470096 ], [ 16.2113668, 48.1471634 ], [ 16.2112252, 48.1472376 ], [ 16.2110716, 48.1473536 ], [ 16.2106187, 48.1474454 ], [ 16.2098585, 48.1476248 ], [ 16.2101435, 48.1480861 ], [ 16.2104665, 48.149273 ], [ 16.211579, 48.149682 ], [ 16.2125455, 48.1504846 ], [ 16.2124687, 48.150552 ], [ 16.2126486, 48.1506303 ], [ 16.2127295, 48.1507233 ], [ 16.2128892, 48.1507571 ], [ 16.2129559, 48.1507328 ], [ 16.2130429, 48.1507827 ], [ 16.2130772, 48.1508798 ], [ 16.213146, 48.150865 ], [ 16.2132289, 48.1508852 ], [ 16.2132774, 48.150985 ], [ 16.2138577, 48.1511887 ], [ 16.2139668, 48.1512683 ], [ 16.2140497, 48.151155 ], [ 16.2143166, 48.1510484 ], [ 16.2146947, 48.151066 ], [ 16.2153841, 48.151128 ], [ 16.2165932, 48.1512157 ], [ 16.2169025, 48.1512386 ], [ 16.2171735, 48.1513519 ], [ 16.2177739, 48.1515489 ], [ 16.2182956, 48.151619 ], [ 16.2189648, 48.152052 ], [ 16.2191063, 48.1522139 ], [ 16.2191508, 48.1523582 ], [ 16.2191508, 48.152605 ], [ 16.2191889, 48.1529803 ], [ 16.2193171, 48.1532564 ], [ 16.2194745, 48.153342 ], [ 16.220486, 48.1530192 ], [ 16.2206113, 48.15292 ], [ 16.2206988, 48.1528889 ], [ 16.22076, 48.1528033 ], [ 16.2209203, 48.1528014 ], [ 16.2209349, 48.1527625 ], [ 16.2210748, 48.1527586 ], [ 16.2211273, 48.15278 ], [ 16.2212672, 48.1527644 ], [ 16.2213488, 48.1527041 ], [ 16.2213342, 48.1526672 ], [ 16.2214275, 48.1526244 ], [ 16.2214304, 48.1525855 ], [ 16.221617, 48.1525505 ], [ 16.2217132, 48.1525875 ], [ 16.2218239, 48.1525933 ], [ 16.2219638, 48.1524961 ], [ 16.2221183, 48.1523541 ], [ 16.222232, 48.1523191 ], [ 16.222267, 48.1523463 ], [ 16.2223952, 48.1523113 ], [ 16.222439, 48.152358 ], [ 16.222541, 48.1523444 ], [ 16.2226226, 48.1523658 ], [ 16.2227042, 48.1523288 ], [ 16.2227392, 48.1522763 ], [ 16.2228675, 48.1522783 ], [ 16.2229403, 48.1521577 ], [ 16.2229957, 48.1521149 ], [ 16.2233542, 48.1520332 ], [ 16.2234475, 48.1521305 ], [ 16.2235466, 48.1521616 ], [ 16.2234912, 48.152321 ], [ 16.2235175, 48.1525388 ], [ 16.2234067, 48.1526302 ], [ 16.2232085, 48.1527119 ], [ 16.2232057, 48.153185 ] ] ] } }
]
}
