{
"type": "FeatureCollection",
"name": "parks",
"crs": { "type": "name", "properties": { "name": "urn:ogc:def:crs:OGC:1.3:CRS84" } },
"features": [
{ "type": "Feature", "properties": { "osm_id": 5848376, "name": "Bruno-Kreisky-Park", "area_m2": 10651.3 }, "geometry": { "type": "Point", "coordinates": [ 16.343829144130392, 48.187999854110849 ] } },
{ "type": "Feature", "properties": { "osm_id": 5848378, "name": "Alois-Drasche-Park", "area_m2": 16357.5 }, "geometry": { "type": "Point", "coordinates": [ 16.367853721237942, 48.186386402985164 ] } },
{ "type": "Feature", "properties": { "osm_id": 6419415, "name": "Waldmüllerpark", "area_m2": 38451.8 }, "geometry": { "type": "Point", "coordinates": [ 16.365608398970064, 48.180675726920356 ] } },
{ "type": "Feature", "properties": { "osm_id": 8044066, "name": "Augarten", "area_m2": 461825.6 }, "geometry": { "type": "Point", "coordinates": [ 16.377158425547922, 48.225353847090112 ] } },
{ "type": "Feature", "properties": { "osm_id": 8061155, "name": "Klara-Weingarten-Park", "area_m2": 1208.0 }, "geometry": { "type": "Point", "coordinates": [ 16.29409024583817, 48.198752908731308 ] } },
{ "type": "Feature", "properties": { "osm_id": 8063758, "name": "Sigmund-Freud-Park", "area_m2": 13942.3 }, "geometry": { "type": "Point", "coordinates": [ 16.360476062505569, 48.214732156021718 ] } },
{ "type": "Feature", "properties": { "osm_id": 8063768, "name": "Volksgarten", "area_m2": 50860.5 }, "geometry": { "type": "Point", "coordinates": [ 16.361556178535032, 48.208057664991728 ] } },
{ "type": "Feature", "properties": { "osm_id": 8063831, "name": "Burggarten", "area_m2": 29422.8 }, "geometry": { "type": "Point", "coordinates": [ 16.365826871057767, 48.204308288698698 ] } },
{ "type": "Feature", "properties": { "osm_id": 8083418, "name": "Grete-Rehor-Park", "area_m2": 6975.7 }, "geometry": { "type": "Point", "coordinates": [ 16.358405263254419, 48.206962483375236 ] } },
{ "type": "Feature", "properties": { "osm_id": 8092215, "name": "Schweizergarten", "area_m2": 139023.8 }, "geometry": { "type": "Point", "coordinates": [ 16.385287796047738, 48.186666422592523 ] } },
{ "type": "Feature", "properties": { "osm_id": 8092399, "name": "Allerheiligenpark", "area_m2": 21435.5 }, "geometry": { "type": "Point", "coordinates": [ 16.384978914199404, 48.238295131278619 ] } },
{ "type": "Feature", "properties": { "osm_id": 8095126, "name": "Josef-Strauß-Park", "area_m2": 7941.3 }, "geometry": { "type": "Point", "coordinates": [ 16.340556053057284, 48.207620596847526 ] } },
{ "type": "Feature", "properties": { "osm_id": 8102098, "name": "Ostarrichi-Park", "area_m2": 10963.0 }, "geometry": { "type": "Point", "coordinates": [ 16.354460154074175, 48.215474799942655 ] } },
{ "type": "Feature", "properties": { "osm_id": 8104136, "name": "Lore-Segal-Park", "area_m2": 5954.7 }, "geometry": { "type": "Point", "coordinates": [ 16.345429988241118, 48.211071112365495 ] } },
{ "type": "Feature", "properties": { "osm_id": 8106026, "name": "Währinger Park", "area_m2": 67031.1 }, "geometry": { "type": "Point", "coordinates": [ 16.348630646354675, 48.232240639288527 ] } },
{ "type": "Feature", "properties": { "osm_id": 8876752, "name": "Alfred-Grünwald-Park", "area_m2": 8843.6 }, "geometry": { "type": "Point", "coordinates": [ 16.361384219368471, 48.198526575165353 ] } },
{ "type": "Feature", "properties": { "osm_id": 8900038, "name": "Börsepark", "area_m2": 4173.3 }, "geometry": { "type": "Point", "coordinates": [ 16.367446579954127, 48.214446378572703 ] } },
{ "type": "Feature", "properties": { "osm_id": 10120373, "name": null, "area_m2": 9723.1 }, "geometry": { "type": "Point", "coordinates": [ 16.405419001051367, 48.276637426174105 ] } },
{ "type": "Feature", "properties": { "osm_id": 10361168, "name": "Forsthauspark", "area_m2": 9791.7 }, "geometry": { "type": "Point", "coordinates": [ 16.37450536662033, 48.244166961688094 ] } },
{ "type": "Feature", "properties": { "osm_id": 10605947, "name": "Hof 1", "area_m2": 32223.6 }, "geometry": { "type": "Point", "coordinates": [ 16.352523368773262, 48.215890261472119 ] } },
{ "type": "Feature", "properties": { "osm_id": 12261287, "name": "Lichtentalerpark", "area_m2": 4685.2 }, "geometry": { "type": "Point", "coordinates": [ 16.358275268249589, 48.226734019160631 ] } },
{ "type": "Feature", "properties": { "osm_id": 12262516, "name": "Joe-Zawinul-Park", "area_m2": 1573.1 }, "geometry": { "type": "Point", "coordinates": [ 16.399099578816493, 48.194286550422433 ] } },
{ "type": "Feature", "properties": { "osm_id": 12617333, "name": "Arenbergpark", "area_m2": 32678.6 }, "geometry": { "type": "Point", "coordinates": [ 16.391555292774989, 48.198432406720116 ] } },
{ "type": "Feature", "properties": { "osm_id": 12619013, "name": "Haubenstock-Ramati-Park", "area_m2": 2152.2 }, "geometry": { "type": "Point", "coordinates": [ 16.3897031984942, 48.199612246626124 ] } },
{ "type": "Feature", "properties": { "osm_id": 12619053, "name": null, "area_m2": 1979.0 }, "geometry": { "type": "Point", "coordinates": [ 16.391669405207328, 48.199727028682013 ] } },
{ "type": "Feature", "properties": { "osm_id": 12623340, "name": "Kardinal-Nagl-Park", "area_m2": 7474.9 }, "geometry": { "type": "Point", "coordinates": [ 16.401451522852987, 48.197305201867302 ] } },
{ "type": "Feature", "properties": { "osm_id": 12637182, "name": "Leon-Zelman-Park", "area_m2": 10537.5 }, "geometry": { "type": "Point", "coordinates": [ 16.392467904726054, 48.191301661355162 ] } },
{ "type": "Feature", "properties": { "osm_id": 12649365, "name": "Pauluspark", "area_m2": 5720.7 }, "geometry": { "type": "Point", "coordinates": [ 16.401396451269392, 48.192905589398684 ] } },
{ "type": "Feature", "properties": { "osm_id": 12986957, "name": "Modenapark", "area_m2": 7750.5 }, "geometry": { "type": "Point", "coordinates": [ 16.382448118221706, 48.199847554370088 ] } },
{ "type": "Feature", "properties": { "osm_id": 12988858, "name": "Schwarzenberggarten", "area_m2": 62461.2 }, "geometry": { "type": "Point", "coordinates": [ 16.378172473543547, 48.194769356461748 ] } },
{ "type": "Feature", "properties": { "osm_id": 13451850, "name": "Wielandpark", "area_m2": 4422.5 }, "geometry": { "type": "Point", "coordinates": [ 16.379614592332633, 48.176531507861668 ] } },
{ "type": "Feature", "properties": { "osm_id": 13451988, "name": null, "area_m2": 7569.3 }, "geometry": { "type": "Point", "coordinates": [ 16.375686955856949, 48.178625098831475 ] } },
{ "type": "Feature", "properties": { "osm_id": 13452025, "name": "Humboldtpark", "area_m2": 2954.5 }, "geometry": { "type": "Point", "coordinates": [ 16.378268691412099, 48.179297878165904 ] } },
{ "type": "Feature", "properties": { "osm_id": 13453090, "name": "Arthaberpark", "area_m2": 12555.8 }, "geometry": { "type": "Point", "coordinates": [ 16.371288202559334, 48.173077306687048 ] } },
{ "type": "Feature", "properties": { "osm_id": 13709389, "name": "Kongresspark", "area_m2": 54412.0 }, "geometry": { "type": "Point", "coordinates": [ 16.308835726819058, 48.221875704469781 ] } },
{ "type": "Feature", "properties": { "osm_id": 14307139, "name": "Einsiedlerpark", "area_m2": 7428.8 }, "geometry": { "type": "Point", "coordinates": [ 16.350049077362119, 48.185882094730417 ] } },
{ "type": "Feature", "properties": { "osm_id": 14307614, "name": "Ernst-Lichtblau-Park", "area_m2": 2395.7 }, "geometry": { "type": "Point", "coordinates": [ 16.350810528670596, 48.182863992239973 ] } },
{ "type": "Feature", "properties": { "osm_id": 20422005, "name": "Linnépark", "area_m2": 5807.6 }, "geometry": { "type": "Point", "coordinates": [ 16.338292489695935, 48.236570929747799 ] } },
{ "type": "Feature", "properties": { "osm_id": 22937487, "name": null, "area_m2": 1461.7 }, "geometry": { "type": "Point", "coordinates": [ 16.456781246508001, 48.190161484756771 ] } },
{ "type": "Feature", "properties": { "osm_id": 22982071, "name": "Esterházypark", "area_m2": 12103.2 }, "geometry": { "type": "Point", "coordinates": [ 16.352576107392792, 48.197572546343117 ] } },
{ "type": "Feature", "properties": { "osm_id": 22994103, "name": "Hugo-Wolf-Park", "area_m2": 59000.0 }, "geometry": { "type": "Point", "coordinates": [ 16.333055013077022, 48.239690902871175 ] } },
{ "type": "Feature", "properties": { "osm_id": 23151700, "name": "Krim-Park", "area_m2": 3611.0 }, "geometry": { "type": "Point", "coordinates": [ 16.337271211181307, 48.243027132731875 ] } },
{ "type": "Feature", "properties": { "osm_id": 23312404, "name": "Rosa-Jochmann-Park", "area_m2": 1901.2 }, "geometry": { "type": "Point", "coordinates": [ 16.386031107496606, 48.21713125588272 ] } },
{ "type": "Feature", "properties": { "osm_id": 23329520, "name": "Maria-Schuller-Park", "area_m2": 6599.8 }, "geometry": { "type": "Point", "coordinates": [ 16.398253242043673, 48.264374101269112 ] } },
{ "type": "Feature", "properties": { "osm_id": 23558724, "name": "Parkanlage Haebergasse", "area_m2": 1410.9 }, "geometry": { "type": "Point", "coordinates": [ 16.338482963948504, 48.184991496627404 ] } },
{ "type": "Feature", "properties": { "osm_id": 23698026, "name": "Ingeborg-Bachmann-Park", "area_m2": 10818.1 }, "geometry": { "type": "Point", "coordinates": [ 16.443581861476272, 48.258440328202902 ] } },
{ "type": "Feature", "properties": { "osm_id": 24019052, "name": "Schubertpark", "area_m2": 13405.3 }, "geometry": { "type": "Point", "coordinates": [ 16.339131662673346, 48.226409392821502 ] } },
{ "type": "Feature", "properties": { "osm_id": 24019128, "name": "Diepoldpark", "area_m2": 3743.7 }, "geometry": { "type": "Point", "coordinates": [ 16.330308439426386, 48.223142806002592 ] } },
{ "type": "Feature", "properties": { "osm_id": 24019554, "name": "Vilma-Degischer-Park", "area_m2": 1225.9 }, "geometry": { "type": "Point", "coordinates": [ 16.345987576521551, 48.223692241595884 ] } },
{ "type": "Feature", "properties": { "osm_id": 24341840, "name": null, "area_m2": 3294.8 }, "geometry": { "type": "Point", "coordinates": [ 16.372941832037991, 48.2154232650268 ] } },
{ "type": "Feature", "properties": { "osm_id": 24366076, "name": null, "area_m2": 364.6 }, "geometry": { "type": "Point", "coordinates": [ 16.416762130784171, 48.301248158271164 ] } },
{ "type": "Feature", "properties": { "osm_id": 24410666, "name": "Streckerpark", "area_m2": 5489.7 }, "geometry": { "type": "Point", "coordinates": [ 16.271574244047404, 48.190236930528521 ] } },
{ "type": "Feature", "properties": { "osm_id": 24488756, "name": "Helene-Deutsch-Park", "area_m2": 3428.1 }, "geometry": { "type": "Point", "coordinates": [ 16.352552056073268, 48.22952957962007 ] } },
{ "type": "Feature", "properties": { "osm_id": 24629435, "name": "Wilhelmsdorfer Park", "area_m2": 14779.7 }, "geometry": { "type": "Point", "coordinates": [ 16.338855633692063, 48.178262273638758 ] } },
{ "type": "Feature", "properties": { "osm_id": 24812295, "name": "Hirschstettner Aupark", "area_m2": 27351.0 }, "geometry": { "type": "Point", "coordinates": [ 16.461161959788445, 48.233657937912938 ] } },
{ "type": "Feature", "properties": { "osm_id": 24867728, "name": "Märzpark", "area_m2": 15439.2 }, "geometry": { "type": "Point", "coordinates": [ 16.335004445047883, 48.201963779776591 ] } },
{ "type": "Feature", "properties": { "osm_id": 24867729, "name": "Reithofferpark", "area_m2": 10431.4 }, "geometry": { "type": "Point", "coordinates": [ 16.331044633773793, 48.198317935089392 ] } },
{ "type": "Feature", "properties": { "osm_id": 24869500, "name": "Friedensreich-Hundertwasser-Platz", "area_m2": 577.2 }, "geometry": { "type": "Point", "coordinates": [ 16.326446516810986, 48.202413919964982 ] } },
{ "type": "Feature", "properties": { "osm_id": 24897387, "name": null, "area_m2": 327.6 }, "geometry": { "type": "Point", "coordinates": [ 16.318368354065591, 48.175374607395632 ] } },
{ "type": "Feature", "properties": { "osm_id": 25038090, "name": "Anton-Krutisch-Park", "area_m2": 2566.7 }, "geometry": { "type": "Point", "coordinates": [ 16.331283118852141, 48.182260784560363 ] } },
{ "type": "Feature", "properties": { "osm_id": 25044598, "name": "Sternwartepark", "area_m2": 58500.7 }, "geometry": { "type": "Point", "coordinates": [ 16.334082265169688, 48.231746447613439 ] } },
{ "type": "Feature", "properties": { "osm_id": 25188885, "name": "Hermann-Leopoldi-Park", "area_m2": 6116.9 }, "geometry": { "type": "Point", "coordinates": [ 16.333324576012583, 48.181604485310324 ] } },
{ "type": "Feature", "properties": { "osm_id": 25371146, "name": "Schillerpark", "area_m2": 6803.0 }, "geometry": { "type": "Point", "coordinates": [ 16.365495734654179, 48.202106538273824 ] } },
{ "type": "Feature", "properties": { "osm_id": 25505226, "name": "Heinz-Conrads-Park", "area_m2": 5768.5 }, "geometry": { "type": "Point", "coordinates": [ 16.315246459208797, 48.191212309823456 ] } },
{ "type": "Feature", "properties": { "osm_id": 25505279, "name": "Reinlpark", "area_m2": 3123.4 }, "geometry": { "type": "Point", "coordinates": [ 16.311299828388591, 48.196074809877317 ] } },
{ "type": "Feature", "properties": { "osm_id": 25526810, "name": "Rudolfspark", "area_m2": 4084.7 }, "geometry": { "type": "Point", "coordinates": [ 16.371700996051462, 48.214149720917106 ] } },
{ "type": "Feature", "properties": { "osm_id": 25556006, "name": "Hof 5", "area_m2": 2080.2 }, "geometry": { "type": "Point", "coordinates": [ 16.35195489693556, 48.217873971049478 ] } },
{ "type": "Feature", "properties": { "osm_id": 25556007, "name": "Hof 3", "area_m2": 3979.4 }, "geometry": { "type": "Point", "coordinates": [ 16.352921055534562, 48.217804724024873 ] } },
{ "type": "Feature", "properties": { "osm_id": 25577297, "name": "Josef-Kainz-Park", "area_m2": 4792.2 }, "geometry": { "type": "Point", "coordinates": [ 16.334170720923616, 48.233298650541393 ] } },
{ "type": "Feature", "properties": { "osm_id": 25666544, "name": "Frederic-Morton-Park", "area_m2": 3613.6 }, "geometry": { "type": "Point", "coordinates": [ 16.334635955358255, 48.219056097587419 ] } },
{ "type": "Feature", "properties": { "osm_id": 25739037, "name": "Erzherzog-Johann-Platz", "area_m2": 476.7 }, "geometry": { "type": "Point", "coordinates": [ 16.368693199987238, 48.196126067209782 ] } },
{ "type": "Feature", "properties": { "osm_id": 25761983, "name": "Ölzeltpark", "area_m2": 10310.1 }, "geometry": { "type": "Point", "coordinates": [ 16.267406809802083, 48.149446654627852 ] } },
{ "type": "Feature", "properties": { "osm_id": 25953249, "name": "Pötzleinsdorfer Schlosspark", "area_m2": 350061.5 }, "geometry": { "type": "Point", "coordinates": [ 16.302354359924944, 48.24136021984895 ] } },
{ "type": "Feature", "properties": { "osm_id": 26105037, "name": "Rudolf-Sallinger-Park", "area_m2": 4875.4 }, "geometry": { "type": "Point", "coordinates": [ 16.362964411934097, 48.187835290340374 ] } },
{ "type": "Feature", "properties": { "osm_id": 26168963, "name": null, "area_m2": 2507.4 }, "geometry": { "type": "Point", "coordinates": [ 16.302690402509207, 48.221060620633843 ] } },
{ "type": "Feature", "properties": { "osm_id": 26228298, "name": "Napoleonwald", "area_m2": 31656.6 }, "geometry": { "type": "Point", "coordinates": [ 16.268497913362424, 48.160883440456516 ] } },
{ "type": "Feature", "properties": { "osm_id": 26229144, "name": "Joachimsthalerplatz", "area_m2": 1802.8 }, "geometry": { "type": "Point", "coordinates": [ 16.304421050352623, 48.208786845086507 ] } },
{ "type": "Feature", "properties": { "osm_id": 26242737, "name": "Arik-Brauer-Park", "area_m2": 6296.6 }, "geometry": { "type": "Point", "coordinates": [ 16.334126696034016, 48.205961110581107 ] } },
{ "type": "Feature", "properties": { "osm_id": 26252784, "name": "Franz-Sauer-Park", "area_m2": 1984.5 }, "geometry": { "type": "Point", "coordinates": [ 16.244791588250337, 48.207621854366117 ] } },
{ "type": "Feature", "properties": { "osm_id": 26252799, "name": "Raimund-Pokorny-Park", "area_m2": 1457.6 }, "geometry": { "type": "Point", "coordinates": [ 16.243309043360764, 48.20798331000374 ] } },
{ "type": "Feature", "properties": { "osm_id": 26254257, "name": "Viktor Kutschera Platz", "area_m2": 2998.7 }, "geometry": { "type": "Point", "coordinates": [ 16.239520577325695, 48.213162306690798 ] } },
{ "type": "Feature", "properties": { "osm_id": 26255410, "name": "Erholungsgebiet Steinhof", "area_m2": 444957.8 }, "geometry": { "type": "Point", "coordinates": [ 16.276301292695369, 48.211903174948077 ] } },
{ "type": "Feature", "properties": { "osm_id": 26256724, "name": "Ferdinand-Wolf-Park", "area_m2": 31174.0 }, "geometry": { "type": "Point", "coordinates": [ 16.250428402399962, 48.202037581566515 ] } },
{ "type": "Feature", "properties": { "osm_id": 26269379, "name": "Norbert-Liebermann-Park", "area_m2": 2681.3 }, "geometry": { "type": "Point", "coordinates": [ 16.335725073897283, 48.228414120060627 ] } },
{ "type": "Feature", "properties": { "osm_id": 26284120, "name": "Ebner-Eschenbach-Park", "area_m2": 4837.1 }, "geometry": { "type": "Point", "coordinates": [ 16.33507804899682, 48.226746576238568 ] } },
{ "type": "Feature", "properties": { "osm_id": 26301324, "name": "Baumgartner-Casino-Park", "area_m2": 20536.7 }, "geometry": { "type": "Point", "coordinates": [ 16.275255414159712, 48.196759396188725 ] } },
{ "type": "Feature", "properties": { "osm_id": 26322008, "name": "Dechant-Kinzl-Park", "area_m2": 2253.5 }, "geometry": { "type": "Point", "coordinates": [ 16.266092169766473, 48.188300890933576 ] } },
{ "type": "Feature", "properties": { "osm_id": 26322859, "name": "Franz-Schmidt-Park", "area_m2": 3257.1 }, "geometry": { "type": "Point", "coordinates": [ 16.261142552498864, 48.182463373448982 ] } },
{ "type": "Feature", "properties": { "osm_id": 26345856, "name": "Friedrich-Julius-Bieber-Anlage", "area_m2": 4030.9 }, "geometry": { "type": "Point", "coordinates": [ 16.276393333169477, 48.173357993974086 ] } },
{ "type": "Feature", "properties": { "osm_id": 26345860, "name": null, "area_m2": 3089.9 }, "geometry": { "type": "Point", "coordinates": [ 16.275905520312548, 48.173885960460403 ] } },
{ "type": "Feature", "properties": { "osm_id": 26393051, "name": "Clemens-Hofbauer-Park", "area_m2": 4990.8 }, "geometry": { "type": "Point", "coordinates": [ 16.322076848336835, 48.218610111037108 ] } },
{ "type": "Feature", "properties": { "osm_id": 26405708, "name": null, "area_m2": 253.2 }, "geometry": { "type": "Point", "coordinates": [ 16.283632771594405, 48.149692632291661 ] } },
{ "type": "Feature", "properties": { "osm_id": 26405994, "name": "Fridtjof-Nansen-Park", "area_m2": 57143.8 }, "geometry": { "type": "Point", "coordinates": [ 16.282416509237631, 48.144386911394243 ] } },
{ "type": "Feature", "properties": { "osm_id": 26410340, "name": "Mortarapark", "area_m2": 11688.8 }, "geometry": { "type": "Point", "coordinates": [ 16.386526504672553, 48.23423687014165 ] } },
{ "type": "Feature", "properties": { "osm_id": 26457587, "name": "Hans-Bock-Park", "area_m2": 7686.3 }, "geometry": { "type": "Point", "coordinates": [ 16.301869902484516, 48.23555506376352 ] } },
{ "type": "Feature", "properties": { "osm_id": 26458524, "name": "Fuchupark", "area_m2": 4782.4 }, "geometry": { "type": "Point", "coordinates": [ 16.315070799334865, 48.232113853200843 ] } },
{ "type": "Feature", "properties": { "osm_id": 26458635, "name": "Leopold-Rosenmayr-Park", "area_m2": 3084.5 }, "geometry": { "type": "Point", "coordinates": [ 16.318086426003084, 48.231459451430958 ] } },
{ "type": "Feature", "properties": { "osm_id": 26500845, "name": "Hans-Moser-Park", "area_m2": 1048.0 }, "geometry": { "type": "Point", "coordinates": [ 16.301727945970622, 48.18790255457121 ] } },
{ "type": "Feature", "properties": { "osm_id": 26501774, "name": "Katharina-Schratt-Park", "area_m2": 1696.7 }, "geometry": { "type": "Point", "coordinates": [ 16.296388651575349, 48.181382194486574 ] } },
{ "type": "Feature", "properties": { "osm_id": 26503993, "name": "Karl-Voitl-Park", "area_m2": 935.9 }, "geometry": { "type": "Point", "coordinates": [ 16.30599503423991, 48.168953169417122 ] } },
{ "type": "Feature", "properties": { "osm_id": 26504078, "name": "Hetzendorfer Schlosspark", "area_m2": 54353.0 }, "geometry": { "type": "Point", "coordinates": [ 16.307718812207892, 48.16493886568518 ] } },
{ "type": "Feature", "properties": { "osm_id": 26505786, "name": "Andreas-Rett-Park", "area_m2": 4921.6 }, "geometry": { "type": "Point", "coordinates": [ 16.281113368533926, 48.165676313748357 ] } },
{ "type": "Feature", "properties": { "osm_id": 26506141, "name": "Margarete-Ottillinger-Park", "area_m2": 12363.8 }, "geometry": { "type": "Point", "coordinates": [ 16.280034239454981, 48.139256443502113 ] } },
{ "type": "Feature", "properties": { "osm_id": 26506291, "name": "Parkanlage Theophil-Hansen-Gasse", "area_m2": 7296.0 }, "geometry": { "type": "Point", "coordinates": [ 16.278075620065611, 48.139674186586483 ] } },
{ "type": "Feature", "properties": { "osm_id": 26506460, "name": "Parkanlage Robinsonweg", "area_m2": 7310.5 }, "geometry": { "type": "Point", "coordinates": [ 16.283446176227411, 48.141209542332099 ] } },
{ "type": "Feature", "properties": { "osm_id": 26506602, "name": null, "area_m2": 10165.7 }, "geometry": { "type": "Point", "coordinates": [ 16.277648793726474, 48.147722930402622 ] } },
{ "type": "Feature", "properties": { "osm_id": 26514937, "name": "Maurer Rathauspark", "area_m2": 13630.2 }, "geometry": { "type": "Point", "coordinates": [ 16.270017358695263, 48.151585694602922 ] } },
{ "type": "Feature", "properties": { "osm_id": 26516005, "name": null, "area_m2": 1114.7 }, "geometry": { "type": "Point", "coordinates": [ 16.296487322563983, 48.142221230293949 ] } },
{ "type": "Feature", "properties": { "osm_id": 26516198, "name": "Dr.-Rudolf-Hatschek-Park", "area_m2": 1548.0 }, "geometry": { "type": "Point", "coordinates": [ 16.296477734606547, 48.143710095802646 ] } },
{ "type": "Feature", "properties": { "osm_id": 26516221, "name": null, "area_m2": 5408.7 }, "geometry": { "type": "Point", "coordinates": [ 16.297172679735521, 48.144390050883899 ] } },
{ "type": "Feature", "properties": { "osm_id": 26516533, "name": "Mayer-von-Rosenau-Park", "area_m2": 978.2 }, "geometry": { "type": "Point", "coordinates": [ 16.289797382703487, 48.148081017438685 ] } },
{ "type": "Feature", "properties": { "osm_id": 26517778, "name": null, "area_m2": 15073.7 }, "geometry": { "type": "Point", "coordinates": [ 16.282074627493422, 48.178076496331961 ] } },
{ "type": "Feature", "properties": { "osm_id": 26548767, "name": null, "area_m2": 18625.5 }, "geometry": { "type": "Point", "coordinates": [ 16.268080917162408, 48.186117799394836 ] } },
{ "type": "Feature", "properties": { "osm_id": 26572216, "name": "Martin-Luther-King-Park", "area_m2": 15662.5 }, "geometry": { "type": "Point", "coordinates": [ 16.35391864378666, 48.175426993212994 ] } },
{ "type": "Feature", "properties": { "osm_id": 26580978, "name": "Wanda-Lanzer-Park", "area_m2": 1056.0 }, "geometry": { "type": "Point", "coordinates": [ 16.363290927328464, 48.189713852444754 ] } },
{ "type": "Feature", "properties": { "osm_id": 26581407, "name": "Karl-Kantner-Park", "area_m2": 5007.3 }, "geometry": { "type": "Point", "coordinates": [ 16.304646369599155, 48.2141227674947 ] } },
{ "type": "Feature", "properties": { "osm_id": 26592402, "name": "Hof 8", "area_m2": 3304.2 }, "geometry": { "type": "Point", "coordinates": [ 16.354815312437019, 48.217086187525382 ] } },
{ "type": "Feature", "properties": { "osm_id": 26592404, "name": "Hof 9", "area_m2": 3043.8 }, "geometry": { "type": "Point", "coordinates": [ 16.35572982389597, 48.217184085552283 ] } },
{ "type": "Feature", "properties": { "osm_id": 26609864, "name": null, "area_m2": 103.0 }, "geometry": { "type": "Point", "coordinates": [ 16.343669935300319, 48.214484746145111 ] } },
{ "type": "Feature", "properties": { "osm_id": 26609865, "name": null, "area_m2": 90.8 }, "geometry": { "type": "Point", "coordinates": [ 16.343993744861869, 48.214501739668229 ] } },
{ "type": "Feature", "properties": { "osm_id": 26609866, "name": null, "area_m2": 58.0 }, "geometry": { "type": "Point", "coordinates": [ 16.34402305164739, 48.214076455760278 ] } },
{ "type": "Feature", "properties": { "osm_id": 26609867, "name": "Albertgarten", "area_m2": 78.7 }, "geometry": { "type": "Point", "coordinates": [ 16.343697804450294, 48.214045117895331 ] } },
{ "type": "Feature", "properties": { "osm_id": 26609868, "name": null, "area_m2": 881.7 }, "geometry": { "type": "Point", "coordinates": [ 16.342219946403944, 48.212234149690921 ] } },
{ "type": "Feature", "properties": { "osm_id": 26609869, "name": null, "area_m2": 904.4 }, "geometry": { "type": "Point", "coordinates": [ 16.342524160364995, 48.21221939197288 ] } },
{ "type": "Feature", "properties": { "osm_id": 26609870, "name": null, "area_m2": 954.9 }, "geometry": { "type": "Point", "coordinates": [ 16.342174252688181, 48.21186719902574 ] } },
{ "type": "Feature", "properties": { "osm_id": 26609871, "name": null, "area_m2": 1003.5 }, "geometry": { "type": "Point", "coordinates": [ 16.342484958918401, 48.211854242551141 ] } },
{ "type": "Feature", "properties": { "osm_id": 26610603, "name": "Fortunapark", "area_m2": 10878.2 }, "geometry": { "type": "Point", "coordinates": [ 16.35871445998292, 48.172414231111524 ] } },
{ "type": "Feature", "properties": { "osm_id": 26616895, "name": "Fritz-Imhoff-Park", "area_m2": 4312.1 }, "geometry": { "type": "Point", "coordinates": [ 16.33934863271509, 48.189534260777997 ] } },
{ "type": "Feature", "properties": { "osm_id": 26617475, "name": "Huberpark", "area_m2": 4506.8 }, "geometry": { "type": "Point", "coordinates": [ 16.332746337310354, 48.213389324724524 ] } },
{ "type": "Feature", "properties": { "osm_id": 26640483, "name": "Donaupark", "area_m2": 627288.4 }, "geometry": { "type": "Point", "coordinates": [ 16.412061754004373, 48.239332872171865 ] } },
{ "type": "Feature", "properties": { "osm_id": 26641703, "name": "Freiligrathpark", "area_m2": 13711.0 }, "geometry": { "type": "Point", "coordinates": [ 16.411304467919997, 48.251760501350624 ] } },
{ "type": "Feature", "properties": { "osm_id": 26641812, "name": null, "area_m2": 23122.0 }, "geometry": { "type": "Point", "coordinates": [ 16.421919411435663, 48.245650117400452 ] } },
{ "type": "Feature", "properties": { "osm_id": 26644016, "name": "Floridsdorfer Aupark", "area_m2": 54789.3 }, "geometry": { "type": "Point", "coordinates": [ 16.388940294686645, 48.256399742497941 ] } },
{ "type": "Feature", "properties": { "osm_id": 26644772, "name": "Votivpark", "area_m2": 22908.1 }, "geometry": { "type": "Point", "coordinates": [ 16.359078682196596, 48.215410734612377 ] } },
{ "type": "Feature", "properties": { "osm_id": 26728849, "name": "Felix-Steinwandtner-Park", "area_m2": 497.6 }, "geometry": { "type": "Point", "coordinates": [ 16.30177977206186, 48.185859403554794 ] } },
{ "type": "Feature", "properties": { "osm_id": 26729330, "name": "Tora-San-Park", "area_m2": 5700.2 }, "geometry": { "type": "Point", "coordinates": [ 16.399470903801468, 48.251730382643736 ] } },
{ "type": "Feature", "properties": { "osm_id": 26729406, "name": "Maxingpark", "area_m2": 26303.9 }, "geometry": { "type": "Point", "coordinates": [ 16.300584696329864, 48.177930816650786 ] } },
{ "type": "Feature", "properties": { "osm_id": 26730507, "name": "Parkanlage Rudolfshügelgasse", "area_m2": 3313.2 }, "geometry": { "type": "Point", "coordinates": [ 16.365618511120108, 48.165993274501133 ] } },
{ "type": "Feature", "properties": { "osm_id": 26730660, "name": "Barankapark-Hellerwiese", "area_m2": 4919.5 }, "geometry": { "type": "Point", "coordinates": [ 16.360911982793855, 48.174598495171296 ] } },
{ "type": "Feature", "properties": { "osm_id": 26731016, "name": null, "area_m2": 2676.6 }, "geometry": { "type": "Point", "coordinates": [ 16.368542109552596, 48.170891900907577 ] } },
{ "type": "Feature", "properties": { "osm_id": 26731128, "name": "Erlachpark", "area_m2": 4485.0 }, "geometry": { "type": "Point", "coordinates": [ 16.368889311742631, 48.177954903421011 ] } },
{ "type": "Feature", "properties": { "osm_id": 26738730, "name": "Gabriele-Possanner-Park", "area_m2": 1162.3 }, "geometry": { "type": "Point", "coordinates": [ 16.34385778833451, 48.217059353950958 ] } },
{ "type": "Feature", "properties": { "osm_id": 26739500, "name": "Franz-Schwarz-Park", "area_m2": 3712.3 }, "geometry": { "type": "Point", "coordinates": [ 16.338923743142015, 48.18886648071674 ] } },
{ "type": "Feature", "properties": { "osm_id": 26739607, "name": "Parkanlage Mittelzone", "area_m2": 8491.2 }, "geometry": { "type": "Point", "coordinates": [ 16.34681078207505, 48.182737208539848 ] } },
{ "type": "Feature", "properties": { "osm_id": 26739641, "name": "Herweghpark", "area_m2": 4583.9 }, "geometry": { "type": "Point", "coordinates": [ 16.350670871346168, 48.180236044882768 ] } },
{ "type": "Feature", "properties": { "osm_id": 26740081, "name": "Minna-Lachs-Park", "area_m2": 2851.3 }, "geometry": { "type": "Point", "coordinates": [ 16.34224524739674, 48.193822939975135 ] } },
{ "type": "Feature", "properties": { "osm_id": 26740103, "name": "Vinzenz-von-Paul-Park", "area_m2": 906.2 }, "geometry": { "type": "Point", "coordinates": [ 16.34385703980055, 48.193767579132583 ] } },
{ "type": "Feature", "properties": { "osm_id": 26740111, "name": "Schmalzhoftempelpark", "area_m2": 4341.7 }, "geometry": { "type": "Point", "coordinates": [ 16.348481632872609, 48.194937311557844 ] } },
{ "type": "Feature", "properties": { "osm_id": 26763970, "name": "Druk-Yul-Park", "area_m2": 2214.8 }, "geometry": { "type": "Point", "coordinates": [ 16.273795040422538, 48.156297597778568 ] } },
{ "type": "Feature", "properties": { "osm_id": 26971401, "name": null, "area_m2": 592.1 }, "geometry": { "type": "Point", "coordinates": [ 16.356494202209827, 48.220361126124686 ] } },
{ "type": "Feature", "properties": { "osm_id": 26974815, "name": null, "area_m2": 14082.9 }, "geometry": { "type": "Point", "coordinates": [ 16.276981002199509, 48.168841157070268 ] } },
{ "type": "Feature", "properties": { "osm_id": 26974886, "name": "Rosenpark", "area_m2": 15739.2 }, "geometry": { "type": "Point", "coordinates": [ 16.402868867804205, 48.226029934941693 ] } },
{ "type": "Feature", "properties": { "osm_id": 26989920, "name": "Lisette-Model-Platz", "area_m2": 193.7 }, "geometry": { "type": "Point", "coordinates": [ 16.34171569640041, 48.209247870050774 ] } },
{ "type": "Feature", "properties": { "osm_id": 26989922, "name": "Tigerpark", "area_m2": 1385.8 }, "geometry": { "type": "Point", "coordinates": [ 16.345293210993908, 48.208802201014265 ] } },
{ "type": "Feature", "properties": { "osm_id": 27007409, "name": "Johann-Benda-Park", "area_m2": 65573.7 }, "geometry": { "type": "Point", "coordinates": [ 16.353596626473816, 48.153359476458974 ] } },
{ "type": "Feature", "properties": { "osm_id": 27013399, "name": null, "area_m2": 93071.1 }, "geometry": { "type": "Point", "coordinates": [ 16.309222964018264, 48.15273677340214 ] } },
{ "type": "Feature", "properties": { "osm_id": 27013442, "name": null, "area_m2": 28927.8 }, "geometry": { "type": "Point", "coordinates": [ 16.31372530048019, 48.155148499101763 ] } },
{ "type": "Feature", "properties": { "osm_id": 27043668, "name": null, "area_m2": 215.4 }, "geometry": { "type": "Point", "coordinates": [ 16.353478440824063, 48.223228641297482 ] } },
{ "type": "Feature", "properties": { "osm_id": 27061094, "name": "Musilpark", "area_m2": 3245.5 }, "geometry": { "type": "Point", "coordinates": [ 16.307531078988045, 48.215880351443488 ] } },
{ "type": "Feature", "properties": { "osm_id": 27061785, "name": null, "area_m2": 2252.5 }, "geometry": { "type": "Point", "coordinates": [ 16.29837852056011, 48.223958260201869 ] } },
{ "type": "Feature", "properties": { "osm_id": 27061791, "name": null, "area_m2": 4449.3 }, "geometry": { "type": "Point", "coordinates": [ 16.301902368420464, 48.223258801781412 ] } },
{ "type": "Feature", "properties": { "osm_id": 27063921, "name": "Ordeltpark", "area_m2": 4942.8 }, "geometry": { "type": "Point", "coordinates": [ 16.307256899159771, 48.201147919610818 ] } },
{ "type": "Feature", "properties": { "osm_id": 27075971, "name": "Miep-Gies-Park", "area_m2": 12503.7 }, "geometry": { "type": "Point", "coordinates": [ 16.326691934947423, 48.164485579314501 ] } },
{ "type": "Feature", "properties": { "osm_id": 27085290, "name": "Braunhirschenpark", "area_m2": 4791.7 }, "geometry": { "type": "Point", "coordinates": [ 16.325742464310146, 48.188559967211376 ] } },
{ "type": "Feature", "properties": { "osm_id": 27085302, "name": "Ernestine-Diwisch-Park", "area_m2": 1621.6 }, "geometry": { "type": "Point", "coordinates": [ 16.326925882599269, 48.189818931682154 ] } },
{ "type": "Feature", "properties": { "osm_id": 27187517, "name": "Hügelpark", "area_m2": 9928.6 }, "geometry": { "type": "Point", "coordinates": [ 16.287512216799172, 48.185326676289776 ] } },
{ "type": "Feature", "properties": { "osm_id": 27240189, "name": "Eduard-Gurk-Park", "area_m2": 2166.3 }, "geometry": { "type": "Point", "coordinates": [ 16.302288265766915, 48.192372368887817 ] } },
{ "type": "Feature", "properties": { "osm_id": 27469957, "name": "Alexander-Lernet-Holenia-Park", "area_m2": 937.3 }, "geometry": { "type": "Point", "coordinates": [ 16.298850032131185, 48.230185920360867 ] } },
{ "type": "Feature", "properties": { "osm_id": 27469994, "name": "Josef-Kaderka-Park", "area_m2": 5055.3 }, "geometry": { "type": "Point", "coordinates": [ 16.303597067771523, 48.229182570653037 ] } },
{ "type": "Feature", "properties": { "osm_id": 27470119, "name": "Moriz-Mayer-Park", "area_m2": 2662.9 }, "geometry": { "type": "Point", "coordinates": [ 16.312156922480117, 48.231025374069304 ] } },
{ "type": "Feature", "properties": { "osm_id": 27501442, "name": "Eva-und-Otto-Benesch-Park", "area_m2": 17364.6 }, "geometry": { "type": "Point", "coordinates": [ 16.352266833770859, 48.165659596989137 ] } },
{ "type": "Feature", "properties": { "osm_id": 27501809, "name": "Spielplatz Wasserturm", "area_m2": 17998.9 }, "geometry": { "type": "Point", "coordinates": [ 16.35150447003819, 48.169822346434806 ] } },
{ "type": "Feature", "properties": { "osm_id": 27598849, "name": "Strauß-Lanner-Park", "area_m2": 8438.3 }, "geometry": { "type": "Point", "coordinates": [ 16.344398837101345, 48.245335998985773 ] } },
{ "type": "Feature", "properties": { "osm_id": 27598899, "name": "Olympiapark", "area_m2": 14524.1 }, "geometry": { "type": "Point", "coordinates": [ 16.338468474929009, 48.244767746110703 ] } },
{ "type": "Feature", "properties": { "osm_id": 27615411, "name": "Klieberpark", "area_m2": 3271.0 }, "geometry": { "type": "Point", "coordinates": [ 16.36302354202066, 48.184688466240722 ] } },
{ "type": "Feature", "properties": { "osm_id": 27617879, "name": "Matzner-Park", "area_m2": 47346.2 }, "geometry": { "type": "Point", "coordinates": [ 16.301985304280457, 48.195588050786768 ] } },
{ "type": "Feature", "properties": { "osm_id": 27674249, "name": "Rohrauerpark", "area_m2": 9429.4 }, "geometry": { "type": "Point", "coordinates": [ 16.31490654641793, 48.206437019331666 ] } },
{ "type": "Feature", "properties": { "osm_id": 27789144, "name": "Schöpfwerkpark", "area_m2": 8936.1 }, "geometry": { "type": "Point", "coordinates": [ 16.326915195422405, 48.158993351866833 ] } },
{ "type": "Feature", "properties": { "osm_id": 27789386, "name": "Neu Steinhof", "area_m2": 97830.8 }, "geometry": { "type": "Point", "coordinates": [ 16.33227476054233, 48.153102382177707 ] } },
{ "type": "Feature", "properties": { "osm_id": 27958868, "name": "Herderpark", "area_m2": 48385.0 }, "geometry": { "type": "Point", "coordinates": [ 16.409994750368075, 48.172555452515063 ] } },
{ "type": "Feature", "properties": { "osm_id": 28094400, "name": null, "area_m2": 666.5 }, "geometry": { "type": "Point", "coordinates": [ 16.378046916114069, 48.216904092899014 ] } },
{ "type": "Feature", "properties": { "osm_id": 28151223, "name": "Resselpark", "area_m2": 34943.7 }, "geometry": { "type": "Point", "coordinates": [ 16.370829119448182, 48.19954528937388 ] } },
{ "type": "Feature", "properties": { "osm_id": 28172534, "name": null, "area_m2": 853.2 }, "geometry": { "type": "Point", "coordinates": [ 16.380017741808167, 48.178067198965415 ] } },
{ "type": "Feature", "properties": { "osm_id": 28272436, "name": "Schönbornpark", "area_m2": 9742.1 }, "geometry": { "type": "Point", "coordinates": [ 16.350673008516733, 48.212416507082658 ] } },
{ "type": "Feature", "properties": { "osm_id": 28351025, "name": "Florianipark", "area_m2": 800.6 }, "geometry": { "type": "Point", "coordinates": [ 16.355386580223911, 48.211813778958557 ] } },
{ "type": "Feature", "properties": { "osm_id": 28391004, "name": null, "area_m2": 92069.1 }, "geometry": { "type": "Point", "coordinates": [ 16.388801533374036, 48.18437849776921 ] } },
{ "type": "Feature", "properties": { "osm_id": 28481307, "name": "Hayekpark", "area_m2": 3818.5 }, "geometry": { "type": "Point", "coordinates": [ 16.342824190327828, 48.239021498925915 ] } },
{ "type": "Feature", "properties": { "osm_id": 28489355, "name": null, "area_m2": 1274.5 }, "geometry": { "type": "Point", "coordinates": [ 16.365032452335637, 48.197978409983151 ] } },
{ "type": "Feature", "properties": { "osm_id": 28766931, "name": "Hans-Paulas-Park", "area_m2": 9431.7 }, "geometry": { "type": "Point", "coordinates": [ 16.471630891248214, 48.159986283951561 ] } },
{ "type": "Feature", "properties": { "osm_id": 28798323, "name": "Siebensternpark", "area_m2": 1139.8 }, "geometry": { "type": "Point", "coordinates": [ 16.352201789555842, 48.202648389441663 ] } },
{ "type": "Feature", "properties": { "osm_id": 28918592, "name": "Dragonerhäufel", "area_m2": 28544.0 }, "geometry": { "type": "Point", "coordinates": [ 16.405809712971134, 48.247479805562278 ] } },
{ "type": "Feature", "properties": { "osm_id": 28918632, "name": "ArbeiterInnenstrand", "area_m2": 20645.6 }, "geometry": { "type": "Point", "coordinates": [ 16.415116483561942, 48.243682119761417 ] } },
{ "type": "Feature", "properties": { "osm_id": 28972562, "name": null, "area_m2": 1496.6 }, "geometry": { "type": "Point", "coordinates": [ 16.33247331942615, 48.190244664705766 ] } },
{ "type": "Feature", "properties": { "osm_id": 28974576, "name": null, "area_m2": 158952.9 }, "geometry": { "type": "Point", "coordinates": [ 16.339307055312965, 48.166107326644195 ] } },
{ "type": "Feature", "properties": { "osm_id": 28976081, "name": null, "area_m2": 6671.9 }, "geometry": { "type": "Point", "coordinates": [ 16.354091058629454, 48.20724359272328 ] } },
{ "type": "Feature", "properties": { "osm_id": 28996476, "name": "Beethovenpark", "area_m2": 24451.8 }, "geometry": { "type": "Point", "coordinates": [ 16.353682394885691, 48.2587149415643 ] } },
{ "type": "Feature", "properties": { "osm_id": 28996991, "name": null, "area_m2": 1192.1 }, "geometry": { "type": "Point", "coordinates": [ 16.337742454054325, 48.258283112643767 ] } },
{ "type": "Feature", "properties": { "osm_id": 29044606, "name": "Hans-Dunkl-Park", "area_m2": 8055.1 }, "geometry": { "type": "Point", "coordinates": [ 16.352433693437181, 48.147424508700006 ] } },
{ "type": "Feature", "properties": { "osm_id": 29060639, "name": "Max-Mell-Park", "area_m2": 1412.3 }, "geometry": { "type": "Point", "coordinates": [ 16.257347020125881, 48.194292069842362 ] } },
{ "type": "Feature", "properties": { "osm_id": 29070490, "name": "Furtwänglerpark", "area_m2": 5754.0 }, "geometry": { "type": "Point", "coordinates": [ 16.287815293145929, 48.167781902523728 ] } },
{ "type": "Feature", "properties": { "osm_id": 29073102, "name": "Zentapark", "area_m2": 1177.9 }, "geometry": { "type": "Point", "coordinates": [ 16.360152637362106, 48.186478120961858 ] } },
{ "type": "Feature", "properties": { "osm_id": 29082712, "name": "Ilija-Jovanovic-Park", "area_m2": 2212.4 }, "geometry": { "type": "Point", "coordinates": [ 16.396762531542247, 48.185789262298655 ] } },
{ "type": "Feature", "properties": { "osm_id": 29090207, "name": "Karl-Fellinger-Park", "area_m2": 21369.9 }, "geometry": { "type": "Point", "coordinates": [ 16.346237979440357, 48.241998305639996 ] } },
{ "type": "Feature", "properties": { "osm_id": 29101615, "name": "Schubertpark", "area_m2": 3884.7 }, "geometry": { "type": "Point", "coordinates": [ 16.237311160510355, 48.137453997951937 ] } },
{ "type": "Feature", "properties": { "osm_id": 29103800, "name": "Sechshauser Park", "area_m2": 3705.6 }, "geometry": { "type": "Point", "coordinates": [ 16.334843360568676, 48.18778163035261 ] } },
{ "type": "Feature", "properties": { "osm_id": 29107372, "name": "Hofferplatz", "area_m2": 3904.8 }, "geometry": { "type": "Point", "coordinates": [ 16.33330115605213, 48.208872453653328 ] } },
{ "type": "Feature", "properties": { "osm_id": 29107625, "name": "Katharinenruhe", "area_m2": 643.2 }, "geometry": { "type": "Point", "coordinates": [ 16.294185775783806, 48.215208515651497 ] } },
{ "type": "Feature", "properties": { "osm_id": 29107751, "name": "Richard-Wagner-Park", "area_m2": 4581.5 }, "geometry": { "type": "Point", "coordinates": [ 16.327446265306662, 48.209833005054975 ] } },
{ "type": "Feature", "properties": { "osm_id": 29110640, "name": "Liesinger Schlosspark", "area_m2": 25054.0 }, "geometry": { "type": "Point", "coordinates": [ 16.280116358395691, 48.133698253028463 ] } },
{ "type": "Feature", "properties": { "osm_id": 29111360, "name": "Erlaaer Schlosspark", "area_m2": 121839.6 }, "geometry": { "type": "Point", "coordinates": [ 16.306612021779884, 48.145553146878726 ] } },
{ "type": "Feature", "properties": { "osm_id": 29135014, "name": "Heisspark", "area_m2": 4709.6 }, "geometry": { "type": "Point", "coordinates": [ 16.416839606306254, 48.294944675746294 ] } },
{ "type": "Feature", "properties": { "osm_id": 29159544, "name": "Gusti-Wolf-Park", "area_m2": 3109.7 }, "geometry": { "type": "Point", "coordinates": [ 16.433492515160374, 48.254586152359053 ] } },
{ "type": "Feature", "properties": { "osm_id": 29173145, "name": "Leopoldsplateau", "area_m2": 1710.3 }, "geometry": { "type": "Point", "coordinates": [ 16.31213616292985, 48.239024889425657 ] } },
{ "type": "Feature", "properties": { "osm_id": 29200044, "name": "Parkanlage Friedhof Erlaa", "area_m2": 2542.0 }, "geometry": { "type": "Point", "coordinates": [ 16.31442081430497, 48.14175929361798 ] } },
{ "type": "Feature", "properties": { "osm_id": 29200474, "name": "Engelbert-Schliemann-Park", "area_m2": 2219.1 }, "geometry": { "type": "Point", "coordinates": [ 16.267998012223526, 48.134393925954413 ] } },
{ "type": "Feature", "properties": { "osm_id": 29252215, "name": "Hubert-Blamauer-Park", "area_m2": 7548.6 }, "geometry": { "type": "Point", "coordinates": [ 16.392463521208516, 48.140286974560034 ] } },
{ "type": "Feature", "properties": { "osm_id": 29260350, "name": "Laubeplatz", "area_m2": 5093.5 }, "geometry": { "type": "Point", "coordinates": [ 16.36841332736099, 48.174899948265796 ] } },
{ "type": "Feature", "properties": { "osm_id": 29261002, "name": "Puchsbaumpark", "area_m2": 5647.2 }, "geometry": { "type": "Point", "coordinates": [ 16.3861518841764, 48.172411618039519 ] } },
{ "type": "Feature", "properties": { "osm_id": 29275741, "name": "Alfred-Böhm-Park", "area_m2": 38584.7 }, "geometry": { "type": "Point", "coordinates": [ 16.384747847275513, 48.167101556495375 ] } },
{ "type": "Feature", "properties": { "osm_id": 29275806, "name": "Suchenwirtplatz", "area_m2": 2429.4 }, "geometry": { "type": "Point", "coordinates": [ 16.373492707522058, 48.170026385810729 ] } },
{ "type": "Feature", "properties": { "osm_id": 29279028, "name": null, "area_m2": 15488.1 }, "geometry": { "type": "Point", "coordinates": [ 16.467772805052562, 48.237110196026244 ] } },
{ "type": "Feature", "properties": { "osm_id": 29283792, "name": "Jakob-Rosenfeld-Park", "area_m2": 1795.2 }, "geometry": { "type": "Point", "coordinates": [ 16.441661110571815, 48.24531973011814 ] } },
{ "type": "Feature", "properties": { "osm_id": 29284757, "name": "Otto-Affenzeller-Park", "area_m2": 12606.2 }, "geometry": { "type": "Point", "coordinates": [ 16.44968676230771, 48.232212577377226 ] } },
{ "type": "Feature", "properties": { "osm_id": 29300648, "name": "Lagerwiese Rehlacke", "area_m2": 5496.2 }, "geometry": { "type": "Point", "coordinates": [ 16.435351330496569, 48.230666281386959 ] } },
{ "type": "Feature", "properties": { "osm_id": 29335277, "name": "Trygve-Lie-Park", "area_m2": 3895.1 }, "geometry": { "type": "Point", "coordinates": [ 16.475728607132698, 48.214306037758732 ] } },
{ "type": "Feature", "properties": { "osm_id": 29339790, "name": "Ernst-Paul-Zimper-Park", "area_m2": 22104.2 }, "geometry": { "type": "Point", "coordinates": [ 16.450883968448178, 48.251923903927583 ] } },
{ "type": "Feature", "properties": { "osm_id": 29398408, "name": "Joseph-Samuel-Bloch-Park", "area_m2": 2511.9 }, "geometry": { "type": "Point", "coordinates": [ 16.407353173238757, 48.255292376019895 ] } },
{ "type": "Feature", "properties": { "osm_id": 29457691, "name": "Lotte-Lenya-Park", "area_m2": 900.2 }, "geometry": { "type": "Point", "coordinates": [ 16.301223002072021, 48.198099679795305 ] } },
{ "type": "Feature", "properties": { "osm_id": 29458764, "name": "Erich Auer-Park", "area_m2": 1499.6 }, "geometry": { "type": "Point", "coordinates": [ 16.297782095251851, 48.194305050551307 ] } },
{ "type": "Feature", "properties": { "osm_id": 29533685, "name": "Bockpark", "area_m2": 3100.3 }, "geometry": { "type": "Point", "coordinates": [ 16.404012423389364, 48.196050758249172 ] } },
{ "type": "Feature", "properties": { "osm_id": 29694664, "name": "Potions - The Magical Cocktail Pub", "area_m2": 2907.5 }, "geometry": { "type": "Point", "coordinates": [ 16.356702628749378, 48.230141444988796 ] } },
{ "type": "Feature", "properties": { "osm_id": 29696087, "name": "Veza-Canetti-Park", "area_m2": 676.0 }, "geometry": { "type": "Point", "coordinates": [ 16.384883009101067, 48.213210533042449 ] } },
{ "type": "Feature", "properties": { "osm_id": 29698028, "name": null, "area_m2": 352.8 }, "geometry": { "type": "Point", "coordinates": [ 16.355264790044188, 48.231285507866886 ] } },
{ "type": "Feature", "properties": { "osm_id": 29722149, "name": null, "area_m2": 5243.1 }, "geometry": { "type": "Point", "coordinates": [ 16.342293200443834, 48.171216887552731 ] } },
{ "type": "Feature", "properties": { "osm_id": 29722152, "name": null, "area_m2": 8392.0 }, "geometry": { "type": "Point", "coordinates": [ 16.344436863359427, 48.170921020557472 ] } },
{ "type": "Feature", "properties": { "osm_id": 30062145, "name": "Manès-Sperber-Park", "area_m2": 2372.6 }, "geometry": { "type": "Point", "coordinates": [ 16.378123603126621, 48.214259648485161 ] } },
{ "type": "Feature", "properties": { "osm_id": 30085951, "name": "Therese-Krones-Park", "area_m2": 567.0 }, "geometry": { "type": "Point", "coordinates": [ 16.38414595043081, 48.215252999417586 ] } },
{ "type": "Feature", "properties": { "osm_id": 30165739, "name": null, "area_m2": 1409.5 }, "geometry": { "type": "Point", "coordinates": [ 16.344285318660134, 48.184358003939771 ] } },
{ "type": "Feature", "properties": { "osm_id": 30250803, "name": "Herbert-Mayr-Park", "area_m2": 11573.2 }, "geometry": { "type": "Point", "coordinates": [ 16.27568589961145, 48.137112798597762 ] } },
{ "type": "Feature", "properties": { "osm_id": 30254155, "name": "Rudolf-Grünwald-Park", "area_m2": 4958.4 }, "geometry": { "type": "Point", "coordinates": [ 16.360849661081403, 48.247635428069415 ] } },
{ "type": "Feature", "properties": { "osm_id": 30256061, "name": null, "area_m2": 4034.0 }, "geometry": { "type": "Point", "coordinates": [ 16.381220171296683, 48.23880789897796 ] } },
{ "type": "Feature", "properties": { "osm_id": 30292461, "name": "Grete-Jost-Park", "area_m2": 1715.2 }, "geometry": { "type": "Point", "coordinates": [ 16.392435589942444, 48.203351288094467 ] } },
{ "type": "Feature", "properties": { "osm_id": 30292503, "name": "Czapkapark", "area_m2": 2790.2 }, "geometry": { "type": "Point", "coordinates": [ 16.391142548887903, 48.204839853683865 ] } },
{ "type": "Feature", "properties": { "osm_id": 30292892, "name": "Ruhe- und Sinnesgarten", "area_m2": 1696.5 }, "geometry": { "type": "Point", "coordinates": [ 16.357724470660703, 48.186441390189721 ] } },
{ "type": "Feature", "properties": { "osm_id": 30450477, "name": "Alfred-Auer-Park", "area_m2": 3774.5 }, "geometry": { "type": "Point", "coordinates": [ 16.330706601402923, 48.243344299789641 ] } },
{ "type": "Feature", "properties": { "osm_id": 30454662, "name": "Raimund-Zoder-Park", "area_m2": 8518.1 }, "geometry": { "type": "Point", "coordinates": [ 16.325699919914658, 48.244240612660825 ] } },
{ "type": "Feature", "properties": { "osm_id": 30472527, "name": null, "area_m2": 8540.0 }, "geometry": { "type": "Point", "coordinates": [ 16.331203107151026, 48.245611863588898 ] } },
{ "type": "Feature", "properties": { "osm_id": 30528468, "name": null, "area_m2": 6073.1 }, "geometry": { "type": "Point", "coordinates": [ 16.37782072596465, 48.249135701378698 ] } },
{ "type": "Feature", "properties": { "osm_id": 30823095, "name": null, "area_m2": 6638.1 }, "geometry": { "type": "Point", "coordinates": [ 16.412752610259801, 48.277459949014791 ] } },
{ "type": "Feature", "properties": { "osm_id": 30823836, "name": "Parkanlage Ruthnergasse", "area_m2": 21421.1 }, "geometry": { "type": "Point", "coordinates": [ 16.423494291180045, 48.276846616797783 ] } },
{ "type": "Feature", "properties": { "osm_id": 30887025, "name": "Rubenspark", "area_m2": 2684.7 }, "geometry": { "type": "Point", "coordinates": [ 16.365276132728205, 48.191569920957846 ] } },
{ "type": "Feature", "properties": { "osm_id": 30917948, "name": "Zeßner-Spitzenberg-Park", "area_m2": 1396.2 }, "geometry": { "type": "Point", "coordinates": [ 16.332420446176837, 48.252516844322898 ] } },
{ "type": "Feature", "properties": { "osm_id": 31251414, "name": "Parkanlage Dürrnbacherstraße", "area_m2": 31582.4 }, "geometry": { "type": "Point", "coordinates": [ 16.427798788396107, 48.165780842670564 ] } },
{ "type": "Feature", "properties": { "osm_id": 31255611, "name": "Parkanlage Blériotgasse", "area_m2": 17057.5 }, "geometry": { "type": "Point", "coordinates": [ 16.430097270454514, 48.168677414165415 ] } },
{ "type": "Feature", "properties": { "osm_id": 31291878, "name": "Mexikopark", "area_m2": 15520.4 }, "geometry": { "type": "Point", "coordinates": [ 16.404534873879047, 48.224236166218454 ] } },
{ "type": "Feature", "properties": { "osm_id": 31358770, "name": null, "area_m2": 76513.9 }, "geometry": { "type": "Point", "coordinates": [ 16.415043774748202, 48.218894470437306 ] } },
{ "type": "Feature", "properties": { "osm_id": 31484134, "name": "Dora-Schimanko-Park", "area_m2": 768.5 }, "geometry": { "type": "Point", "coordinates": [ 16.373446850926591, 48.221875296119258 ] } },
{ "type": "Feature", "properties": { "osm_id": 31515904, "name": "Paul-Hock-Park", "area_m2": 6520.0 }, "geometry": { "type": "Point", "coordinates": [ 16.398917295927195, 48.261656526374196 ] } },
{ "type": "Feature", "properties": { "osm_id": 31716963, "name": "Braunhuberpark", "area_m2": 4843.0 }, "geometry": { "type": "Point", "coordinates": [ 16.414529348869689, 48.170753469894848 ] } },
{ "type": "Feature", "properties": { "osm_id": 31723127, "name": null, "area_m2": 750.6 }, "geometry": { "type": "Point", "coordinates": [ 16.410551240952039, 48.174758274889221 ] } },
{ "type": "Feature", "properties": { "osm_id": 31772895, "name": null, "area_m2": 2651.6 }, "geometry": { "type": "Point", "coordinates": [ 16.40649568843946, 48.225350060262016 ] } },
{ "type": "Feature", "properties": { "osm_id": 31824412, "name": null, "area_m2": 105209.1 }, "geometry": { "type": "Point", "coordinates": [ 16.394597712762828, 48.235025702853434 ] } },
{ "type": "Feature", "properties": { "osm_id": 31852891, "name": null, "area_m2": 3966.9 }, "geometry": { "type": "Point", "coordinates": [ 16.281322145805539, 48.135704882087893 ] } },
{ "type": "Feature", "properties": { "osm_id": 31874171, "name": null, "area_m2": 123.6 }, "geometry": { "type": "Point", "coordinates": [ 16.35668325022235, 48.226868874700159 ] } },
{ "type": "Feature", "properties": { "osm_id": 31894041, "name": null, "area_m2": 497.9 }, "geometry": { "type": "Point", "coordinates": [ 16.409606591756749, 48.301946379117105 ] } },
{ "type": "Feature", "properties": { "osm_id": 31894048, "name": null, "area_m2": 156.3 }, "geometry": { "type": "Point", "coordinates": [ 16.410834869107592, 48.301799657419402 ] } },
{ "type": "Feature", "properties": { "osm_id": 31894050, "name": null, "area_m2": 189.6 }, "geometry": { "type": "Point", "coordinates": [ 16.410043392296188, 48.301889363256841 ] } },
{ "type": "Feature", "properties": { "osm_id": 31894051, "name": null, "area_m2": 154.7 }, "geometry": { "type": "Point", "coordinates": [ 16.410283460410991, 48.301860461495664 ] } },
{ "type": "Feature", "properties": { "osm_id": 31895566, "name": null, "area_m2": 1266.2 }, "geometry": { "type": "Point", "coordinates": [ 16.424248828045322, 48.297211903661726 ] } },
{ "type": "Feature", "properties": { "osm_id": 31895568, "name": null, "area_m2": 928.3 }, "geometry": { "type": "Point", "coordinates": [ 16.424843100119876, 48.297063667520611 ] } },
{ "type": "Feature", "properties": { "osm_id": 31976185, "name": "Erwin Ringel-Park", "area_m2": 6365.1 }, "geometry": { "type": "Point", "coordinates": [ 16.365033227624025, 48.217160034048526 ] } },
{ "type": "Feature", "properties": { "osm_id": 32057477, "name": "Stammersdorfer Bahnhofspark", "area_m2": 1087.7 }, "geometry": { "type": "Point", "coordinates": [ 16.420537753759358, 48.29776671344171 ] } },
{ "type": "Feature", "properties": { "osm_id": 32062541, "name": "Rudolf-Bednar-Park", "area_m2": 30019.2 }, "geometry": { "type": "Point", "coordinates": [ 16.397118473407946, 48.226154625739518 ] } },
{ "type": "Feature", "properties": { "osm_id": 32202261, "name": "Karl Brunner Park", "area_m2": 1942.1 }, "geometry": { "type": "Point", "coordinates": [ 16.411247046184556, 48.302666133973162 ] } },
{ "type": "Feature", "properties": { "osm_id": 32629666, "name": "Elisabeth-Ben David-Hindler-Park", "area_m2": 5901.4 }, "geometry": { "type": "Point", "coordinates": [ 16.411006121080565, 48.217746923718821 ] } },
{ "type": "Feature", "properties": { "osm_id": 32673434, "name": null, "area_m2": 198441.7 }, "geometry": { "type": "Point", "coordinates": [ 16.456307353482195, 48.190300815072845 ] } },
{ "type": "Feature", "properties": { "osm_id": 32786211, "name": null, "area_m2": 381.9 }, "geometry": { "type": "Point", "coordinates": [ 16.418786428241958, 48.299527310878503 ] } },
{ "type": "Feature", "properties": { "osm_id": 32899233, "name": null, "area_m2": 40.3 }, "geometry": { "type": "Point", "coordinates": [ 16.418562844976645, 48.299485839310776 ] } },
{ "type": "Feature", "properties": { "osm_id": 32911495, "name": "Hans-Hirsch-Park", "area_m2": 8690.9 }, "geometry": { "type": "Point", "coordinates": [ 16.422434843983261, 48.258983133216766 ] } },
{ "type": "Feature", "properties": { "osm_id": 34889449, "name": "Johannes-Diodato-Park", "area_m2": 343.8 }, "geometry": { "type": "Point", "coordinates": [ 16.36522076926023, 48.194735734189464 ] } },
{ "type": "Feature", "properties": { "osm_id": 34891334, "name": "Ernst-Arnold-Park", "area_m2": 3188.2 }, "geometry": { "type": "Point", "coordinates": [ 16.354619810207467, 48.193961831888807 ] } },
{ "type": "Feature", "properties": { "osm_id": 35015052, "name": "Adele-Jellinek-Park", "area_m2": 3481.9 }, "geometry": { "type": "Point", "coordinates": [ 16.326070046535506, 48.212798692586148 ] } },
{ "type": "Feature", "properties": { "osm_id": 35063956, "name": null, "area_m2": 3156.5 }, "geometry": { "type": "Point", "coordinates": [ 16.28115704638472, 48.205397535841819 ] } },
{ "type": "Feature", "properties": { "osm_id": 35063957, "name": null, "area_m2": 126.0 }, "geometry": { "type": "Point", "coordinates": [ 16.281498869819774, 48.204618714007239 ] } },
{ "type": "Feature", "properties": { "osm_id": 35774297, "name": null, "area_m2": 13132.6 }, "geometry": { "type": "Point", "coordinates": [ 16.424380137244682, 48.226202329778467 ] } },
{ "type": "Feature", "properties": { "osm_id": 35784420, "name": "Albert-Dub-Park", "area_m2": 7039.9 }, "geometry": { "type": "Point", "coordinates": [ 16.324595798998072, 48.23428335972357 ] } },
{ "type": "Feature", "properties": { "osm_id": 35786412, "name": "Anton-Benya-Park", "area_m2": 9464.0 }, "geometry": { "type": "Point", "coordinates": [ 16.375039484693858, 48.192997478708975 ] } },
{ "type": "Feature", "properties": { "osm_id": 35842845, "name": "Dr.-Josef-Resch-Platz", "area_m2": 3776.2 }, "geometry": { "type": "Point", "coordinates": [ 16.314810071126331, 48.224903354688806 ] } },
{ "type": "Feature", "properties": { "osm_id": 35853651, "name": "Schrammelpark", "area_m2": 1833.4 }, "geometry": { "type": "Point", "coordinates": [ 16.295036145468579, 48.230651870637104 ] } },
{ "type": "Feature", "properties": { "osm_id": 35875923, "name": "Park am Hundsturm", "area_m2": 3705.5 }, "geometry": { "type": "Point", "coordinates": [ 16.347474038765945, 48.187183517032189 ] } },
{ "type": "Feature", "properties": { "osm_id": 36004834, "name": "Dorothea-Neff-Park", "area_m2": 788.7 }, "geometry": { "type": "Point", "coordinates": [ 16.3456998669093, 48.200606694860227 ] } },
{ "type": "Feature", "properties": { "osm_id": 36327576, "name": null, "area_m2": 10603.8 }, "geometry": { "type": "Point", "coordinates": [ 16.292397662769769, 48.131168688556542 ] } },
{ "type": "Feature", "properties": { "osm_id": 36827197, "name": "Sillerplatz", "area_m2": 1218.2 }, "geometry": { "type": "Point", "coordinates": [ 16.275816632000179, 48.15993577838541 ] } },
{ "type": "Feature", "properties": { "osm_id": 36827198, "name": "Sillerplatz", "area_m2": 1251.4 }, "geometry": { "type": "Point", "coordinates": [ 16.276411465736977, 48.160597097821366 ] } },
{ "type": "Feature", "properties": { "osm_id": 36946904, "name": null, "area_m2": 1159.5 }, "geometry": { "type": "Point", "coordinates": [ 16.378392927329422, 48.239926718301653 ] } },
{ "type": "Feature", "properties": { "osm_id": 37031508, "name": "Forschneritschpark", "area_m2": 5250.7 }, "geometry": { "type": "Point", "coordinates": [ 16.319046267718857, 48.196664833458698 ] } },
{ "type": "Feature", "properties": { "osm_id": 37329427, "name": "Tannhäuserplatz", "area_m2": 370.9 }, "geometry": { "type": "Point", "coordinates": [ 16.325109035398892, 48.199464857289314 ] } },
{ "type": "Feature", "properties": { "osm_id": 37332567, "name": "Akkonplatz", "area_m2": 374.9 }, "geometry": { "type": "Point", "coordinates": [ 16.314910405134015, 48.20136377809731 ] } },
{ "type": "Feature", "properties": { "osm_id": 37332568, "name": "Akkonplatz", "area_m2": 474.0 }, "geometry": { "type": "Point", "coordinates": [ 16.31545509138865, 48.201850610441717 ] } },
{ "type": "Feature", "properties": { "osm_id": 37332577, "name": "H. C. Artmann-Park", "area_m2": 2316.0 }, "geometry": { "type": "Point", "coordinates": [ 16.313716685015208, 48.200296631090694 ] } },
{ "type": "Feature", "properties": { "osm_id": 37347567, "name": null, "area_m2": 6395.8 }, "geometry": { "type": "Point", "coordinates": [ 16.377699362372038, 48.166897378073919 ] } },
{ "type": "Feature", "properties": { "osm_id": 37899858, "name": null, "area_m2": 1067.6 }, "geometry": { "type": "Point", "coordinates": [ 16.338257640937268, 48.211884638122221 ] } },
{ "type": "Feature", "properties": { "osm_id": 37911205, "name": "Stöberplatz", "area_m2": 3781.6 }, "geometry": { "type": "Point", "coordinates": [ 16.316919568434862, 48.221511582298859 ] } },
{ "type": "Feature", "properties": { "osm_id": 38140887, "name": "Mareschplatz", "area_m2": 1984.3 }, "geometry": { "type": "Point", "coordinates": [ 16.315490140147752, 48.204184717433137 ] } },
{ "type": "Feature", "properties": { "osm_id": 38211155, "name": "11er Wiese", "area_m2": 6784.3 }, "geometry": { "type": "Point", "coordinates": [ 16.417778783526906, 48.180831385540216 ] } },
{ "type": "Feature", "properties": { "osm_id": 38756181, "name": "Bill-Grah-Park", "area_m2": 3596.0 }, "geometry": { "type": "Point", "coordinates": [ 16.525822710035442, 48.214591755454308 ] } },
{ "type": "Feature", "properties": { "osm_id": 38781333, "name": "Jazz-Park", "area_m2": 2465.5 }, "geometry": { "type": "Point", "coordinates": [ 16.525842876774416, 48.213936348997237 ] } },
{ "type": "Feature", "properties": { "osm_id": 39234117, "name": null, "area_m2": 484.8 }, "geometry": { "type": "Point", "coordinates": [ 16.394510051602548, 48.19658855775937 ] } },
{ "type": "Feature", "properties": { "osm_id": 39234120, "name": null, "area_m2": 192.2 }, "geometry": { "type": "Point", "coordinates": [ 16.395472638869784, 48.196652929510201 ] } },
{ "type": "Feature", "properties": { "osm_id": 39518051, "name": "Andreaspark", "area_m2": 3286.9 }, "geometry": { "type": "Point", "coordinates": [ 16.347752900683524, 48.198717944036098 ] } },
{ "type": "Feature", "properties": { "osm_id": 39518068, "name": "Gartenhofverein Planquadrat", "area_m2": 4783.4 }, "geometry": { "type": "Point", "coordinates": [ 16.363510954315526, 48.196450141741117 ] } },
{ "type": "Feature", "properties": { "osm_id": 39582183, "name": "Richard-Waldemar-Park", "area_m2": 1701.6 }, "geometry": { "type": "Point", "coordinates": [ 16.352380030120568, 48.193648698690382 ] } },
{ "type": "Feature", "properties": { "osm_id": 39886862, "name": "Robert-Hochner-Park", "area_m2": 3528.9 }, "geometry": { "type": "Point", "coordinates": [ 16.403375607787481, 48.187826095505045 ] } },
{ "type": "Feature", "properties": { "osm_id": 42032864, "name": "Albert Schultz Grünzug", "area_m2": 32424.7 }, "geometry": { "type": "Point", "coordinates": [ 16.473252098443002, 48.216015755392796 ] } },
{ "type": "Feature", "properties": { "osm_id": 42285921, "name": "Nietzscheplatz", "area_m2": 2465.6 }, "geometry": { "type": "Point", "coordinates": [ 16.306659067482222, 48.220532492689898 ] } },
{ "type": "Feature", "properties": { "osm_id": 42466010, "name": null, "area_m2": 1510.6 }, "geometry": { "type": "Point", "coordinates": [ 16.349743530895513, 48.170093113869285 ] } },
{ "type": "Feature", "properties": { "osm_id": 42466012, "name": null, "area_m2": 1204.1 }, "geometry": { "type": "Point", "coordinates": [ 16.349525959907062, 48.16975911066281 ] } },
{ "type": "Feature", "properties": { "osm_id": 42741500, "name": "Hubert-Marischka-Park", "area_m2": 4466.2 }, "geometry": { "type": "Point", "coordinates": [ 16.346921103948414, 48.192381356841132 ] } },
{ "type": "Feature", "properties": { "osm_id": 43327454, "name": null, "area_m2": 3963.1 }, "geometry": { "type": "Point", "coordinates": [ 16.377341109391271, 48.20149064910877 ] } },
{ "type": "Feature", "properties": { "osm_id": 43328265, "name": "Beethovenpark", "area_m2": 3882.6 }, "geometry": { "type": "Point", "coordinates": [ 16.376999455323418, 48.20192465994046 ] } },
{ "type": "Feature", "properties": { "osm_id": 45070851, "name": "Anna-Ehm-Park", "area_m2": 2423.5 }, "geometry": { "type": "Point", "coordinates": [ 16.337893115579142, 48.250613938940148 ] } },
{ "type": "Feature", "properties": { "osm_id": 47738069, "name": "Esperantopark", "area_m2": 892.8 }, "geometry": { "type": "Point", "coordinates": [ 16.367218748308545, 48.200617031567887 ] } },
{ "type": "Feature", "properties": { "osm_id": 47738078, "name": "Girardipark", "area_m2": 1832.1 }, "geometry": { "type": "Point", "coordinates": [ 16.368038941400901, 48.200915188767418 ] } },
{ "type": "Feature", "properties": { "osm_id": 48036728, "name": "Schöffelplatz", "area_m2": 3674.9 }, "geometry": { "type": "Point", "coordinates": [ 16.227670606949978, 48.216815310735086 ] } },
{ "type": "Feature", "properties": { "osm_id": 49684523, "name": "Weghuberpark", "area_m2": 5256.7 }, "geometry": { "type": "Point", "coordinates": [ 16.355187602856077, 48.206290799269112 ] } },
{ "type": "Feature", "properties": { "osm_id": 50925200, "name": "Stillfriedplatz", "area_m2": 4837.8 }, "geometry": { "type": "Point", "coordinates": [ 16.309335197503572, 48.212685225848418 ] } },
{ "type": "Feature", "properties": { "osm_id": 50980325, "name": null, "area_m2": 4728.7 }, "geometry": { "type": "Point", "coordinates": [ 16.4717618841511, 48.213319444409272 ] } },
{ "type": "Feature", "properties": { "osm_id": 51190802, "name": "Rosa-Janku-Park", "area_m2": 1196.2 }, "geometry": { "type": "Point", "coordinates": [ 16.35372509144868, 48.191114354643261 ] } },
{ "type": "Feature", "properties": { "osm_id": 51357344, "name": "Franz-Nekula-Park", "area_m2": 1784.7 }, "geometry": { "type": "Point", "coordinates": [ 16.330828668287179, 48.173466291747076 ] } },
{ "type": "Feature", "properties": { "osm_id": 51781472, "name": "Oscar Straus-Park", "area_m2": 3690.5 }, "geometry": { "type": "Point", "coordinates": [ 16.281950727905254, 48.168132254517317 ] } },
{ "type": "Feature", "properties": { "osm_id": 53054729, "name": "Gustav-Zelibor-Park", "area_m2": 1526.6 }, "geometry": { "type": "Point", "coordinates": [ 16.297309457172666, 48.175588337077322 ] } },
{ "type": "Feature", "properties": { "osm_id": 53100495, "name": null, "area_m2": 267.5 }, "geometry": { "type": "Point", "coordinates": [ 16.397900189735211, 48.189934240644419 ] } },
{ "type": "Feature", "properties": { "osm_id": 53842034, "name": "Heinz-Jerabek-Platz", "area_m2": 460.5 }, "geometry": { "type": "Point", "coordinates": [ 16.346010915069737, 48.186489104246498 ] } },
{ "type": "Feature", "properties": { "osm_id": 54186233, "name": "Stadlauer Bahnhofspark", "area_m2": 2580.7 }, "geometry": { "type": "Point", "coordinates": [ 16.451424475696804, 48.223981967138542 ] } },
{ "type": "Feature", "properties": { "osm_id": 56212538, "name": "Karl Farkas-Park", "area_m2": 1523.9 }, "geometry": { "type": "Point", "coordinates": [ 16.346382976860117, 48.204644749345626 ] } },
{ "type": "Feature", "properties": { "osm_id": 56759916, "name": null, "area_m2": 7908.4 }, "geometry": { "type": "Point", "coordinates": [ 16.48372510280053, 48.218888301376737 ] } },
{ "type": "Feature", "properties": { "osm_id": 59699260, "name": "Theodor-Körner-Park", "area_m2": 5784.0 }, "geometry": { "type": "Point", "coordinates": [ 16.328493746928444, 48.172949411187759 ] } },
{ "type": "Feature", "properties": { "osm_id": 59837931, "name": "Jakob-Winter-Park", "area_m2": 2277.0 }, "geometry": { "type": "Point", "coordinates": [ 16.373777232551568, 48.234292751263403 ] } },
{ "type": "Feature", "properties": { "osm_id": 64137382, "name": "Alois-Greb-Park", "area_m2": 4853.7 }, "geometry": { "type": "Point", "coordinates": [ 16.360494246778106, 48.176910686588634 ] } },
{ "type": "Feature", "properties": { "osm_id": 68751832, "name": "Asperner Wies'n", "area_m2": 5693.4 }, "geometry": { "type": "Point", "coordinates": [ 16.47694058871021, 48.214100553962155 ] } },
{ "type": "Feature", "properties": { "osm_id": 72618191, "name": "Theresienbadpark", "area_m2": 7190.2 }, "geometry": { "type": "Point", "coordinates": [ 16.327631963315003, 48.182174550922461 ] } },
{ "type": "Feature", "properties": { "osm_id": 72618193, "name": "Christine-Busta-Park", "area_m2": 5683.0 }, "geometry": { "type": "Point", "coordinates": [ 16.327933044643913, 48.180385325679588 ] } },
{ "type": "Feature", "properties": { "osm_id": 76471228, "name": "Parkanlage Ruzickagasse", "area_m2": 3709.1 }, "geometry": { "type": "Point", "coordinates": [ 16.286921768338772, 48.15480729037192 ] } },
{ "type": "Feature", "properties": { "osm_id": 80035202, "name": "Wiener Flur", "area_m2": 122199.1 }, "geometry": { "type": "Point", "coordinates": [ 16.31293622822114, 48.130935125877784 ] } },
{ "type": "Feature", "properties": { "osm_id": 80516966, "name": null, "area_m2": 2459.1 }, "geometry": { "type": "Point", "coordinates": [ 16.358737191874798, 48.177879360745401 ] } },
{ "type": "Feature", "properties": { "osm_id": 80882757, "name": "PaN-Park", "area_m2": 14514.6 }, "geometry": { "type": "Point", "coordinates": [ 16.315273128017214, 48.139968564736641 ] } },
{ "type": "Feature", "properties": { "osm_id": 80886922, "name": "Heinz-Heger-Park", "area_m2": 855.1 }, "geometry": { "type": "Point", "coordinates": [ 16.34336985555791, 48.216778501042228 ] } },
{ "type": "Feature", "properties": { "osm_id": 85667115, "name": null, "area_m2": 3186.3 }, "geometry": { "type": "Point", "coordinates": [ 16.30821569856743, 48.20937682375471 ] } },
{ "type": "Feature", "properties": { "osm_id": 86501164, "name": "Astrid-Lindgren-Park", "area_m2": 8267.7 }, "geometry": { "type": "Point", "coordinates": [ 16.482539296839143, 48.217384277115926 ] } },
{ "type": "Feature", "properties": { "osm_id": 88177883, "name": null, "area_m2": 456.4 }, "geometry": { "type": "Point", "coordinates": [ 16.267120282941402, 48.151037895124773 ] } },
{ "type": "Feature", "properties": { "osm_id": 90442224, "name": "Linsepark", "area_m2": 9265.9 }, "geometry": { "type": "Point", "coordinates": [ 16.337753662025531, 48.187444532532268 ] } },
{ "type": "Feature", "properties": { "osm_id": 90583330, "name": "Alois Heidel Park", "area_m2": 1784.8 }, "geometry": { "type": "Point", "coordinates": [ 16.386451566461936, 48.291747978011962 ] } },
{ "type": "Feature", "properties": { "osm_id": 96308180, "name": "Anton-Matourek-Hof", "area_m2": 1350.3 }, "geometry": { "type": "Point", "coordinates": [ 16.326639890190794, 48.192591715765531 ] } },
{ "type": "Feature", "properties": { "osm_id": 97286488, "name": null, "area_m2": 708.7 }, "geometry": { "type": "Point", "coordinates": [ 16.385410069339525, 48.219039366060834 ] } },
{ "type": "Feature", "properties": { "osm_id": 98281097, "name": null, "area_m2": 2164.5 }, "geometry": { "type": "Point", "coordinates": [ 16.388333010263953, 48.213698185605345 ] } },
{ "type": "Feature", "properties": { "osm_id": 98621678, "name": "Wilfanpark", "area_m2": 3746.0 }, "geometry": { "type": "Point", "coordinates": [ 16.341193727560704, 48.253517908964987 ] } },
{ "type": "Feature", "properties": { "osm_id": 100131541, "name": "Puchweinpark", "area_m2": 3533.3 }, "geometry": { "type": "Point", "coordinates": [ 16.321084222458854, 48.252136558463022 ] } },
{ "type": "Feature", "properties": { "osm_id": 100150914, "name": "Inzersdorfer Schubertpark", "area_m2": 3230.2 }, "geometry": { "type": "Point", "coordinates": [ 16.333139915598693, 48.149962059835019 ] } },
{ "type": "Feature", "properties": { "osm_id": 104057502, "name": null, "area_m2": 90.4 }, "geometry": { "type": "Point", "coordinates": [ 16.344006400299364, 48.2143015750339 ] } },
{ "type": "Feature", "properties": { "osm_id": 104057505, "name": null, "area_m2": 78.7 }, "geometry": { "type": "Point", "coordinates": [ 16.343707404450306, 48.213907117895062 ] } },
{ "type": "Feature", "properties": { "osm_id": 104057508, "name": null, "area_m2": 57.9 }, "geometry": { "type": "Point", "coordinates": [ 16.344029887497204, 48.213899780150008 ] } },
{ "type": "Feature", "properties": { "osm_id": 104057509, "name": null, "area_m2": 125.5 }, "geometry": { "type": "Point", "coordinates": [ 16.343677787002992, 48.214313262394626 ] } },
{ "type": "Feature", "properties": { "osm_id": 104383746, "name": null, "area_m2": 1582.4 }, "geometry": { "type": "Point", "coordinates": [ 16.395225492808535, 48.201462070133978 ] } },
{ "type": "Feature", "properties": { "osm_id": 104449330, "name": null, "area_m2": 8578.7 }, "geometry": { "type": "Point", "coordinates": [ 16.381255165324657, 48.244991677487945 ] } },
{ "type": "Feature", "properties": { "osm_id": 107047796, "name": null, "area_m2": 1149.8 }, "geometry": { "type": "Point", "coordinates": [ 16.380554065411751, 48.240112397138169 ] } },
{ "type": "Feature", "properties": { "osm_id": 107806017, "name": null, "area_m2": 616.1 }, "geometry": { "type": "Point", "coordinates": [ 16.375000652677713, 48.212442800116868 ] } },
{ "type": "Feature", "properties": { "osm_id": 108893858, "name": null, "area_m2": 62.6 }, "geometry": { "type": "Point", "coordinates": [ 16.380384384331354, 48.243871600952559 ] } },
{ "type": "Feature", "properties": { "osm_id": 109003878, "name": null, "area_m2": 3190.8 }, "geometry": { "type": "Point", "coordinates": [ 16.392701925832977, 48.234772110090468 ] } },
{ "type": "Feature", "properties": { "osm_id": 109713621, "name": "Schloss Neugebäude Unterer Garten", "area_m2": 12467.8 }, "geometry": { "type": "Point", "coordinates": [ 16.442619234014312, 48.161235365305409 ] } },
{ "type": "Feature", "properties": { "osm_id": 112382949, "name": null, "area_m2": 3066.8 }, "geometry": { "type": "Point", "coordinates": [ 16.38064146425425, 48.241388843523225 ] } },
{ "type": "Feature", "properties": { "osm_id": 112382951, "name": null, "area_m2": 1471.3 }, "geometry": { "type": "Point", "coordinates": [ 16.380106864177716, 48.242208377925003 ] } },
{ "type": "Feature", "properties": { "osm_id": 112382953, "name": null, "area_m2": 2425.7 }, "geometry": { "type": "Point", "coordinates": [ 16.379505787703117, 48.242588324750798 ] } },
{ "type": "Feature", "properties": { "osm_id": 112382967, "name": null, "area_m2": 2846.0 }, "geometry": { "type": "Point", "coordinates": [ 16.380259402203688, 48.241751501141174 ] } },
{ "type": "Feature", "properties": { "osm_id": 114454586, "name": "Hans-Christian-Lumbye-Park", "area_m2": 2656.4 }, "geometry": { "type": "Point", "coordinates": [ 16.488565251354959, 48.21231455539133 ] } },
{ "type": "Feature", "properties": { "osm_id": 116187610, "name": null, "area_m2": 1868.1 }, "geometry": { "type": "Point", "coordinates": [ 16.476610391717301, 48.213459116033285 ] } },
{ "type": "Feature", "properties": { "osm_id": 118989915, "name": "Scheupark", "area_m2": 3057.7 }, "geometry": { "type": "Point", "coordinates": [ 16.354340720966832, 48.189553807947661 ] } },
{ "type": "Feature", "properties": { "osm_id": 119857508, "name": "Hanna-Gärtner-Park", "area_m2": 2071.6 }, "geometry": { "type": "Point", "coordinates": [ 16.351243912114199, 48.181008879741682 ] } },
{ "type": "Feature", "properties": { "osm_id": 119858308, "name": "Leopold-Rister-Park", "area_m2": 4619.6 }, "geometry": { "type": "Point", "coordinates": [ 16.355330831560785, 48.181286190013729 ] } },
{ "type": "Feature", "properties": { "osm_id": 120011727, "name": null, "area_m2": 256.0 }, "geometry": { "type": "Point", "coordinates": [ 16.3786830325224, 48.220307756467669 ] } },
{ "type": "Feature", "properties": { "osm_id": 120011733, "name": null, "area_m2": 223.7 }, "geometry": { "type": "Point", "coordinates": [ 16.375011950060124, 48.219927806626124 ] } },
{ "type": "Feature", "properties": { "osm_id": 120011734, "name": null, "area_m2": 186.5 }, "geometry": { "type": "Point", "coordinates": [ 16.375418043257852, 48.219611002050215 ] } },
{ "type": "Feature", "properties": { "osm_id": 120398648, "name": "Vilma-Neuwirth-Park", "area_m2": 1182.5 }, "geometry": { "type": "Point", "coordinates": [ 16.387882859912096, 48.224835730815514 ] } },
{ "type": "Feature", "properties": { "osm_id": 120631206, "name": "Else-Feldmann-Park", "area_m2": 3474.7 }, "geometry": { "type": "Point", "coordinates": [ 16.385907840622949, 48.22520383682695 ] } },
{ "type": "Feature", "properties": { "osm_id": 122160412, "name": null, "area_m2": 669.8 }, "geometry": { "type": "Point", "coordinates": [ 16.373726583930079, 48.222353424817122 ] } },
{ "type": "Feature", "properties": { "osm_id": 122161144, "name": null, "area_m2": 1801.5 }, "geometry": { "type": "Point", "coordinates": [ 16.374252381471337, 48.222714611823385 ] } },
{ "type": "Feature", "properties": { "osm_id": 122258624, "name": null, "area_m2": 2572.6 }, "geometry": { "type": "Point", "coordinates": [ 16.375721267420936, 48.221159204328494 ] } },
{ "type": "Feature", "properties": { "osm_id": 122258626, "name": null, "area_m2": 2920.0 }, "geometry": { "type": "Point", "coordinates": [ 16.376093961824253, 48.221521830085429 ] } },
{ "type": "Feature", "properties": { "osm_id": 122258630, "name": null, "area_m2": 168.9 }, "geometry": { "type": "Point", "coordinates": [ 16.375133760939168, 48.222251865030991 ] } },
{ "type": "Feature", "properties": { "osm_id": 124225454, "name": "Friessneggpark", "area_m2": 6013.5 }, "geometry": { "type": "Point", "coordinates": [ 16.417693158399839, 48.261207945851716 ] } },
{ "type": "Feature", "properties": { "osm_id": 128378594, "name": null, "area_m2": 1675.9 }, "geometry": { "type": "Point", "coordinates": [ 16.390978817424582, 48.189189192249501 ] } },
{ "type": "Feature", "properties": { "osm_id": 128444831, "name": "Josef-Schoiswohl-Park", "area_m2": 797.1 }, "geometry": { "type": "Point", "coordinates": [ 16.26576040242276, 48.143502440796247 ] } },
{ "type": "Feature", "properties": { "osm_id": 130050200, "name": "Draschepark", "area_m2": 192845.8 }, "geometry": { "type": "Point", "coordinates": [ 16.342017108298649, 48.151238235898674 ] } },
{ "type": "Feature", "properties": { "osm_id": 130593607, "name": "Clarplatz", "area_m2": 744.0 }, "geometry": { "type": "Point", "coordinates": [ 16.265502634574453, 48.182677972167653 ] } },
{ "type": "Feature", "properties": { "osm_id": 130634882, "name": null, "area_m2": 364.5 }, "geometry": { "type": "Point", "coordinates": [ 16.339992361473147, 48.240787017892593 ] } },
{ "type": "Feature", "properties": { "osm_id": 130645746, "name": "Hyblerpark", "area_m2": 24392.1 }, "geometry": { "type": "Point", "coordinates": [ 16.41202595174494, 48.181595881811973 ] } },
{ "type": "Feature", "properties": { "osm_id": 130738023, "name": null, "area_m2": 1821.7 }, "geometry": { "type": "Point", "coordinates": [ 16.348682156801619, 48.23042092759249 ] } },
{ "type": "Feature", "properties": { "osm_id": 130739223, "name": "Willi-Frank-Park", "area_m2": 3385.5 }, "geometry": { "type": "Point", "coordinates": [ 16.356435099713401, 48.193665765623557 ] } },
{ "type": "Feature", "properties": { "osm_id": 130740117, "name": null, "area_m2": 515.1 }, "geometry": { "type": "Point", "coordinates": [ 16.356938140192746, 48.194832463188781 ] } },
{ "type": "Feature", "properties": { "osm_id": 130740121, "name": null, "area_m2": 136.8 }, "geometry": { "type": "Point", "coordinates": [ 16.356357713078044, 48.195047198132812 ] } },
{ "type": "Feature", "properties": { "osm_id": 130742924, "name": null, "area_m2": 554.2 }, "geometry": { "type": "Point", "coordinates": [ 16.358040904463326, 48.193734908770246 ] } },
{ "type": "Feature", "properties": { "osm_id": 131567932, "name": null, "area_m2": 183.3 }, "geometry": { "type": "Point", "coordinates": [ 16.358777210420634, 48.195431652232486 ] } },
{ "type": "Feature", "properties": { "osm_id": 132922700, "name": null, "area_m2": 406.7 }, "geometry": { "type": "Point", "coordinates": [ 16.393699720083877, 48.206797625625768 ] } },
{ "type": "Feature", "properties": { "osm_id": 135673390, "name": null, "area_m2": 5023.2 }, "geometry": { "type": "Point", "coordinates": [ 16.38796525090018, 48.263332566251776 ] } },
{ "type": "Feature", "properties": { "osm_id": 136909519, "name": null, "area_m2": 3824.2 }, "geometry": { "type": "Point", "coordinates": [ 16.44799858083001, 48.248754616376345 ] } },
{ "type": "Feature", "properties": { "osm_id": 138413424, "name": null, "area_m2": 2405.4 }, "geometry": { "type": "Point", "coordinates": [ 16.483465272015266, 48.28070875373502 ] } },
{ "type": "Feature", "properties": { "osm_id": 139449282, "name": null, "area_m2": 1691.8 }, "geometry": { "type": "Point", "coordinates": [ 16.298452444502342, 48.229470448403355 ] } },
{ "type": "Feature", "properties": { "osm_id": 141679058, "name": null, "area_m2": 30541.0 }, "geometry": { "type": "Point", "coordinates": [ 16.357670524388858, 48.220472649547929 ] } },
{ "type": "Feature", "properties": { "osm_id": 142042371, "name": "Elisa-Springer-Park", "area_m2": 124.9 }, "geometry": { "type": "Point", "coordinates": [ 16.351213671272248, 48.207480066888429 ] } },
{ "type": "Feature", "properties": { "osm_id": 146984834, "name": "Lancplatz", "area_m2": 326.6 }, "geometry": { "type": "Point", "coordinates": [ 16.380999035559704, 48.216963556134708 ] } },
{ "type": "Feature", "properties": { "osm_id": 150246345, "name": "Helga-Pollak-Kinsky-Park", "area_m2": 1850.8 }, "geometry": { "type": "Point", "coordinates": [ 16.336460891203632, 48.195732673201128 ] } },
{ "type": "Feature", "properties": { "osm_id": 152028745, "name": "Therese-Sip-Park", "area_m2": 507.0 }, "geometry": { "type": "Point", "coordinates": [ 16.348937513425053, 48.189747671815333 ] } },
{ "type": "Feature", "properties": { "osm_id": 152177320, "name": "Hedwig-und-Johann-Schneider-Park", "area_m2": 12128.0 }, "geometry": { "type": "Point", "coordinates": [ 16.448773736768654, 48.269539055056946 ] } },
{ "type": "Feature", "properties": { "osm_id": 152295570, "name": "Hirschstettner Platz", "area_m2": 692.4 }, "geometry": { "type": "Point", "coordinates": [ 16.46687264170663, 48.234645713277004 ] } },
{ "type": "Feature", "properties": { "osm_id": 152333976, "name": "Helmut-Zilk-Park", "area_m2": 73347.7 }, "geometry": { "type": "Point", "coordinates": [ 16.383924404171911, 48.179441565591524 ] } },
{ "type": "Feature", "properties": { "osm_id": 153877724, "name": null, "area_m2": 7468.1 }, "geometry": { "type": "Point", "coordinates": [ 16.355816284830251, 48.223557617417313 ] } },
{ "type": "Feature", "properties": { "osm_id": 154278221, "name": "Dr.-Meißner-Park", "area_m2": 3835.1 }, "geometry": { "type": "Point", "coordinates": [ 16.321140004658687, 48.24121850807078 ] } },
{ "type": "Feature", "properties": { "osm_id": 154362603, "name": "Dr. Karl-Landsteiner-Park", "area_m2": 7556.5 }, "geometry": { "type": "Point", "coordinates": [ 16.371303323216747, 48.186868833220807 ] } },
{ "type": "Feature", "properties": { "osm_id": 154394616, "name": null, "area_m2": 15556.4 }, "geometry": { "type": "Point", "coordinates": [ 16.369891184668411, 48.188531093360346 ] } },
{ "type": "Feature", "properties": { "osm_id": 154834826, "name": "Hackinger Schlosspark", "area_m2": 16021.1 }, "geometry": { "type": "Point", "coordinates": [ 16.260714948228589, 48.193043068180138 ] } },
{ "type": "Feature", "properties": { "osm_id": 154835736, "name": "Erna-Reitmaier-Park", "area_m2": 355.1 }, "geometry": { "type": "Point", "coordinates": [ 16.262110045466812, 48.191131438175709 ] } },
{ "type": "Feature", "properties": { "osm_id": 154863139, "name": "Helene-Heppe-Park", "area_m2": 469.5 }, "geometry": { "type": "Point", "coordinates": [ 16.352540993021289, 48.1941903787774 ] } },
{ "type": "Feature", "properties": { "osm_id": 156836189, "name": "Brigittapark", "area_m2": 10399.0 }, "geometry": { "type": "Point", "coordinates": [ 16.371223572697421, 48.232250801557122 ] } },
{ "type": "Feature", "properties": { "osm_id": 156836200, "name": "Hugo-Gottschlich-Park", "area_m2": 9521.8 }, "geometry": { "type": "Point", "coordinates": [ 16.372510738374817, 48.235553589023581 ] } },
{ "type": "Feature", "properties": { "osm_id": 157110596, "name": "Parkanlage Kliergasse", "area_m2": 7859.3 }, "geometry": { "type": "Point", "coordinates": [ 16.318794142998193, 48.245950002369014 ] } },
{ "type": "Feature", "properties": { "osm_id": 157588720, "name": null, "area_m2": 1285.9 }, "geometry": { "type": "Point", "coordinates": [ 16.377894795605393, 48.237711649141694 ] } },
{ "type": "Feature", "properties": { "osm_id": 158200164, "name": null, "area_m2": 3532.4 }, "geometry": { "type": "Point", "coordinates": [ 16.390327091439879, 48.142514055291592 ] } },
{ "type": "Feature", "properties": { "osm_id": 158329814, "name": "Liechtensteinpark", "area_m2": 58924.3 }, "geometry": { "type": "Point", "coordinates": [ 16.359210356407992, 48.223608636589695 ] } },
{ "type": "Feature", "properties": { "osm_id": 158383645, "name": "Lili-Grün-Platz", "area_m2": 1107.6 }, "geometry": { "type": "Point", "coordinates": [ 16.381099285102163, 48.222832413352371 ] } },
{ "type": "Feature", "properties": { "osm_id": 160577097, "name": "Max-Winter-Park", "area_m2": 11235.0 }, "geometry": { "type": "Point", "coordinates": [ 16.400129596898161, 48.2202081171449 ] } },
{ "type": "Feature", "properties": { "osm_id": 160656333, "name": "Luise-Montag-Park", "area_m2": 13334.8 }, "geometry": { "type": "Point", "coordinates": [ 16.415837625248656, 48.167332595053288 ] } },
{ "type": "Feature", "properties": { "osm_id": 167650756, "name": null, "area_m2": 385.4 }, "geometry": { "type": "Point", "coordinates": [ 16.368559002805963, 48.171387897957175 ] } },
{ "type": "Feature", "properties": { "osm_id": 167926058, "name": "Josef-Pfeifer-Park", "area_m2": 1270.3 }, "geometry": { "type": "Point", "coordinates": [ 16.38739872493764, 48.205928816995957 ] } },
{ "type": "Feature", "properties": { "osm_id": 168289762, "name": null, "area_m2": 37733.9 }, "geometry": { "type": "Point", "coordinates": [ 16.273755177160776, 48.168805922608328 ] } },
{ "type": "Feature", "properties": { "osm_id": 168349149, "name": "Karl-Seidl-Park", "area_m2": 6976.6 }, "geometry": { "type": "Point", "coordinates": [ 16.443688789015855, 48.263303232318755 ] } },
{ "type": "Feature", "properties": { "osm_id": 168349153, "name": "Schweiglpark", "area_m2": 1310.6 }, "geometry": { "type": "Point", "coordinates": [ 16.435191081691745, 48.264158059458133 ] } },
{ "type": "Feature", "properties": { "osm_id": 170227395, "name": "Lagerwiese Mühlwasser", "area_m2": 19757.4 }, "geometry": { "type": "Point", "coordinates": [ 16.457193203945437, 48.213980018329934 ] } },
{ "type": "Feature", "properties": { "osm_id": 171037378, "name": null, "area_m2": 27773.6 }, "geometry": { "type": "Point", "coordinates": [ 16.47309220300313, 48.211962433182258 ] } },
{ "type": "Feature", "properties": { "osm_id": 171039328, "name": null, "area_m2": 696.9 }, "geometry": { "type": "Point", "coordinates": [ 16.476648638119791, 48.210193677350141 ] } },
{ "type": "Feature", "properties": { "osm_id": 171039329, "name": null, "area_m2": 36.6 }, "geometry": { "type": "Point", "coordinates": [ 16.474772474510413, 48.210526374600583 ] } },
{ "type": "Feature", "properties": { "osm_id": 171039331, "name": null, "area_m2": 521.1 }, "geometry": { "type": "Point", "coordinates": [ 16.47487530782082, 48.210710507974973 ] } },
{ "type": "Feature", "properties": { "osm_id": 171039332, "name": null, "area_m2": 38.7 }, "geometry": { "type": "Point", "coordinates": [ 16.47493607451219, 48.210578241264407 ] } },
{ "type": "Feature", "properties": { "osm_id": 172070834, "name": "Sachsenpark", "area_m2": 6438.0 }, "geometry": { "type": "Point", "coordinates": [ 16.376385387462069, 48.232028379537518 ] } },
{ "type": "Feature", "properties": { "osm_id": 172591573, "name": null, "area_m2": 1296.0 }, "geometry": { "type": "Point", "coordinates": [ 16.349888141498749, 48.219332680494432 ] } },
{ "type": "Feature", "properties": { "osm_id": 172607630, "name": null, "area_m2": 3928.3 }, "geometry": { "type": "Point", "coordinates": [ 16.480526377429232, 48.217056410253612 ] } },
{ "type": "Feature", "properties": { "osm_id": 173239405, "name": "Schubertpark Maurer", "area_m2": 398.4 }, "geometry": { "type": "Point", "coordinates": [ 16.259612044046545, 48.150000523530373 ] } },
{ "type": "Feature", "properties": { "osm_id": 173454715, "name": "Ernst-Jandl-Park", "area_m2": 523.0 }, "geometry": { "type": "Point", "coordinates": [ 16.36777770891549, 48.193100931935746 ] } },
{ "type": "Feature", "properties": { "osm_id": 173454716, "name": null, "area_m2": 1033.1 }, "geometry": { "type": "Point", "coordinates": [ 16.368927794904877, 48.193714206299099 ] } },
{ "type": "Feature", "properties": { "osm_id": 174302739, "name": "Christine-Nöstlinger-Park", "area_m2": 16542.5 }, "geometry": { "type": "Point", "coordinates": [ 16.324108055855451, 48.225031951465084 ] } },
{ "type": "Feature", "properties": { "osm_id": 175104366, "name": "Dreihauspark", "area_m2": 1300.4 }, "geometry": { "type": "Point", "coordinates": [ 16.325806232621058, 48.187111912717008 ] } },
{ "type": "Feature", "properties": { "osm_id": 175147559, "name": null, "area_m2": 233.9 }, "geometry": { "type": "Point", "coordinates": [ 16.324274050877857, 48.190441580645128 ] } },
{ "type": "Feature", "properties": { "osm_id": 175276329, "name": "Friedrich-Gulda-Park", "area_m2": 1538.8 }, "geometry": { "type": "Point", "coordinates": [ 16.388909222189699, 48.202449158999706 ] } },
{ "type": "Feature", "properties": { "osm_id": 175541575, "name": "Hans-Rott-Park", "area_m2": 721.6 }, "geometry": { "type": "Point", "coordinates": [ 16.326904335609271, 48.188836178169588 ] } },
{ "type": "Feature", "properties": { "osm_id": 175620803, "name": "Dadlerpark", "area_m2": 10515.2 }, "geometry": { "type": "Point", "coordinates": [ 16.328871579662255, 48.190102691399268 ] } },
{ "type": "Feature", "properties": { "osm_id": 175908094, "name": "Rosa-Barach-Park", "area_m2": 837.7 }, "geometry": { "type": "Point", "coordinates": [ 16.33168327309907, 48.190641127885279 ] } },
{ "type": "Feature", "properties": { "osm_id": 176195307, "name": "Herklotzpark", "area_m2": 905.6 }, "geometry": { "type": "Point", "coordinates": [ 16.332752132456882, 48.189265962114241 ] } },
{ "type": "Feature", "properties": { "osm_id": 176195316, "name": "Parkanlage Kranzgasse", "area_m2": 691.2 }, "geometry": { "type": "Point", "coordinates": [ 16.333213297874678, 48.189371001721121 ] } },
{ "type": "Feature", "properties": { "osm_id": 176205145, "name": "Moshe-Jahoda-Platz", "area_m2": 431.1 }, "geometry": { "type": "Point", "coordinates": [ 16.33543827378314, 48.192169909460766 ] } },
{ "type": "Feature", "properties": { "osm_id": 176205203, "name": "Dingelstedtpark", "area_m2": 426.4 }, "geometry": { "type": "Point", "coordinates": [ 16.334996794331069, 48.191552661860214 ] } },
{ "type": "Feature", "properties": { "osm_id": 176215125, "name": "Parkanlage Haidmannsgasse", "area_m2": 927.1 }, "geometry": { "type": "Point", "coordinates": [ 16.336289320961594, 48.193236959179792 ] } },
{ "type": "Feature", "properties": { "osm_id": 176225799, "name": "Parkanlage Rosinagasse", "area_m2": 695.2 }, "geometry": { "type": "Point", "coordinates": [ 16.332087354282134, 48.194247890552539 ] } },
{ "type": "Feature", "properties": { "osm_id": 178648707, "name": "Rockpark", "area_m2": 108.3 }, "geometry": { "type": "Point", "coordinates": [ 16.362740462993585, 48.211997099748686 ] } },
{ "type": "Feature", "properties": { "osm_id": 178997126, "name": null, "area_m2": 130.1 }, "geometry": { "type": "Point", "coordinates": [ 16.304812704217397, 48.188036032058385 ] } },
{ "type": "Feature", "properties": { "osm_id": 178997130, "name": null, "area_m2": 693.0 }, "geometry": { "type": "Point", "coordinates": [ 16.315873903083908, 48.185899511017205 ] } },
{ "type": "Feature", "properties": { "osm_id": 178997132, "name": null, "area_m2": 157.9 }, "geometry": { "type": "Point", "coordinates": [ 16.314975598189971, 48.186099397656456 ] } },
{ "type": "Feature", "properties": { "osm_id": 178997133, "name": null, "area_m2": 129.1 }, "geometry": { "type": "Point", "coordinates": [ 16.30466982978092, 48.187953913692851 ] } },
{ "type": "Feature", "properties": { "osm_id": 178997134, "name": null, "area_m2": 222.8 }, "geometry": { "type": "Point", "coordinates": [ 16.317552847064629, 48.185283754124981 ] } },
{ "type": "Feature", "properties": { "osm_id": 179005999, "name": null, "area_m2": 6802.4 }, "geometry": { "type": "Point", "coordinates": [ 16.316106457048221, 48.187119330725345 ] } },
{ "type": "Feature", "properties": { "osm_id": 179136702, "name": "Friederike-Stoiber-Park", "area_m2": 1992.8 }, "geometry": { "type": "Point", "coordinates": [ 16.301868636323871, 48.169714998265214 ] } },
{ "type": "Feature", "properties": { "osm_id": 179782977, "name": "Pfarrer-Mitschke-Park", "area_m2": 657.4 }, "geometry": { "type": "Point", "coordinates": [ 16.361727852758829, 48.259845688240688 ] } },
{ "type": "Feature", "properties": { "osm_id": 180533595, "name": null, "area_m2": 2314.8 }, "geometry": { "type": "Point", "coordinates": [ 16.339643582343001, 48.250139917110197 ] } },
{ "type": "Feature", "properties": { "osm_id": 180633610, "name": null, "area_m2": 447.5 }, "geometry": { "type": "Point", "coordinates": [ 16.300089873004268, 48.170121933768421 ] } },
{ "type": "Feature", "properties": { "osm_id": 181501867, "name": "Parkanlage Lorettowiese", "area_m2": 29729.1 }, "geometry": { "type": "Point", "coordinates": [ 16.3836930247172, 48.268890825048281 ] } },
{ "type": "Feature", "properties": { "osm_id": 182420936, "name": null, "area_m2": 1282.3 }, "geometry": { "type": "Point", "coordinates": [ 16.3707510780795, 48.194417811673468 ] } },
{ "type": "Feature", "properties": { "osm_id": 183169276, "name": "Schütte-Lihotzky-Park", "area_m2": 3335.4 }, "geometry": { "type": "Point", "coordinates": [ 16.361148198233032, 48.189921905840116 ] } },
{ "type": "Feature", "properties": { "osm_id": 183963191, "name": "Donauinsel", "area_m2": 3975107.7 }, "geometry": { "type": "Point", "coordinates": [ 16.425106393910394, 48.222783994689209 ] } },
{ "type": "Feature", "properties": { "osm_id": 184019768, "name": null, "area_m2": 181.7 }, "geometry": { "type": "Point", "coordinates": [ 16.37490213378798, 48.215130934359841 ] } },
{ "type": "Feature", "properties": { "osm_id": 185311176, "name": "Franz-Hübel-Park", "area_m2": 9906.4 }, "geometry": { "type": "Point", "coordinates": [ 16.306392281804701, 48.165681648657973 ] } },
{ "type": "Feature", "properties": { "osm_id": 185316325, "name": null, "area_m2": 6615.1 }, "geometry": { "type": "Point", "coordinates": [ 16.303380648116978, 48.167724389302428 ] } },
{ "type": "Feature", "properties": { "osm_id": 185332963, "name": null, "area_m2": 2795.2 }, "geometry": { "type": "Point", "coordinates": [ 16.409351630773379, 48.253087107541205 ] } },
{ "type": "Feature", "properties": { "osm_id": 185332964, "name": null, "area_m2": 2864.5 }, "geometry": { "type": "Point", "coordinates": [ 16.407694352043631, 48.253054254014401 ] } },
{ "type": "Feature", "properties": { "osm_id": 185332965, "name": null, "area_m2": 3035.9 }, "geometry": { "type": "Point", "coordinates": [ 16.40804578017044, 48.253515383113417 ] } },
{ "type": "Feature", "properties": { "osm_id": 185332966, "name": null, "area_m2": 2582.3 }, "geometry": { "type": "Point", "coordinates": [ 16.408900841811796, 48.252494014295344 ] } },
{ "type": "Feature", "properties": { "osm_id": 186015830, "name": null, "area_m2": 16858.2 }, "geometry": { "type": "Point", "coordinates": [ 16.320607690656615, 48.163873348523524 ] } },
{ "type": "Feature", "properties": { "osm_id": 187386170, "name": "Setagayapark", "area_m2": 4195.8 }, "geometry": { "type": "Point", "coordinates": [ 16.356603514023178, 48.245447336944771 ] } },
{ "type": "Feature", "properties": { "osm_id": 188664277, "name": "Großstadt-Dschungel", "area_m2": 6841.4 }, "geometry": { "type": "Point", "coordinates": [ 16.394439903784839, 48.232541039207796 ] } },
{ "type": "Feature", "properties": { "osm_id": 189648603, "name": "Parkanlage Inzersdorfer Kirchenplatz", "area_m2": 995.8 }, "geometry": { "type": "Point", "coordinates": [ 16.346813352988494, 48.149939079294299 ] } },
{ "type": "Feature", "properties": { "osm_id": 189764576, "name": "Parkanlage Steinhagegasse", "area_m2": 3859.0 }, "geometry": { "type": "Point", "coordinates": [ 16.340262588765057, 48.185529516849044 ] } },
{ "type": "Feature", "properties": { "osm_id": 191251624, "name": "Neusserplatz", "area_m2": 1694.0 }, "geometry": { "type": "Point", "coordinates": [ 16.317322346332126, 48.200734296409969 ] } },
{ "type": "Feature", "properties": { "osm_id": 191536810, "name": "Brehmpark", "area_m2": 774.3 }, "geometry": { "type": "Point", "coordinates": [ 16.405979016268347, 48.175697365701431 ] } },
{ "type": "Feature", "properties": { "osm_id": 191550523, "name": "Hilde-Spiel-Park", "area_m2": 3488.2 }, "geometry": { "type": "Point", "coordinates": [ 16.366724387209363, 48.253780094200579 ] } },
{ "type": "Feature", "properties": { "osm_id": 192086962, "name": null, "area_m2": 2333.4 }, "geometry": { "type": "Point", "coordinates": [ 16.491024112907549, 48.247749645217731 ] } },
{ "type": "Feature", "properties": { "osm_id": 192631692, "name": "Viktor-Frankl-Park", "area_m2": 3161.1 }, "geometry": { "type": "Point", "coordinates": [ 16.348869791974863, 48.216708675626784 ] } },
{ "type": "Feature", "properties": { "osm_id": 194774141, "name": null, "area_m2": 892.8 }, "geometry": { "type": "Point", "coordinates": [ 16.429966365784715, 48.238108464028016 ] } },
{ "type": "Feature", "properties": { "osm_id": 194816547, "name": null, "area_m2": 3079.0 }, "geometry": { "type": "Point", "coordinates": [ 16.366255303708396, 48.161482867444839 ] } },
{ "type": "Feature", "properties": { "osm_id": 195002131, "name": null, "area_m2": 23133.8 }, "geometry": { "type": "Point", "coordinates": [ 16.358504070120947, 48.157656447324428 ] } },
{ "type": "Feature", "properties": { "osm_id": 196085701, "name": "Mundypark", "area_m2": 2919.9 }, "geometry": { "type": "Point", "coordinates": [ 16.384434773436869, 48.176079338530805 ] } },
{ "type": "Feature", "properties": { "osm_id": 200768960, "name": null, "area_m2": 1951.3 }, "geometry": { "type": "Point", "coordinates": [ 16.405734261993281, 48.192181054297464 ] } },
{ "type": "Feature", "properties": { "osm_id": 200814197, "name": null, "area_m2": 3910.8 }, "geometry": { "type": "Point", "coordinates": [ 16.410338420973531, 48.195718087206096 ] } },
{ "type": "Feature", "properties": { "osm_id": 200814198, "name": null, "area_m2": 987.7 }, "geometry": { "type": "Point", "coordinates": [ 16.40981568569013, 48.195482700647403 ] } },
{ "type": "Feature", "properties": { "osm_id": 201209743, "name": null, "area_m2": 169.4 }, "geometry": { "type": "Point", "coordinates": [ 16.351315018471194, 48.225230422703305 ] } },
{ "type": "Feature", "properties": { "osm_id": 201209745, "name": null, "area_m2": 141.3 }, "geometry": { "type": "Point", "coordinates": [ 16.352266065798812, 48.225030071391608 ] } },
{ "type": "Feature", "properties": { "osm_id": 201209748, "name": null, "area_m2": 175.2 }, "geometry": { "type": "Point", "coordinates": [ 16.352245431501427, 48.224976633187126 ] } },
{ "type": "Feature", "properties": { "osm_id": 201209753, "name": null, "area_m2": 388.1 }, "geometry": { "type": "Point", "coordinates": [ 16.351362774682084, 48.225136265881368 ] } },
{ "type": "Feature", "properties": { "osm_id": 202399875, "name": "Karl- Hodina- Park", "area_m2": 1160.2 }, "geometry": { "type": "Point", "coordinates": [ 16.328496674170257, 48.21249778950969 ] } },
{ "type": "Feature", "properties": { "osm_id": 202491111, "name": "Burjanplatz", "area_m2": 7039.3 }, "geometry": { "type": "Point", "coordinates": [ 16.330612804807728, 48.202502682420217 ] } },
{ "type": "Feature", "properties": { "osm_id": 203926817, "name": "Franz-Mittasch-Park", "area_m2": 2805.3 }, "geometry": { "type": "Point", "coordinates": [ 16.439177612465443, 48.263159520499705 ] } },
{ "type": "Feature", "properties": { "osm_id": 204628852, "name": "Hundewiese", "area_m2": 1624.0 }, "geometry": { "type": "Point", "coordinates": [ 16.318533598065066, 48.250953451825097 ] } },
{ "type": "Feature", "properties": { "osm_id": 206696308, "name": null, "area_m2": 475.4 }, "geometry": { "type": "Point", "coordinates": [ 16.364906352980277, 48.254461329000016 ] } },
{ "type": "Feature", "properties": { "osm_id": 207499620, "name": "Rabbiner-Schneerson-Platz", "area_m2": 413.8 }, "geometry": { "type": "Point", "coordinates": [ 16.380161120978634, 48.228232578499004 ] } },
{ "type": "Feature", "properties": { "osm_id": 207955315, "name": "Cholewkapark", "area_m2": 3431.5 }, "geometry": { "type": "Point", "coordinates": [ 16.425003711526504, 48.227118483098394 ] } },
{ "type": "Feature", "properties": { "osm_id": 208094981, "name": null, "area_m2": 119.8 }, "geometry": { "type": "Point", "coordinates": [ 16.35661776944276, 48.227084087466736 ] } },
{ "type": "Feature", "properties": { "osm_id": 211889615, "name": "Franz-Mayer-Park", "area_m2": 4508.5 }, "geometry": { "type": "Point", "coordinates": [ 16.350873263792845, 48.256800570530281 ] } },
{ "type": "Feature", "properties": { "osm_id": 215623153, "name": null, "area_m2": 4032.1 }, "geometry": { "type": "Point", "coordinates": [ 16.32119360166142, 48.212809660799032 ] } },
{ "type": "Feature", "properties": { "osm_id": 219906996, "name": "Auer-Welsbach-Park", "area_m2": 143708.6 }, "geometry": { "type": "Point", "coordinates": [ 16.317860569096577, 48.188444979576467 ] } },
{ "type": "Feature", "properties": { "osm_id": 220278378, "name": "Gerda-Matejka-Felden-Park", "area_m2": 3404.7 }, "geometry": { "type": "Point", "coordinates": [ 16.347318413196081, 48.216953863727774 ] } },
{ "type": "Feature", "properties": { "osm_id": 221168286, "name": null, "area_m2": 25.4 }, "geometry": { "type": "Point", "coordinates": [ 16.312862672938778, 48.189638408230536 ] } },
{ "type": "Feature", "properties": { "osm_id": 221168287, "name": null, "area_m2": 66.0 }, "geometry": { "type": "Point", "coordinates": [ 16.3118234292625, 48.189544872741465 ] } },
{ "type": "Feature", "properties": { "osm_id": 221168289, "name": null, "area_m2": 118.9 }, "geometry": { "type": "Point", "coordinates": [ 16.31338047237843, 48.189523585869786 ] } },
{ "type": "Feature", "properties": { "osm_id": 221168291, "name": null, "area_m2": 170.4 }, "geometry": { "type": "Point", "coordinates": [ 16.313123351198534, 48.189456951953119 ] } },
{ "type": "Feature", "properties": { "osm_id": 221168292, "name": null, "area_m2": 30.4 }, "geometry": { "type": "Point", "coordinates": [ 16.311966874592866, 48.189418218109573 ] } },
{ "type": "Feature", "properties": { "osm_id": 221168293, "name": null, "area_m2": 102.6 }, "geometry": { "type": "Point", "coordinates": [ 16.31206689328096, 48.189318173722548 ] } },
{ "type": "Feature", "properties": { "osm_id": 221168294, "name": null, "area_m2": 18.2 }, "geometry": { "type": "Point", "coordinates": [ 16.31239313721866, 48.18938384674864 ] } },
{ "type": "Feature", "properties": { "osm_id": 221168295, "name": null, "area_m2": 412.6 }, "geometry": { "type": "Point", "coordinates": [ 16.313711428842669, 48.189761372467864 ] } },
{ "type": "Feature", "properties": { "osm_id": 221168296, "name": null, "area_m2": 50.5 }, "geometry": { "type": "Point", "coordinates": [ 16.313054532573833, 48.189679547843362 ] } },
{ "type": "Feature", "properties": { "osm_id": 221168297, "name": null, "area_m2": 20.2 }, "geometry": { "type": "Point", "coordinates": [ 16.312235614509525, 48.189394076020662 ] } },
{ "type": "Feature", "properties": { "osm_id": 221168299, "name": null, "area_m2": 58.6 }, "geometry": { "type": "Point", "coordinates": [ 16.313640301200035, 48.189599483871056 ] } },
{ "type": "Feature", "properties": { "osm_id": 221168300, "name": null, "area_m2": 72.7 }, "geometry": { "type": "Point", "coordinates": [ 16.312383724781476, 48.18929568892375 ] } },
{ "type": "Feature", "properties": { "osm_id": 221168301, "name": null, "area_m2": 84.8 }, "geometry": { "type": "Point", "coordinates": [ 16.312217219473123, 48.189307620719539 ] } },
{ "type": "Feature", "properties": { "osm_id": 221168302, "name": null, "area_m2": 8.2 }, "geometry": { "type": "Point", "coordinates": [ 16.311828057439048, 48.189492157869083 ] } },
{ "type": "Feature", "properties": { "osm_id": 221168304, "name": null, "area_m2": 12.8 }, "geometry": { "type": "Point", "coordinates": [ 16.312121328743615, 48.189398244241062 ] } },
{ "type": "Feature", "properties": { "osm_id": 221168306, "name": null, "area_m2": 10.4 }, "geometry": { "type": "Point", "coordinates": [ 16.312030190587297, 48.189402033588571 ] } },
{ "type": "Feature", "properties": { "osm_id": 221260144, "name": null, "area_m2": 84.8 }, "geometry": { "type": "Point", "coordinates": [ 16.30231276144929, 48.184960396865002 ] } },
{ "type": "Feature", "properties": { "osm_id": 221425911, "name": "Karl-Terkal-Park", "area_m2": 863.4 }, "geometry": { "type": "Point", "coordinates": [ 16.256166428772453, 48.202536681680186 ] } },
{ "type": "Feature", "properties": { "osm_id": 221444585, "name": null, "area_m2": 7.1 }, "geometry": { "type": "Point", "coordinates": [ 16.311057712627868, 48.185012127917261 ] } },
{ "type": "Feature", "properties": { "osm_id": 221496093, "name": null, "area_m2": 189.6 }, "geometry": { "type": "Point", "coordinates": [ 16.302594615671907, 48.185655926327556 ] } },
{ "type": "Feature", "properties": { "osm_id": 221496095, "name": null, "area_m2": 92.3 }, "geometry": { "type": "Point", "coordinates": [ 16.302831755320025, 48.185625951891154 ] } },
{ "type": "Feature", "properties": { "osm_id": 221496096, "name": null, "area_m2": 635.4 }, "geometry": { "type": "Point", "coordinates": [ 16.302656736709785, 48.185237825319327 ] } },
{ "type": "Feature", "properties": { "osm_id": 221496106, "name": null, "area_m2": 23.2 }, "geometry": { "type": "Point", "coordinates": [ 16.302674679170728, 48.185857211449168 ] } },
{ "type": "Feature", "properties": { "osm_id": 223848372, "name": "Park der Ruhe und Kraft", "area_m2": 32686.1 }, "geometry": { "type": "Point", "coordinates": [ 16.445959797802612, 48.151845267231735 ] } },
{ "type": "Feature", "properties": { "osm_id": 224007809, "name": "Vivenotpark", "area_m2": 2577.4 }, "geometry": { "type": "Point", "coordinates": [ 16.331196338418806, 48.175814841710576 ] } },
{ "type": "Feature", "properties": { "osm_id": 226014780, "name": null, "area_m2": 12220.5 }, "geometry": { "type": "Point", "coordinates": [ 16.353677809389243, 48.149820570928462 ] } },
{ "type": "Feature", "properties": { "osm_id": 227039946, "name": "PaN-Garten", "area_m2": 605.8 }, "geometry": { "type": "Point", "coordinates": [ 16.364774528738909, 48.211503169737959 ] } },
{ "type": "Feature", "properties": { "osm_id": 227703705, "name": "Adelheid-Popp-Park", "area_m2": 1348.5 }, "geometry": { "type": "Point", "coordinates": [ 16.32954905748154, 48.216377758671349 ] } },
{ "type": "Feature", "properties": { "osm_id": 232385440, "name": "Elfi-Dassanowski-Park", "area_m2": 213.4 }, "geometry": { "type": "Point", "coordinates": [ 16.330627460000162, 48.219505736344864 ] } },
{ "type": "Feature", "properties": { "osm_id": 234030614, "name": "Lorenz-Bayer-Park", "area_m2": 7054.6 }, "geometry": { "type": "Point", "coordinates": [ 16.325979499244351, 48.214820061736603 ] } },
{ "type": "Feature", "properties": { "osm_id": 235711675, "name": "Parkanlage Pretschgasse", "area_m2": 6559.1 }, "geometry": { "type": "Point", "coordinates": [ 16.424906675902697, 48.157017609767614 ] } },
{ "type": "Feature", "properties": { "osm_id": 237051499, "name": null, "area_m2": 10381.4 }, "geometry": { "type": "Point", "coordinates": [ 16.445667950375828, 48.23367785667277 ] } },
{ "type": "Feature", "properties": { "osm_id": 240877745, "name": "Parkanlage An den alten Schanzen", "area_m2": 5292.6 }, "geometry": { "type": "Point", "coordinates": [ 16.491029174307954, 48.22571407341556 ] } },
{ "type": "Feature", "properties": { "osm_id": 242669803, "name": null, "area_m2": 1888.5 }, "geometry": { "type": "Point", "coordinates": [ 16.45112569018368, 48.224444716351051 ] } },
{ "type": "Feature", "properties": { "osm_id": 242669805, "name": null, "area_m2": 1426.5 }, "geometry": { "type": "Point", "coordinates": [ 16.456032019593561, 48.221793067213433 ] } },
{ "type": "Feature", "properties": { "osm_id": 243523610, "name": null, "area_m2": 12779.7 }, "geometry": { "type": "Point", "coordinates": [ 16.268656166023636, 48.196150582131423 ] } },
{ "type": "Feature", "properties": { "osm_id": 245120373, "name": null, "area_m2": 1670.9 }, "geometry": { "type": "Point", "coordinates": [ 16.410355935816607, 48.249380859354211 ] } },
{ "type": "Feature", "properties": { "osm_id": 245257064, "name": null, "area_m2": 2913.1 }, "geometry": { "type": "Point", "coordinates": [ 16.389470320096581, 48.263667280341807 ] } },
{ "type": "Feature", "properties": { "osm_id": 247126738, "name": "Waldpark Koloniestraße", "area_m2": 24220.7 }, "geometry": { "type": "Point", "coordinates": [ 16.399225359633153, 48.273357285758451 ] } },
{ "type": "Feature", "properties": { "osm_id": 249046012, "name": null, "area_m2": 201.6 }, "geometry": { "type": "Point", "coordinates": [ 16.30829375780397, 48.224674859695305 ] } },
{ "type": "Feature", "properties": { "osm_id": 249046014, "name": null, "area_m2": 243.1 }, "geometry": { "type": "Point", "coordinates": [ 16.308586740375748, 48.224552825634277 ] } },
{ "type": "Feature", "properties": { "osm_id": 249046018, "name": null, "area_m2": 58.5 }, "geometry": { "type": "Point", "coordinates": [ 16.308209864151394, 48.224611708066426 ] } },
{ "type": "Feature", "properties": { "osm_id": 252237544, "name": null, "area_m2": 3350.3 }, "geometry": { "type": "Point", "coordinates": [ 16.290884912550332, 48.224892068507216 ] } },
{ "type": "Feature", "properties": { "osm_id": 252795351, "name": "Regine-Landeis-Park", "area_m2": 2387.7 }, "geometry": { "type": "Point", "coordinates": [ 16.319066670316559, 48.193947422766513 ] } },
{ "type": "Feature", "properties": { "osm_id": 257071468, "name": null, "area_m2": 595.7 }, "geometry": { "type": "Point", "coordinates": [ 16.451156278439093, 48.248531343974527 ] } },
{ "type": "Feature", "properties": { "osm_id": 258345805, "name": "Erholungsgebiet Kellerberg", "area_m2": 137965.5 }, "geometry": { "type": "Point", "coordinates": [ 16.31007879760336, 48.123167891782153 ] } },
{ "type": "Feature", "properties": { "osm_id": 261704730, "name": "Parkanlage Ortliebgasse", "area_m2": 4808.1 }, "geometry": { "type": "Point", "coordinates": [ 16.330768780795893, 48.217522246670839 ] } },
{ "type": "Feature", "properties": { "osm_id": 264079837, "name": null, "area_m2": 2884.0 }, "geometry": { "type": "Point", "coordinates": [ 16.387156282133482, 48.291363508011479 ] } },
{ "type": "Feature", "properties": { "osm_id": 264079838, "name": null, "area_m2": 1391.8 }, "geometry": { "type": "Point", "coordinates": [ 16.387248707645519, 48.291110818060943 ] } },
{ "type": "Feature", "properties": { "osm_id": 264819425, "name": null, "area_m2": 38064.1 }, "geometry": { "type": "Point", "coordinates": [ 16.256698299367649, 48.131644312932934 ] } },
{ "type": "Feature", "properties": { "osm_id": 264904524, "name": "Parkanlage Seeschlachtweg", "area_m2": 3213.6 }, "geometry": { "type": "Point", "coordinates": [ 16.427043525391834, 48.170355774487824 ] } },
{ "type": "Feature", "properties": { "osm_id": 264904525, "name": "Seeschlachtpark", "area_m2": 3672.7 }, "geometry": { "type": "Point", "coordinates": [ 16.434100415916141, 48.168368880877104 ] } },
{ "type": "Feature", "properties": { "osm_id": 266073551, "name": "Madame-d'Ora-Park", "area_m2": 5003.7 }, "geometry": { "type": "Point", "coordinates": [ 16.498687733617828, 48.223113613484017 ] } },
{ "type": "Feature", "properties": { "osm_id": 269808941, "name": null, "area_m2": 551.9 }, "geometry": { "type": "Point", "coordinates": [ 16.268552573125646, 48.150342266158006 ] } },
{ "type": "Feature", "properties": { "osm_id": 271992594, "name": "Stadtwildnis Gaudenzdorfer Gürtel", "area_m2": 11978.2 }, "geometry": { "type": "Point", "coordinates": [ 16.340360238373574, 48.188135596223454 ] } },
{ "type": "Feature", "properties": { "osm_id": 275491385, "name": null, "area_m2": 989.5 }, "geometry": { "type": "Point", "coordinates": [ 16.444087613931007, 48.23389188561174 ] } },
{ "type": "Feature", "properties": { "osm_id": 275675497, "name": null, "area_m2": 826.0 }, "geometry": { "type": "Point", "coordinates": [ 16.392256952018549, 48.183963535418592 ] } },
{ "type": "Feature", "properties": { "osm_id": 277958458, "name": "Parkanlage Steinergasse", "area_m2": 2188.7 }, "geometry": { "type": "Point", "coordinates": [ 16.288327393686053, 48.140810750172122 ] } },
{ "type": "Feature", "properties": { "osm_id": 278210486, "name": null, "area_m2": 1185.0 }, "geometry": { "type": "Point", "coordinates": [ 16.393813601992321, 48.280973997740112 ] } },
{ "type": "Feature", "properties": { "osm_id": 281163671, "name": "12.Februar-Park", "area_m2": 10448.8 }, "geometry": { "type": "Point", "coordinates": [ 16.363724355502896, 48.249460060482527 ] } },
{ "type": "Feature", "properties": { "osm_id": 283380285, "name": "Franz-Hengl-Park", "area_m2": 592.8 }, "geometry": { "type": "Point", "coordinates": [ 16.339731233528525, 48.256980518213297 ] } },
{ "type": "Feature", "properties": { "osm_id": 288998219, "name": null, "area_m2": 6707.4 }, "geometry": { "type": "Point", "coordinates": [ 16.424587098050036, 48.231243614917119 ] } },
{ "type": "Feature", "properties": { "osm_id": 288998220, "name": "Kleiner Säulenhaufen", "area_m2": 13530.8 }, "geometry": { "type": "Point", "coordinates": [ 16.423173150483109, 48.230854724768967 ] } },
{ "type": "Feature", "properties": { "osm_id": 295289420, "name": null, "area_m2": 8702.1 }, "geometry": { "type": "Point", "coordinates": [ 16.341989742659372, 48.155969442875573 ] } },
{ "type": "Feature", "properties": { "osm_id": 299696929, "name": "Emil-Maurer-Park", "area_m2": 5583.9 }, "geometry": { "type": "Point", "coordinates": [ 16.338244850931005, 48.199422521063831 ] } },
{ "type": "Feature", "properties": { "osm_id": 301665282, "name": null, "area_m2": 34857.2 }, "geometry": { "type": "Point", "coordinates": [ 16.300865412467846, 48.155661277467274 ] } },
{ "type": "Feature", "properties": { "osm_id": 301720642, "name": null, "area_m2": 10098.4 }, "geometry": { "type": "Point", "coordinates": [ 16.53484510419198, 48.229294552512073 ] } },
{ "type": "Feature", "properties": { "osm_id": 302506707, "name": null, "area_m2": 586.4 }, "geometry": { "type": "Point", "coordinates": [ 16.375009991624903, 48.18441408256826 ] } },
{ "type": "Feature", "properties": { "osm_id": 303603039, "name": "Lagerwiese Angelibad", "area_m2": 13729.1 }, "geometry": { "type": "Point", "coordinates": [ 16.401744441962499, 48.247885184251032 ] } },
{ "type": "Feature", "properties": { "osm_id": 309455704, "name": "Hans-Smital-Park", "area_m2": 5045.5 }, "geometry": { "type": "Point", "coordinates": [ 16.392619014961213, 48.263063465578043 ] } },
{ "type": "Feature", "properties": { "osm_id": 309456554, "name": "Franz-Polly-Park", "area_m2": 4862.1 }, "geometry": { "type": "Point", "coordinates": [ 16.38894406485873, 48.2667014212306 ] } },
{ "type": "Feature", "properties": { "osm_id": 319193813, "name": null, "area_m2": 638.1 }, "geometry": { "type": "Point", "coordinates": [ 16.37933887149023, 48.17859888217049 ] } },
{ "type": "Feature", "properties": { "osm_id": 319454710, "name": "Gustav-Klimt-Park", "area_m2": 8048.9 }, "geometry": { "type": "Point", "coordinates": [ 16.285459072541894, 48.195810914259106 ] } },
{ "type": "Feature", "properties": { "osm_id": 319848710, "name": null, "area_m2": 818.7 }, "geometry": { "type": "Point", "coordinates": [ 16.377043915789329, 48.197867656142051 ] } },
{ "type": "Feature", "properties": { "osm_id": 319848713, "name": null, "area_m2": 105.6 }, "geometry": { "type": "Point", "coordinates": [ 16.377285988433137, 48.198120590132412 ] } },
{ "type": "Feature", "properties": { "osm_id": 319848719, "name": null, "area_m2": 1021.6 }, "geometry": { "type": "Point", "coordinates": [ 16.375806380276323, 48.19700851377997 ] } },
{ "type": "Feature", "properties": { "osm_id": 326541932, "name": null, "area_m2": 3899.5 }, "geometry": { "type": "Point", "coordinates": [ 16.219667256299644, 48.210409202574773 ] } },
{ "type": "Feature", "properties": { "osm_id": 327809774, "name": null, "area_m2": 973.0 }, "geometry": { "type": "Point", "coordinates": [ 16.496346681624914, 48.277384983160857 ] } },
{ "type": "Feature", "properties": { "osm_id": 328039095, "name": null, "area_m2": 375.0 }, "geometry": { "type": "Point", "coordinates": [ 16.495640843779118, 48.277754381298728 ] } },
{ "type": "Feature", "properties": { "osm_id": 328039096, "name": null, "area_m2": 1020.8 }, "geometry": { "type": "Point", "coordinates": [ 16.495008157365266, 48.277942840917518 ] } },
{ "type": "Feature", "properties": { "osm_id": 328039836, "name": null, "area_m2": 421.3 }, "geometry": { "type": "Point", "coordinates": [ 16.488639472385149, 48.216886612837762 ] } },
{ "type": "Feature", "properties": { "osm_id": 328234408, "name": "Hugo-Gottschlich-Park", "area_m2": 2030.9 }, "geometry": { "type": "Point", "coordinates": [ 16.36863627432118, 48.235219978123723 ] } },
{ "type": "Feature", "properties": { "osm_id": 330066050, "name": null, "area_m2": 903.5 }, "geometry": { "type": "Point", "coordinates": [ 16.291731275403439, 48.199462929668194 ] } },
{ "type": "Feature", "properties": { "osm_id": 330477705, "name": null, "area_m2": 2555.5 }, "geometry": { "type": "Point", "coordinates": [ 16.270042734234693, 48.177564320043281 ] } },
{ "type": "Feature", "properties": { "osm_id": 330575830, "name": null, "area_m2": 388.9 }, "geometry": { "type": "Point", "coordinates": [ 16.444079503150171, 48.266612779117011 ] } },
{ "type": "Feature", "properties": { "osm_id": 330847819, "name": "Parkanlage Gitlbauergasse", "area_m2": 20419.4 }, "geometry": { "type": "Point", "coordinates": [ 16.448649340488863, 48.272235916483538 ] } },
{ "type": "Feature", "properties": { "osm_id": 332179604, "name": null, "area_m2": 427.6 }, "geometry": { "type": "Point", "coordinates": [ 16.344931088662527, 48.19423085150796 ] } },
{ "type": "Feature", "properties": { "osm_id": 338187418, "name": null, "area_m2": 18955.0 }, "geometry": { "type": "Point", "coordinates": [ 16.361666429321712, 48.27030238918725 ] } },
{ "type": "Feature", "properties": { "osm_id": 340338099, "name": null, "area_m2": 30062.2 }, "geometry": { "type": "Point", "coordinates": [ 16.246067721318301, 48.170790014452962 ] } },
{ "type": "Feature", "properties": { "osm_id": 343950208, "name": null, "area_m2": 2337.4 }, "geometry": { "type": "Point", "coordinates": [ 16.286194209276768, 48.197138999766317 ] } },
{ "type": "Feature", "properties": { "osm_id": 345187286, "name": null, "area_m2": 12600.1 }, "geometry": { "type": "Point", "coordinates": [ 16.291022988506754, 48.19508245630864 ] } },
{ "type": "Feature", "properties": { "osm_id": 345187288, "name": null, "area_m2": 3235.7 }, "geometry": { "type": "Point", "coordinates": [ 16.29794981650311, 48.195348582283899 ] } },
{ "type": "Feature", "properties": { "osm_id": 346933371, "name": null, "area_m2": 3908.7 }, "geometry": { "type": "Point", "coordinates": [ 16.294545914152621, 48.197763213249459 ] } },
{ "type": "Feature", "properties": { "osm_id": 346933530, "name": null, "area_m2": 905.9 }, "geometry": { "type": "Point", "coordinates": [ 16.288376729738662, 48.206216323663867 ] } },
{ "type": "Feature", "properties": { "osm_id": 347060527, "name": null, "area_m2": 374.0 }, "geometry": { "type": "Point", "coordinates": [ 16.38159977908936, 48.209976190655155 ] } },
{ "type": "Feature", "properties": { "osm_id": 347675565, "name": null, "area_m2": 30304.4 }, "geometry": { "type": "Point", "coordinates": [ 16.273703492281768, 48.165334965316639 ] } },
{ "type": "Feature", "properties": { "osm_id": 347675570, "name": null, "area_m2": 6366.7 }, "geometry": { "type": "Point", "coordinates": [ 16.271170004324819, 48.166294907478004 ] } },
{ "type": "Feature", "properties": { "osm_id": 347982972, "name": null, "area_m2": 7545.2 }, "geometry": { "type": "Point", "coordinates": [ 16.30761875713802, 48.2439477952326 ] } },
{ "type": "Feature", "properties": { "osm_id": 348340590, "name": "Ignaz-Kuranda-Park", "area_m2": 2407.1 }, "geometry": { "type": "Point", "coordinates": [ 16.333803347738002, 48.186472755477219 ] } },
{ "type": "Feature", "properties": { "osm_id": 349693925, "name": null, "area_m2": 985.4 }, "geometry": { "type": "Point", "coordinates": [ 16.368948905278529, 48.204918702363152 ] } },
{ "type": "Feature", "properties": { "osm_id": 350104385, "name": null, "area_m2": 2454.1 }, "geometry": { "type": "Point", "coordinates": [ 16.382098438320057, 48.161982394958102 ] } },
{ "type": "Feature", "properties": { "osm_id": 350104388, "name": null, "area_m2": 9580.5 }, "geometry": { "type": "Point", "coordinates": [ 16.379753160830884, 48.164947033857935 ] } },
{ "type": "Feature", "properties": { "osm_id": 351266600, "name": null, "area_m2": 7542.1 }, "geometry": { "type": "Point", "coordinates": [ 16.43227610135872, 48.132651356118501 ] } },
{ "type": "Feature", "properties": { "osm_id": 352164101, "name": null, "area_m2": 466.1 }, "geometry": { "type": "Point", "coordinates": [ 16.378987436701131, 48.211301981909969 ] } },
{ "type": "Feature", "properties": { "osm_id": 352168572, "name": null, "area_m2": 7750.9 }, "geometry": { "type": "Point", "coordinates": [ 16.381890433794901, 48.148826316828156 ] } },
{ "type": "Feature", "properties": { "osm_id": 352382579, "name": "Pisecpark", "area_m2": 1789.4 }, "geometry": { "type": "Point", "coordinates": [ 16.317772401391455, 48.243246376678186 ] } },
{ "type": "Feature", "properties": { "osm_id": 353899668, "name": "Helma-Pavlis-Park", "area_m2": 1745.8 }, "geometry": { "type": "Point", "coordinates": [ 16.389240922549568, 48.295325692178942 ] } },
{ "type": "Feature", "properties": { "osm_id": 353899669, "name": null, "area_m2": 3631.6 }, "geometry": { "type": "Point", "coordinates": [ 16.386819387344563, 48.294947059899684 ] } },
{ "type": "Feature", "properties": { "osm_id": 353899673, "name": null, "area_m2": 1862.4 }, "geometry": { "type": "Point", "coordinates": [ 16.38534008208935, 48.29450815526323 ] } },
{ "type": "Feature", "properties": { "osm_id": 356996769, "name": "Anton-Kummerer-Park", "area_m2": 12326.3 }, "geometry": { "type": "Point", "coordinates": [ 16.36407486277005, 48.234867575504552 ] } },
{ "type": "Feature", "properties": { "osm_id": 358651073, "name": null, "area_m2": 4464.3 }, "geometry": { "type": "Point", "coordinates": [ 16.289409146825328, 48.19812795103168 ] } },
{ "type": "Feature", "properties": { "osm_id": 364017385, "name": "Parkanlage Dirmhirngasse", "area_m2": 7058.7 }, "geometry": { "type": "Point", "coordinates": [ 16.286990591568394, 48.145751769252321 ] } },
{ "type": "Feature", "properties": { "osm_id": 364017390, "name": "Parkanlage Fröhlichgasse", "area_m2": 3386.5 }, "geometry": { "type": "Point", "coordinates": [ 16.288223103788635, 48.137034672858519 ] } },
{ "type": "Feature", "properties": { "osm_id": 364017395, "name": "Parkanlage Riegermühle", "area_m2": 7077.6 }, "geometry": { "type": "Point", "coordinates": [ 16.300593282261747, 48.147619925168414 ] } },
{ "type": "Feature", "properties": { "osm_id": 364018847, "name": "Parkanlage Pölleritzergasse", "area_m2": 8377.8 }, "geometry": { "type": "Point", "coordinates": [ 16.287198712898043, 48.15195876967271 ] } },
{ "type": "Feature", "properties": { "osm_id": 366347763, "name": null, "area_m2": 2597.3 }, "geometry": { "type": "Point", "coordinates": [ 16.265576819082533, 48.177045834169384 ] } },
{ "type": "Feature", "properties": { "osm_id": 366347764, "name": null, "area_m2": 3159.0 }, "geometry": { "type": "Point", "coordinates": [ 16.267785378114084, 48.177323736513266 ] } },
{ "type": "Feature", "properties": { "osm_id": 366347765, "name": null, "area_m2": 3703.4 }, "geometry": { "type": "Point", "coordinates": [ 16.26316605843726, 48.176473176083149 ] } },
{ "type": "Feature", "properties": { "osm_id": 366347767, "name": "Parkanlage Gemeindeberggasse", "area_m2": 5151.5 }, "geometry": { "type": "Point", "coordinates": [ 16.264354527416771, 48.177581462575183 ] } },
{ "type": "Feature", "properties": { "osm_id": 366850402, "name": "Park der Freiheit", "area_m2": 1392.6 }, "geometry": { "type": "Point", "coordinates": [ 16.314502854457121, 48.22347541475574 ] } },
{ "type": "Feature", "properties": { "osm_id": 372723323, "name": null, "area_m2": 861.1 }, "geometry": { "type": "Point", "coordinates": [ 16.335146757288779, 48.184702848342013 ] } },
{ "type": "Feature", "properties": { "osm_id": 374959602, "name": "Parkanlage Kürschnergasse", "area_m2": 4532.5 }, "geometry": { "type": "Point", "coordinates": [ 16.446045531913814, 48.274958814222217 ] } },
{ "type": "Feature", "properties": { "osm_id": 375270745, "name": "Parkanlage Dominik-Wölfl-Gasse", "area_m2": 7290.7 }, "geometry": { "type": "Point", "coordinates": [ 16.438130127930613, 48.269703063989844 ] } },
{ "type": "Feature", "properties": { "osm_id": 375270747, "name": "Parkanlage Koschakergasse", "area_m2": 2609.5 }, "geometry": { "type": "Point", "coordinates": [ 16.439003228111464, 48.27104384941493 ] } },
{ "type": "Feature", "properties": { "osm_id": 375270757, "name": "Parkanlage Moritz-Dreger-Gasse", "area_m2": 2890.4 }, "geometry": { "type": "Point", "coordinates": [ 16.442270756010075, 48.271648906392258 ] } },
{ "type": "Feature", "properties": { "osm_id": 383040048, "name": "Parkanlage Hyazinthengasse", "area_m2": 4067.8 }, "geometry": { "type": "Point", "coordinates": [ 16.46682264949813, 48.231811787520151 ] } },
{ "type": "Feature", "properties": { "osm_id": 383044110, "name": "Richard-Eybner-Park", "area_m2": 1455.7 }, "geometry": { "type": "Point", "coordinates": [ 16.348415749018866, 48.24314176793937 ] } },
{ "type": "Feature", "properties": { "osm_id": 385723197, "name": "Geniehof", "area_m2": 2091.6 }, "geometry": { "type": "Point", "coordinates": [ 16.363357460492811, 48.201107647444502 ] } },
{ "type": "Feature", "properties": { "osm_id": 388116226, "name": null, "area_m2": 170.3 }, "geometry": { "type": "Point", "coordinates": [ 16.277922063513785, 48.215588418297791 ] } },
{ "type": "Feature", "properties": { "osm_id": 388118318, "name": null, "area_m2": 4382.0 }, "geometry": { "type": "Point", "coordinates": [ 16.285390325847938, 48.220060830415775 ] } },
{ "type": "Feature", "properties": { "osm_id": 389762941, "name": "Herrmannpark", "area_m2": 10754.0 }, "geometry": { "type": "Point", "coordinates": [ 16.38688259357243, 48.212348407689845 ] } },
{ "type": "Feature", "properties": { "osm_id": 391517775, "name": "Hof 13", "area_m2": 3422.8 }, "geometry": { "type": "Point", "coordinates": [ 16.353409443435293, 48.218338468424193 ] } },
{ "type": "Feature", "properties": { "osm_id": 396160655, "name": "Josef-Grössing-Park", "area_m2": 10556.5 }, "geometry": { "type": "Point", "coordinates": [ 16.444061644603639, 48.286183866271671 ] } },
{ "type": "Feature", "properties": { "osm_id": 402848375, "name": null, "area_m2": 17028.0 }, "geometry": { "type": "Point", "coordinates": [ 16.468386594836915, 48.234032512848309 ] } },
{ "type": "Feature", "properties": { "osm_id": 402848376, "name": null, "area_m2": 6359.4 }, "geometry": { "type": "Point", "coordinates": [ 16.468771552508155, 48.235752173803228 ] } },
{ "type": "Feature", "properties": { "osm_id": 403720797, "name": null, "area_m2": 702.6 }, "geometry": { "type": "Point", "coordinates": [ 16.287477896436023, 48.189718015515368 ] } },
{ "type": "Feature", "properties": { "osm_id": 404050682, "name": null, "area_m2": 15809.6 }, "geometry": { "type": "Point", "coordinates": [ 16.265038428069435, 48.192779185898054 ] } },
{ "type": "Feature", "properties": { "osm_id": 404999309, "name": "Schlosspark Hirschstetten", "area_m2": 11302.9 }, "geometry": { "type": "Point", "coordinates": [ 16.465991944102733, 48.236601238026161 ] } },
{ "type": "Feature", "properties": { "osm_id": 409010001, "name": null, "area_m2": 14942.3 }, "geometry": { "type": "Point", "coordinates": [ 16.422123565510969, 48.246841077356478 ] } },
{ "type": "Feature", "properties": { "osm_id": 413496152, "name": "Strombucht", "area_m2": 5845.4 }, "geometry": { "type": "Point", "coordinates": [ 16.430859841007294, 48.220474354421654 ] } },
{ "type": "Feature", "properties": { "osm_id": 415526023, "name": null, "area_m2": 12251.8 }, "geometry": { "type": "Point", "coordinates": [ 16.471978370070222, 48.236643087854652 ] } },
{ "type": "Feature", "properties": { "osm_id": 415684382, "name": "Denglerpark", "area_m2": 24043.9 }, "geometry": { "type": "Point", "coordinates": [ 16.393375976969242, 48.272931001637602 ] } },
{ "type": "Feature", "properties": { "osm_id": 415725894, "name": "Parkanlage Trillergasse", "area_m2": 27548.4 }, "geometry": { "type": "Point", "coordinates": [ 16.400787959276105, 48.275324813295526 ] } },
{ "type": "Feature", "properties": { "osm_id": 422629481, "name": null, "area_m2": 7764.9 }, "geometry": { "type": "Point", "coordinates": [ 16.415034680895285, 48.291385250237809 ] } },
{ "type": "Feature", "properties": { "osm_id": 424977253, "name": null, "area_m2": 4815.1 }, "geometry": { "type": "Point", "coordinates": [ 16.363169770288017, 48.247688736033396 ] } },
{ "type": "Feature", "properties": { "osm_id": 424978611, "name": null, "area_m2": 292.0 }, "geometry": { "type": "Point", "coordinates": [ 16.365690110446479, 48.253121272319333 ] } },
{ "type": "Feature", "properties": { "osm_id": 424979868, "name": null, "area_m2": 520.1 }, "geometry": { "type": "Point", "coordinates": [ 16.365339601474165, 48.253449910625484 ] } },
{ "type": "Feature", "properties": { "osm_id": 424979869, "name": null, "area_m2": 891.8 }, "geometry": { "type": "Point", "coordinates": [ 16.3653355100355, 48.253124330772081 ] } },
{ "type": "Feature", "properties": { "osm_id": 424979870, "name": null, "area_m2": 525.8 }, "geometry": { "type": "Point", "coordinates": [ 16.365714754007563, 48.253387993095508 ] } },
{ "type": "Feature", "properties": { "osm_id": 424980084, "name": null, "area_m2": 2806.5 }, "geometry": { "type": "Point", "coordinates": [ 16.36520675457513, 48.25273251072889 ] } },
{ "type": "Feature", "properties": { "osm_id": 428816234, "name": "Mühlschüttelpark", "area_m2": 9687.1 }, "geometry": { "type": "Point", "coordinates": [ 16.412240165482778, 48.248505649231539 ] } },
{ "type": "Feature", "properties": { "osm_id": 436930899, "name": "Kempelenpark", "area_m2": 2979.9 }, "geometry": { "type": "Point", "coordinates": [ 16.393835330406937, 48.174115495142587 ] } },
{ "type": "Feature", "properties": { "osm_id": 450449188, "name": null, "area_m2": 43222.2 }, "geometry": { "type": "Point", "coordinates": [ 16.355024707543546, 48.148665367621888 ] } },
{ "type": "Feature", "properties": { "osm_id": 450457358, "name": null, "area_m2": 12796.9 }, "geometry": { "type": "Point", "coordinates": [ 16.364048262818006, 48.146153310171535 ] } },
{ "type": "Feature", "properties": { "osm_id": 450457364, "name": null, "area_m2": 71185.9 }, "geometry": { "type": "Point", "coordinates": [ 16.374607486559597, 48.142427314178441 ] } },
{ "type": "Feature", "properties": { "osm_id": 457462390, "name": "Stadtpark Leberberg", "area_m2": 28819.5 }, "geometry": { "type": "Point", "coordinates": [ 16.461080433023817, 48.153607212577462 ] } },
{ "type": "Feature", "properties": { "osm_id": 459348473, "name": null, "area_m2": 2588.6 }, "geometry": { "type": "Point", "coordinates": [ 16.362120028929588, 48.25651994861235 ] } },
{ "type": "Feature", "properties": { "osm_id": 460596447, "name": null, "area_m2": 792.2 }, "geometry": { "type": "Point", "coordinates": [ 16.371651576072249, 48.198092754898617 ] } },
{ "type": "Feature", "properties": { "osm_id": 465438012, "name": "Franziska-Löw-Park", "area_m2": 6530.3 }, "geometry": { "type": "Point", "coordinates": [ 16.390815799265681, 48.22304226641414 ] } },
{ "type": "Feature", "properties": { "osm_id": 465847303, "name": "Kriemhildplatz", "area_m2": 1059.5 }, "geometry": { "type": "Point", "coordinates": [ 16.328905513944495, 48.202444233215516 ] } },
{ "type": "Feature", "properties": { "osm_id": 468524577, "name": null, "area_m2": 7297.8 }, "geometry": { "type": "Point", "coordinates": [ 16.415042258589217, 48.291398498642614 ] } },
{ "type": "Feature", "properties": { "osm_id": 468527517, "name": "Wohnhauspark", "area_m2": 1540.8 }, "geometry": { "type": "Point", "coordinates": [ 16.416056205256663, 48.292863824481792 ] } },
{ "type": "Feature", "properties": { "osm_id": 468530043, "name": null, "area_m2": 1142.3 }, "geometry": { "type": "Point", "coordinates": [ 16.407860969977413, 48.280960326857148 ] } },
{ "type": "Feature", "properties": { "osm_id": 468531041, "name": null, "area_m2": 1422.7 }, "geometry": { "type": "Point", "coordinates": [ 16.407631380046514, 48.281368210468173 ] } },
{ "type": "Feature", "properties": { "osm_id": 468533160, "name": null, "area_m2": 3486.7 }, "geometry": { "type": "Point", "coordinates": [ 16.411175506902392, 48.279777920234046 ] } },
{ "type": "Feature", "properties": { "osm_id": 469378368, "name": null, "area_m2": 4238.8 }, "geometry": { "type": "Point", "coordinates": [ 16.518089775425068, 48.208862427569208 ] } },
{ "type": "Feature", "properties": { "osm_id": 469390745, "name": null, "area_m2": 3835.4 }, "geometry": { "type": "Point", "coordinates": [ 16.516855397656446, 48.201997102158892 ] } },
{ "type": "Feature", "properties": { "osm_id": 469909545, "name": null, "area_m2": 98.2 }, "geometry": { "type": "Point", "coordinates": [ 16.33314945750103, 48.243676858019953 ] } },
{ "type": "Feature", "properties": { "osm_id": 469909546, "name": null, "area_m2": 255.9 }, "geometry": { "type": "Point", "coordinates": [ 16.33357561471389, 48.243644129972047 ] } },
{ "type": "Feature", "properties": { "osm_id": 474861965, "name": "Kinderspielplatz Fasangarten", "area_m2": 1981.6 }, "geometry": { "type": "Point", "coordinates": [ 16.287646295656739, 48.175209766204119 ] } },
{ "type": "Feature", "properties": { "osm_id": 479961793, "name": null, "area_m2": 3056.9 }, "geometry": { "type": "Point", "coordinates": [ 16.484936952237994, 48.237024513335669 ] } },
{ "type": "Feature", "properties": { "osm_id": 480027939, "name": "Park im Hof der Kirche", "area_m2": 867.5 }, "geometry": { "type": "Point", "coordinates": [ 16.352566072083185, 48.22828171756931 ] } },
{ "type": "Feature", "properties": { "osm_id": 483646734, "name": null, "area_m2": 5026.3 }, "geometry": { "type": "Point", "coordinates": [ 16.349497346013493, 48.171519307042033 ] } },
{ "type": "Feature", "properties": { "osm_id": 483696066, "name": "Wiesmayergarten", "area_m2": 82.7 }, "geometry": { "type": "Point", "coordinates": [ 16.416922687535564, 48.133321489337497 ] } },
{ "type": "Feature", "properties": { "osm_id": 494852837, "name": null, "area_m2": 220.8 }, "geometry": { "type": "Point", "coordinates": [ 16.350170355453766, 48.13748953427686 ] } },
{ "type": "Feature", "properties": { "osm_id": 494852838, "name": null, "area_m2": 251.7 }, "geometry": { "type": "Point", "coordinates": [ 16.348706645381377, 48.137845708687621 ] } },
{ "type": "Feature", "properties": { "osm_id": 494852839, "name": null, "area_m2": 805.0 }, "geometry": { "type": "Point", "coordinates": [ 16.348241761321219, 48.138121718759777 ] } },
{ "type": "Feature", "properties": { "osm_id": 494853360, "name": null, "area_m2": 830.6 }, "geometry": { "type": "Point", "coordinates": [ 16.349157810152658, 48.138668693002884 ] } },
{ "type": "Feature", "properties": { "osm_id": 506767768, "name": "Waisenhauspark", "area_m2": 8699.3 }, "geometry": { "type": "Point", "coordinates": [ 16.398606814419221, 48.191328229820655 ] } },
{ "type": "Feature", "properties": { "osm_id": 517123553, "name": null, "area_m2": 983.8 }, "geometry": { "type": "Point", "coordinates": [ 16.408102781609898, 48.166997119256216 ] } },
{ "type": "Feature", "properties": { "osm_id": 521277413, "name": null, "area_m2": 514.7 }, "geometry": { "type": "Point", "coordinates": [ 16.470266890935349, 48.227511848526092 ] } },
{ "type": "Feature", "properties": { "osm_id": 523813127, "name": null, "area_m2": 587.6 }, "geometry": { "type": "Point", "coordinates": [ 16.360165652329432, 48.25947644462115 ] } },
{ "type": "Feature", "properties": { "osm_id": 531178635, "name": null, "area_m2": 1177.3 }, "geometry": { "type": "Point", "coordinates": [ 16.433984974709439, 48.286819191130981 ] } },
{ "type": "Feature", "properties": { "osm_id": 531178638, "name": null, "area_m2": 932.4 }, "geometry": { "type": "Point", "coordinates": [ 16.433770294548186, 48.287069405594899 ] } },
{ "type": "Feature", "properties": { "osm_id": 542778843, "name": "Maria-Rekker-Park", "area_m2": 2158.2 }, "geometry": { "type": "Point", "coordinates": [ 16.381882066394699, 48.164211562489982 ] } },
{ "type": "Feature", "properties": { "osm_id": 544242803, "name": "Odeonpark", "area_m2": 3147.3 }, "geometry": { "type": "Point", "coordinates": [ 16.384748957670084, 48.217818294195226 ] } },
{ "type": "Feature", "properties": { "osm_id": 546340540, "name": "Belvedere", "area_m2": 166718.8 }, "geometry": { "type": "Point", "coordinates": [ 16.38067950936097, 48.193183967610175 ] } },
{ "type": "Feature", "properties": { "osm_id": 548331764, "name": "Bertha-Neumann-Park", "area_m2": 840.5 }, "geometry": { "type": "Point", "coordinates": [ 16.274698625832496, 48.139862936149825 ] } },
{ "type": "Feature", "properties": { "osm_id": 548720062, "name": "Neuesslinger Park", "area_m2": 1754.2 }, "geometry": { "type": "Point", "coordinates": [ 16.531764840821083, 48.249456164814099 ] } },
{ "type": "Feature", "properties": { "osm_id": 551031460, "name": "Stadtpark-Kinderpark", "area_m2": 47758.0 }, "geometry": { "type": "Point", "coordinates": [ 16.381166143926578, 48.203802647311022 ] } },
{ "type": "Feature", "properties": { "osm_id": 551031461, "name": "Stadtpark", "area_m2": 72282.9 }, "geometry": { "type": "Point", "coordinates": [ 16.379632209981676, 48.204757201685325 ] } },
{ "type": "Feature", "properties": { "osm_id": 551497332, "name": "Grete-Salzer-Park", "area_m2": 2193.1 }, "geometry": { "type": "Point", "coordinates": [ 16.332411509184546, 48.176137984556313 ] } },
{ "type": "Feature", "properties": { "osm_id": 551693001, "name": null, "area_m2": 3423.1 }, "geometry": { "type": "Point", "coordinates": [ 16.392893385254176, 48.145758896003208 ] } },
{ "type": "Feature", "properties": { "osm_id": 551693156, "name": null, "area_m2": 12958.1 }, "geometry": { "type": "Point", "coordinates": [ 16.39406616644203, 48.14594667644792 ] } },
{ "type": "Feature", "properties": { "osm_id": 551819981, "name": null, "area_m2": 976.1 }, "geometry": { "type": "Point", "coordinates": [ 16.346024500651982, 48.171283385685321 ] } },
{ "type": "Feature", "properties": { "osm_id": 551948603, "name": "Parkanlage Mautner-Markhof-Gasse", "area_m2": 12216.0 }, "geometry": { "type": "Point", "coordinates": [ 16.422826299571771, 48.177640898224873 ] } },
{ "type": "Feature", "properties": { "osm_id": 552355491, "name": null, "area_m2": 955.9 }, "geometry": { "type": "Point", "coordinates": [ 16.38980189313785, 48.146425149590726 ] } },
{ "type": "Feature", "properties": { "osm_id": 552355495, "name": null, "area_m2": 1009.6 }, "geometry": { "type": "Point", "coordinates": [ 16.390048719067249, 48.146734917633538 ] } },
{ "type": "Feature", "properties": { "osm_id": 553080401, "name": "Maria-Trapp-Platz", "area_m2": 1266.5 }, "geometry": { "type": "Point", "coordinates": [ 16.504936432667481, 48.224150310793121 ] } },
{ "type": "Feature", "properties": { "osm_id": 555084264, "name": null, "area_m2": 1236.3 }, "geometry": { "type": "Point", "coordinates": [ 16.389253888836961, 48.147033208593385 ] } },
{ "type": "Feature", "properties": { "osm_id": 555084265, "name": null, "area_m2": 1431.7 }, "geometry": { "type": "Point", "coordinates": [ 16.389083392675847, 48.146722238791639 ] } },
{ "type": "Feature", "properties": { "osm_id": 555084271, "name": null, "area_m2": 2754.1 }, "geometry": { "type": "Point", "coordinates": [ 16.388428886282661, 48.147713805893787 ] } },
{ "type": "Feature", "properties": { "osm_id": 555084272, "name": null, "area_m2": 744.4 }, "geometry": { "type": "Point", "coordinates": [ 16.388900079080948, 48.147496964665457 ] } },
{ "type": "Feature", "properties": { "osm_id": 558533878, "name": null, "area_m2": 115.6 }, "geometry": { "type": "Point", "coordinates": [ 16.290490039268743, 48.191006834947544 ] } },
{ "type": "Feature", "properties": { "osm_id": 560570221, "name": "Parkanlage Hasenleitengasse", "area_m2": 10384.5 }, "geometry": { "type": "Point", "coordinates": [ 16.416521420530724, 48.164695679866369 ] } },
{ "type": "Feature", "properties": { "osm_id": 560799733, "name": "Parkanlage Flammweg", "area_m2": 8689.4 }, "geometry": { "type": "Point", "coordinates": [ 16.469743889784098, 48.154390241472406 ] } },
{ "type": "Feature", "properties": { "osm_id": 563320116, "name": null, "area_m2": 334.9 }, "geometry": { "type": "Point", "coordinates": [ 16.32301601112265, 48.223587858067752 ] } },
{ "type": "Feature", "properties": { "osm_id": 567719309, "name": null, "area_m2": 14168.2 }, "geometry": { "type": "Point", "coordinates": [ 16.304083345367701, 48.221691117660569 ] } },
{ "type": "Feature", "properties": { "osm_id": 567720291, "name": null, "area_m2": 12489.7 }, "geometry": { "type": "Point", "coordinates": [ 16.302783502532293, 48.222740193684096 ] } },
{ "type": "Feature", "properties": { "osm_id": 567721680, "name": null, "area_m2": 993.9 }, "geometry": { "type": "Point", "coordinates": [ 16.304997802830904, 48.221966557651037 ] } },
{ "type": "Feature", "properties": { "osm_id": 567721681, "name": null, "area_m2": 940.2 }, "geometry": { "type": "Point", "coordinates": [ 16.305349933282102, 48.220954862114624 ] } },
{ "type": "Feature", "properties": { "osm_id": 568608184, "name": "Schulbrüderpark Strebersdorf", "area_m2": 1016.8 }, "geometry": { "type": "Point", "coordinates": [ 16.389303179073458, 48.293809769084838 ] } },
{ "type": "Feature", "properties": { "osm_id": 575206612, "name": null, "area_m2": 2708.0 }, "geometry": { "type": "Point", "coordinates": [ 16.417909910342857, 48.182763688833667 ] } },
{ "type": "Feature", "properties": { "osm_id": 577813581, "name": null, "area_m2": 1264.4 }, "geometry": { "type": "Point", "coordinates": [ 16.364680841580558, 48.167987057301687 ] } },
{ "type": "Feature", "properties": { "osm_id": 577857363, "name": null, "area_m2": 21979.6 }, "geometry": { "type": "Point", "coordinates": [ 16.3660201643183, 48.167467518591806 ] } },
{ "type": "Feature", "properties": { "osm_id": 590556177, "name": null, "area_m2": 4503.0 }, "geometry": { "type": "Point", "coordinates": [ 16.465579506091562, 48.235611955997996 ] } },
{ "type": "Feature", "properties": { "osm_id": 592117823, "name": null, "area_m2": 4632.7 }, "geometry": { "type": "Point", "coordinates": [ 16.365856559972489, 48.254012755779875 ] } },
{ "type": "Feature", "properties": { "osm_id": 592117825, "name": null, "area_m2": 2520.5 }, "geometry": { "type": "Point", "coordinates": [ 16.36448527183277, 48.251062753270098 ] } },
{ "type": "Feature", "properties": { "osm_id": 592117827, "name": null, "area_m2": 2445.2 }, "geometry": { "type": "Point", "coordinates": [ 16.364279956422251, 48.250542531670938 ] } },
{ "type": "Feature", "properties": { "osm_id": 592117829, "name": null, "area_m2": 776.1 }, "geometry": { "type": "Point", "coordinates": [ 16.362580893429005, 48.246018604037808 ] } },
{ "type": "Feature", "properties": { "osm_id": 592117830, "name": null, "area_m2": 2468.7 }, "geometry": { "type": "Point", "coordinates": [ 16.36341962238534, 48.248331647454847 ] } },
{ "type": "Feature", "properties": { "osm_id": 595143204, "name": null, "area_m2": 6928.6 }, "geometry": { "type": "Point", "coordinates": [ 16.472201758945673, 48.245957338626759 ] } },
{ "type": "Feature", "properties": { "osm_id": 596952770, "name": "Hedy-Wunsch-Park", "area_m2": 5041.5 }, "geometry": { "type": "Point", "coordinates": [ 16.317652263153747, 48.148446545762667 ] } },
{ "type": "Feature", "properties": { "osm_id": 598560013, "name": "Parkanlage Zanaschkagasse", "area_m2": 5217.0 }, "geometry": { "type": "Point", "coordinates": [ 16.319373893786366, 48.158668554298949 ] } },
{ "type": "Feature", "properties": { "osm_id": 599951607, "name": null, "area_m2": 3218.9 }, "geometry": { "type": "Point", "coordinates": [ 16.417922045652904, 48.16736032003724 ] } },
{ "type": "Feature", "properties": { "osm_id": 612778673, "name": "Steinbauerpark", "area_m2": 11313.3 }, "geometry": { "type": "Point", "coordinates": [ 16.339912498204576, 48.181409244277283 ] } },
{ "type": "Feature", "properties": { "osm_id": 615241684, "name": null, "area_m2": 840.6 }, "geometry": { "type": "Point", "coordinates": [ 16.395014905652619, 48.190418984997329 ] } },
{ "type": "Feature", "properties": { "osm_id": 615241685, "name": null, "area_m2": 1400.0 }, "geometry": { "type": "Point", "coordinates": [ 16.394492732638899, 48.190225480438208 ] } },
{ "type": "Feature", "properties": { "osm_id": 615241686, "name": null, "area_m2": 1855.7 }, "geometry": { "type": "Point", "coordinates": [ 16.393816901202239, 48.190968112457703 ] } },
{ "type": "Feature", "properties": { "osm_id": 615462174, "name": null, "area_m2": 3779.2 }, "geometry": { "type": "Point", "coordinates": [ 16.415732795179622, 48.294763335568874 ] } },
{ "type": "Feature", "properties": { "osm_id": 615462178, "name": null, "area_m2": 4604.7 }, "geometry": { "type": "Point", "coordinates": [ 16.414773799827973, 48.293079964326665 ] } },
{ "type": "Feature", "properties": { "osm_id": 615498761, "name": null, "area_m2": 655.0 }, "geometry": { "type": "Point", "coordinates": [ 16.416475864638759, 48.294604629513671 ] } },
{ "type": "Feature", "properties": { "osm_id": 626290332, "name": null, "area_m2": 18106.6 }, "geometry": { "type": "Point", "coordinates": [ 16.408857439693836, 48.141264908352639 ] } },
{ "type": "Feature", "properties": { "osm_id": 627737296, "name": null, "area_m2": 4537.2 }, "geometry": { "type": "Point", "coordinates": [ 16.403728254175313, 48.225569126263309 ] } },
{ "type": "Feature", "properties": { "osm_id": 627737314, "name": null, "area_m2": 4856.1 }, "geometry": { "type": "Point", "coordinates": [ 16.40453405053119, 48.225059871798827 ] } },
{ "type": "Feature", "properties": { "osm_id": 629975281, "name": null, "area_m2": 605.0 }, "geometry": { "type": "Point", "coordinates": [ 16.425606831270795, 48.2614513941935 ] } },
{ "type": "Feature", "properties": { "osm_id": 630475103, "name": null, "area_m2": 7603.1 }, "geometry": { "type": "Point", "coordinates": [ 16.277504224059552, 48.194138396804533 ] } },
{ "type": "Feature", "properties": { "osm_id": 639954876, "name": null, "area_m2": 837.9 }, "geometry": { "type": "Point", "coordinates": [ 16.381303544031809, 48.152108718334276 ] } },
{ "type": "Feature", "properties": { "osm_id": 640281723, "name": null, "area_m2": 88.3 }, "geometry": { "type": "Point", "coordinates": [ 16.39442593690541, 48.190889838696023 ] } },
{ "type": "Feature", "properties": { "osm_id": 640283900, "name": null, "area_m2": 548.2 }, "geometry": { "type": "Point", "coordinates": [ 16.394171433500876, 48.191126062031472 ] } },
{ "type": "Feature", "properties": { "osm_id": 640284863, "name": null, "area_m2": 93.9 }, "geometry": { "type": "Point", "coordinates": [ 16.394125949928846, 48.190585707091756 ] } },
{ "type": "Feature", "properties": { "osm_id": 640288326, "name": null, "area_m2": 943.5 }, "geometry": { "type": "Point", "coordinates": [ 16.394806603587131, 48.190745277548679 ] } },
{ "type": "Feature", "properties": { "osm_id": 640289059, "name": null, "area_m2": 730.7 }, "geometry": { "type": "Point", "coordinates": [ 16.39324282207096, 48.191395521544045 ] } },
{ "type": "Feature", "properties": { "osm_id": 640311086, "name": "Ziakpark", "area_m2": 6554.2 }, "geometry": { "type": "Point", "coordinates": [ 16.39620528899415, 48.189892602944987 ] } },
{ "type": "Feature", "properties": { "osm_id": 640311562, "name": null, "area_m2": 214.9 }, "geometry": { "type": "Point", "coordinates": [ 16.39266789978117, 48.191733915331042 ] } },
{ "type": "Feature", "properties": { "osm_id": 643081188, "name": null, "area_m2": 140.5 }, "geometry": { "type": "Point", "coordinates": [ 16.283193553286498, 48.195346508929084 ] } },
{ "type": "Feature", "properties": { "osm_id": 643081189, "name": null, "area_m2": 79.8 }, "geometry": { "type": "Point", "coordinates": [ 16.282743913137686, 48.194811231254846 ] } },
{ "type": "Feature", "properties": { "osm_id": 643081190, "name": null, "area_m2": 205.4 }, "geometry": { "type": "Point", "coordinates": [ 16.282852306166152, 48.195079825790707 ] } },
{ "type": "Feature", "properties": { "osm_id": 643081749, "name": null, "area_m2": 105.4 }, "geometry": { "type": "Point", "coordinates": [ 16.278700722456612, 48.195587082431508 ] } },
{ "type": "Feature", "properties": { "osm_id": 643125665, "name": null, "area_m2": 237.0 }, "geometry": { "type": "Point", "coordinates": [ 16.283729037989065, 48.195215034937497 ] } },
{ "type": "Feature", "properties": { "osm_id": 643125666, "name": null, "area_m2": 51.9 }, "geometry": { "type": "Point", "coordinates": [ 16.283285684730707, 48.195048392527539 ] } },
{ "type": "Feature", "properties": { "osm_id": 648165343, "name": "Bruno-Pittermann-Platz", "area_m2": 3320.7 }, "geometry": { "type": "Point", "coordinates": [ 16.334934299561532, 48.184739544274777 ] } },
{ "type": "Feature", "properties": { "osm_id": 659936164, "name": null, "area_m2": 4747.9 }, "geometry": { "type": "Point", "coordinates": [ 16.286129435548588, 48.1977937260434 ] } },
{ "type": "Feature", "properties": { "osm_id": 659936165, "name": null, "area_m2": 738.2 }, "geometry": { "type": "Point", "coordinates": [ 16.286543324207123, 48.198396678638005 ] } },
{ "type": "Feature", "properties": { "osm_id": 661097018, "name": null, "area_m2": 3255.0 }, "geometry": { "type": "Point", "coordinates": [ 16.430889988117844, 48.289009022730809 ] } },
{ "type": "Feature", "properties": { "osm_id": 665450147, "name": null, "area_m2": 27745.9 }, "geometry": { "type": "Point", "coordinates": [ 16.387354643211438, 48.14582918848113 ] } },
{ "type": "Feature", "properties": { "osm_id": 691404114, "name": null, "area_m2": 14082.3 }, "geometry": { "type": "Point", "coordinates": [ 16.303437871744723, 48.142884601528785 ] } },
{ "type": "Feature", "properties": { "osm_id": 693941275, "name": null, "area_m2": 1343.2 }, "geometry": { "type": "Point", "coordinates": [ 16.453009151018499, 48.207296000136921 ] } },
{ "type": "Feature", "properties": { "osm_id": 704885893, "name": "Paula-von-Mirtow-Park", "area_m2": 7543.7 }, "geometry": { "type": "Point", "coordinates": [ 16.345569288429651, 48.179980807039797 ] } },
{ "type": "Feature", "properties": { "osm_id": 704886225, "name": "Trpinpark", "area_m2": 4234.3 }, "geometry": { "type": "Point", "coordinates": [ 16.468416917516638, 48.159885574688907 ] } },
{ "type": "Feature", "properties": { "osm_id": 708997574, "name": null, "area_m2": 6702.8 }, "geometry": { "type": "Point", "coordinates": [ 16.29707290270078, 48.26756213862722 ] } },
{ "type": "Feature", "properties": { "osm_id": 731207205, "name": null, "area_m2": 2010.2 }, "geometry": { "type": "Point", "coordinates": [ 16.420026000093245, 48.21337018229066 ] } },
{ "type": "Feature", "properties": { "osm_id": 733571655, "name": null, "area_m2": 904.0 }, "geometry": { "type": "Point", "coordinates": [ 16.420868603744648, 48.179467923895338 ] } },
{ "type": "Feature", "properties": { "osm_id": 735326190, "name": null, "area_m2": 20939.9 }, "geometry": { "type": "Point", "coordinates": [ 16.488366935045249, 48.211038069532172 ] } },
{ "type": "Feature", "properties": { "osm_id": 736638974, "name": null, "area_m2": 5579.9 }, "geometry": { "type": "Point", "coordinates": [ 16.490631260780845, 48.214429580861562 ] } },
{ "type": "Feature", "properties": { "osm_id": 737007166, "name": null, "area_m2": 7464.9 }, "geometry": { "type": "Point", "coordinates": [ 16.409308312254314, 48.14018694579805 ] } },
{ "type": "Feature", "properties": { "osm_id": 737009891, "name": null, "area_m2": 5514.4 }, "geometry": { "type": "Point", "coordinates": [ 16.29454717731376, 48.132683014841 ] } },
{ "type": "Feature", "properties": { "osm_id": 740484644, "name": null, "area_m2": 619.5 }, "geometry": { "type": "Point", "coordinates": [ 16.370899530455297, 48.234517328501653 ] } },
{ "type": "Feature", "properties": { "osm_id": 760142863, "name": null, "area_m2": 2636.6 }, "geometry": { "type": "Point", "coordinates": [ 16.356151586191935, 48.207365507732135 ] } },
{ "type": "Feature", "properties": { "osm_id": 765804907, "name": "Parkanlage Schwaigergasse", "area_m2": 10139.6 }, "geometry": { "type": "Point", "coordinates": [ 16.392445614876635, 48.259348178005375 ] } },
{ "type": "Feature", "properties": { "osm_id": 766643752, "name": "Parkanlage Tullnertalgasse", "area_m2": 11488.4 }, "geometry": { "type": "Point", "coordinates": [ 16.290486450513541, 48.154086789865268 ] } },
{ "type": "Feature", "properties": { "osm_id": 766734334, "name": "Parkanlage Schluckergasse", "area_m2": 12245.2 }, "geometry": { "type": "Point", "coordinates": [ 16.290527915119611, 48.158968568801718 ] } },
{ "type": "Feature", "properties": { "osm_id": 770616774, "name": null, "area_m2": 6365.7 }, "geometry": { "type": "Point", "coordinates": [ 16.396551899766393, 48.267522033114567 ] } },
{ "type": "Feature", "properties": { "osm_id": 771174507, "name": "Walter-Kuhn-Park", "area_m2": 8847.5 }, "geometry": { "type": "Point", "coordinates": [ 16.371473399464278, 48.182564857653915 ] } },
{ "type": "Feature", "properties": { "osm_id": 791124288, "name": null, "area_m2": 5795.9 }, "geometry": { "type": "Point", "coordinates": [ 16.48371502614529, 48.221491964622935 ] } },
{ "type": "Feature", "properties": { "osm_id": 800358267, "name": null, "area_m2": 5603.1 }, "geometry": { "type": "Point", "coordinates": [ 16.400584210562712, 48.254352892597154 ] } },
{ "type": "Feature", "properties": { "osm_id": 800829580, "name": "Lambertpark", "area_m2": 267.4 }, "geometry": { "type": "Point", "coordinates": [ 16.319470783494229, 48.212919321913169 ] } },
{ "type": "Feature", "properties": { "osm_id": 803284622, "name": "Leonie-Rysanek-Park", "area_m2": 6758.4 }, "geometry": { "type": "Point", "coordinates": [ 16.406015734436512, 48.199359445496661 ] } },
{ "type": "Feature", "properties": { "osm_id": 810479700, "name": null, "area_m2": 287.1 }, "geometry": { "type": "Point", "coordinates": [ 16.31877655438754, 48.224168007741291 ] } },
{ "type": "Feature", "properties": { "osm_id": 821243331, "name": "Carsonypark", "area_m2": 4837.8 }, "geometry": { "type": "Point", "coordinates": [ 16.418641614017972, 48.166514441750408 ] } },
{ "type": "Feature", "properties": { "osm_id": 833581238, "name": null, "area_m2": 4492.6 }, "geometry": { "type": "Point", "coordinates": [ 16.414470525761693, 48.215516473248826 ] } },
{ "type": "Feature", "properties": { "osm_id": 837195840, "name": null, "area_m2": 14945.0 }, "geometry": { "type": "Point", "coordinates": [ 16.419082020911308, 48.264038056737512 ] } },
{ "type": "Feature", "properties": { "osm_id": 843041614, "name": "Vierthalerpark", "area_m2": 1965.7 }, "geometry": { "type": "Point", "coordinates": [ 16.335245822521959, 48.178752743804438 ] } },
{ "type": "Feature", "properties": { "osm_id": 868335078, "name": null, "area_m2": 32.6 }, "geometry": { "type": "Point", "coordinates": [ 16.276014213391509, 48.170829865928845 ] } },
{ "type": "Feature", "properties": { "osm_id": 876236551, "name": null, "area_m2": 16431.1 }, "geometry": { "type": "Point", "coordinates": [ 16.462530013951959, 48.156494125380284 ] } },
{ "type": "Feature", "properties": { "osm_id": 877614516, "name": null, "area_m2": 2743.2 }, "geometry": { "type": "Point", "coordinates": [ 16.381145462179795, 48.182959209422805 ] } },
{ "type": "Feature", "properties": { "osm_id": 880824291, "name": "Lagerwiese Rehlacke", "area_m2": 25183.6 }, "geometry": { "type": "Point", "coordinates": [ 16.437505464352483, 48.231505179319477 ] } },
{ "type": "Feature", "properties": { "osm_id": 884295176, "name": "Holzknechtpark", "area_m2": 2124.8 }, "geometry": { "type": "Point", "coordinates": [ 16.394284165202613, 48.154505919564521 ] } },
{ "type": "Feature", "properties": { "osm_id": 892464357, "name": null, "area_m2": 12852.3 }, "geometry": { "type": "Point", "coordinates": [ 16.352273217424777, 48.155637461563067 ] } },
{ "type": "Feature", "properties": { "osm_id": 894040611, "name": "Hof 10", "area_m2": 737.1 }, "geometry": { "type": "Point", "coordinates": [ 16.352544452792895, 48.218280494607349 ] } },
{ "type": "Feature", "properties": { "osm_id": 896516124, "name": null, "area_m2": 1922.5 }, "geometry": { "type": "Point", "coordinates": [ 16.485246495421592, 48.159704124178177 ] } },
{ "type": "Feature", "properties": { "osm_id": 896522585, "name": null, "area_m2": 6262.1 }, "geometry": { "type": "Point", "coordinates": [ 16.476043580124561, 48.159151441667333 ] } },
{ "type": "Feature", "properties": { "osm_id": 900815799, "name": "Garnisonshof", "area_m2": 8635.0 }, "geometry": { "type": "Point", "coordinates": [ 16.354286364990347, 48.218860488376876 ] } },
{ "type": "Feature", "properties": { "osm_id": 900815800, "name": "Kräuterhof", "area_m2": 5909.1 }, "geometry": { "type": "Point", "coordinates": [ 16.355856100588664, 48.219066212588679 ] } },
{ "type": "Feature", "properties": { "osm_id": 902979347, "name": "Grete-und-Otto-Ascher-Park", "area_m2": 1253.2 }, "geometry": { "type": "Point", "coordinates": [ 16.388964096321654, 48.260465830524524 ] } },
{ "type": "Feature", "properties": { "osm_id": 904456973, "name": null, "area_m2": 409.7 }, "geometry": { "type": "Point", "coordinates": [ 16.402798305463332, 48.25572835630787 ] } },
{ "type": "Feature", "properties": { "osm_id": 907840986, "name": null, "area_m2": 4210.0 }, "geometry": { "type": "Point", "coordinates": [ 16.418241406266642, 48.168838122971252 ] } },
{ "type": "Feature", "properties": { "osm_id": 911519930, "name": null, "area_m2": 246.8 }, "geometry": { "type": "Point", "coordinates": [ 16.43372907228953, 48.252665023168667 ] } },
{ "type": "Feature", "properties": { "osm_id": 911519931, "name": null, "area_m2": 54.4 }, "geometry": { "type": "Point", "coordinates": [ 16.433913441053832, 48.252665007990856 ] } },
{ "type": "Feature", "properties": { "osm_id": 911519932, "name": null, "area_m2": 280.6 }, "geometry": { "type": "Point", "coordinates": [ 16.433610435320702, 48.252443876753112 ] } },
{ "type": "Feature", "properties": { "osm_id": 911519933, "name": null, "area_m2": 115.5 }, "geometry": { "type": "Point", "coordinates": [ 16.433553441059626, 48.252650607997879 ] } },
{ "type": "Feature", "properties": { "osm_id": 911519934, "name": null, "area_m2": 157.1 }, "geometry": { "type": "Point", "coordinates": [ 16.433781726061468, 48.2524720318739 ] } },
{ "type": "Feature", "properties": { "osm_id": 911519935, "name": null, "area_m2": 24.1 }, "geometry": { "type": "Point", "coordinates": [ 16.433475374385534, 48.252402341317286 ] } },
{ "type": "Feature", "properties": { "osm_id": 914411384, "name": null, "area_m2": 791.4 }, "geometry": { "type": "Point", "coordinates": [ 16.308708707063371, 48.234615687236598 ] } },
{ "type": "Feature", "properties": { "osm_id": 915846619, "name": "Stadtpark Atzgersdorf", "area_m2": 28821.1 }, "geometry": { "type": "Point", "coordinates": [ 16.300897612651188, 48.149515928111597 ] } },
{ "type": "Feature", "properties": { "osm_id": 917338850, "name": null, "area_m2": 218.3 }, "geometry": { "type": "Point", "coordinates": [ 16.398568795624396, 48.255632728341936 ] } },
{ "type": "Feature", "properties": { "osm_id": 923143964, "name": null, "area_m2": 1420.7 }, "geometry": { "type": "Point", "coordinates": [ 16.291949447395865, 48.163513804836043 ] } },
{ "type": "Feature", "properties": { "osm_id": 927801610, "name": "Hugo-Pepper-Park", "area_m2": 3167.1 }, "geometry": { "type": "Point", "coordinates": [ 16.273223203670174, 48.17620101197857 ] } },
{ "type": "Feature", "properties": { "osm_id": 945642722, "name": null, "area_m2": 5675.4 }, "geometry": { "type": "Point", "coordinates": [ 16.3022207969391, 48.215154004579183 ] } },
{ "type": "Feature", "properties": { "osm_id": 946666664, "name": "Hilde-Sochor-Park", "area_m2": 226.5 }, "geometry": { "type": "Point", "coordinates": [ 16.312740529239004, 48.199133593861575 ] } },
{ "type": "Feature", "properties": { "osm_id": 958981427, "name": null, "area_m2": 900.8 }, "geometry": { "type": "Point", "coordinates": [ 16.290128093413838, 48.170668928046368 ] } },
{ "type": "Feature", "properties": { "osm_id": 965613790, "name": null, "area_m2": 1976.2 }, "geometry": { "type": "Point", "coordinates": [ 16.311866582509801, 48.24325366394217 ] } },
{ "type": "Feature", "properties": { "osm_id": 965613792, "name": null, "area_m2": 2487.2 }, "geometry": { "type": "Point", "coordinates": [ 16.320042472226493, 48.241186731083282 ] } },
{ "type": "Feature", "properties": { "osm_id": 977413823, "name": null, "area_m2": 617.3 }, "geometry": { "type": "Point", "coordinates": [ 16.468921636136692, 48.21684435506932 ] } },
{ "type": "Feature", "properties": { "osm_id": 979796681, "name": null, "area_m2": 154.9 }, "geometry": { "type": "Point", "coordinates": [ 16.3797918490942, 48.137850799225781 ] } },
{ "type": "Feature", "properties": { "osm_id": 983316532, "name": null, "area_m2": 5103.0 }, "geometry": { "type": "Point", "coordinates": [ 16.409668150986807, 48.184968858477191 ] } },
{ "type": "Feature", "properties": { "osm_id": 983699517, "name": "Vally-Wieselthier-Park", "area_m2": 404.0 }, "geometry": { "type": "Point", "coordinates": [ 16.354364969128351, 48.203712546666047 ] } },
{ "type": "Feature", "properties": { "osm_id": 983699518, "name": "Ruth-Maier-Park", "area_m2": 3023.8 }, "geometry": { "type": "Point", "coordinates": [ 16.370167370128922, 48.219539907185514 ] } },
{ "type": "Feature", "properties": { "osm_id": 984212801, "name": null, "area_m2": 1058.3 }, "geometry": { "type": "Point", "coordinates": [ 16.418071624564615, 48.181466672827696 ] } },
{ "type": "Feature", "properties": { "osm_id": 984760558, "name": null, "area_m2": 2876.3 }, "geometry": { "type": "Point", "coordinates": [ 16.249808248093728, 48.200198871715564 ] } },
{ "type": "Feature", "properties": { "osm_id": 991908006, "name": null, "area_m2": 2070.2 }, "geometry": { "type": "Point", "coordinates": [ 16.397743807227339, 48.136774552387372 ] } },
{ "type": "Feature", "properties": { "osm_id": 997722821, "name": null, "area_m2": 3838.0 }, "geometry": { "type": "Point", "coordinates": [ 16.404167170626621, 48.137937404423518 ] } },
{ "type": "Feature", "properties": { "osm_id": 998147697, "name": null, "area_m2": 1201.6 }, "geometry": { "type": "Point", "coordinates": [ 16.360692913634249, 48.253894575355389 ] } },
{ "type": "Feature", "properties": { "osm_id": 1000067772, "name": null, "area_m2": 3912.9 }, "geometry": { "type": "Point", "coordinates": [ 16.477796564620991, 48.219841284992604 ] } },
{ "type": "Feature", "properties": { "osm_id": 1000067773, "name": null, "area_m2": 4913.5 }, "geometry": { "type": "Point", "coordinates": [ 16.476436823976318, 48.218513083822586 ] } },
{ "type": "Feature", "properties": { "osm_id": 1004770274, "name": null, "area_m2": 1332.5 }, "geometry": { "type": "Point", "coordinates": [ 16.46574241774152, 48.223176893022242 ] } },
{ "type": "Feature", "properties": { "osm_id": 1005832398, "name": "Weilpark", "area_m2": 1831.7 }, "geometry": { "type": "Point", "coordinates": [ 16.359151550004437, 48.240122962986952 ] } },
{ "type": "Feature", "properties": { "osm_id": 1009189104, "name": null, "area_m2": 3119.9 }, "geometry": { "type": "Point", "coordinates": [ 16.466813851509258, 48.224060377360637 ] } },
{ "type": "Feature", "properties": { "osm_id": 1013077310, "name": "Fritzi-Massary-Park", "area_m2": 3021.2 }, "geometry": { "type": "Point", "coordinates": [ 16.416687119066772, 48.215909458424598 ] } },
{ "type": "Feature", "properties": { "osm_id": 1015896180, "name": null, "area_m2": 3955.0 }, "geometry": { "type": "Point", "coordinates": [ 16.421892498078282, 48.280278034303173 ] } },
{ "type": "Feature", "properties": { "osm_id": 1033552629, "name": null, "area_m2": 607.9 }, "geometry": { "type": "Point", "coordinates": [ 16.288292968506376, 48.206843892285605 ] } },
{ "type": "Feature", "properties": { "osm_id": 1033555924, "name": null, "area_m2": 624.0 }, "geometry": { "type": "Point", "coordinates": [ 16.28549027713461, 48.206141160904522 ] } },
{ "type": "Feature", "properties": { "osm_id": 1039176698, "name": null, "area_m2": 5769.6 }, "geometry": { "type": "Point", "coordinates": [ 16.401234633272907, 48.253112604115465 ] } },
{ "type": "Feature", "properties": { "osm_id": 1039176700, "name": null, "area_m2": 1313.9 }, "geometry": { "type": "Point", "coordinates": [ 16.401906088984376, 48.25310022142213 ] } },
{ "type": "Feature", "properties": { "osm_id": 1039183838, "name": null, "area_m2": 1988.1 }, "geometry": { "type": "Point", "coordinates": [ 16.407408518959375, 48.252294794401386 ] } },
{ "type": "Feature", "properties": { "osm_id": 1042207345, "name": null, "area_m2": 396.1 }, "geometry": { "type": "Point", "coordinates": [ 16.393673126335063, 48.233746037616733 ] } },
{ "type": "Feature", "properties": { "osm_id": 1042229861, "name": null, "area_m2": 1149.9 }, "geometry": { "type": "Point", "coordinates": [ 16.405781342659751, 48.252032523774631 ] } },
{ "type": "Feature", "properties": { "osm_id": 1049641095, "name": "Parkanlage Per-Albin-Hansson-Straße", "area_m2": 68497.3 }, "geometry": { "type": "Point", "coordinates": [ 16.3779131926966, 48.14810492847117 ] } },
{ "type": "Feature", "properties": { "osm_id": 1051095498, "name": null, "area_m2": 1639.2 }, "geometry": { "type": "Point", "coordinates": [ 16.373209587587287, 48.18668524953906 ] } },
{ "type": "Feature", "properties": { "osm_id": 1051565440, "name": null, "area_m2": 7363.1 }, "geometry": { "type": "Point", "coordinates": [ 16.381077092679629, 48.154697671762762 ] } },
{ "type": "Feature", "properties": { "osm_id": 1051903566, "name": "Helene-Druskowitz-Park", "area_m2": 1043.8 }, "geometry": { "type": "Point", "coordinates": [ 16.279701878357226, 48.169206843563749 ] } },
{ "type": "Feature", "properties": { "osm_id": 1058647749, "name": null, "area_m2": 1470.1 }, "geometry": { "type": "Point", "coordinates": [ 16.321595104095834, 48.18289520176868 ] } },
{ "type": "Feature", "properties": { "osm_id": 1061286060, "name": null, "area_m2": 769.8 }, "geometry": { "type": "Point", "coordinates": [ 16.428029851016877, 48.237804832243583 ] } },
{ "type": "Feature", "properties": { "osm_id": 1061864960, "name": null, "area_m2": 25903.5 }, "geometry": { "type": "Point", "coordinates": [ 16.474227819216715, 48.208654275294144 ] } },
{ "type": "Feature", "properties": { "osm_id": 1071548933, "name": "Gaswerkpark", "area_m2": 3896.6 }, "geometry": { "type": "Point", "coordinates": [ 16.429387726693633, 48.275809729234055 ] } },
{ "type": "Feature", "properties": { "osm_id": 1077764991, "name": "Wettsteinpark", "area_m2": 12683.2 }, "geometry": { "type": "Point", "coordinates": [ 16.369138243015225, 48.222275803860128 ] } },
{ "type": "Feature", "properties": { "osm_id": 1086485710, "name": "Lueger Platz", "area_m2": 1808.6 }, "geometry": { "type": "Point", "coordinates": [ 16.273548770166638, 48.172901174171891 ] } },
{ "type": "Feature", "properties": { "osm_id": 1089816189, "name": null, "area_m2": 600.8 }, "geometry": { "type": "Point", "coordinates": [ 16.271743456855283, 48.171895438113985 ] } },
{ "type": "Feature", "properties": { "osm_id": 1092235203, "name": "Therese-Ammon-Park", "area_m2": 6024.0 }, "geometry": { "type": "Point", "coordinates": [ 16.392325975113316, 48.232842766284627 ] } },
{ "type": "Feature", "properties": { "osm_id": 1107363699, "name": "Freie Mitte Parkband 1", "area_m2": 17845.1 }, "geometry": { "type": "Point", "coordinates": [ 16.39114425277538, 48.226151163020802 ] } },
{ "type": "Feature", "properties": { "osm_id": 1108556742, "name": null, "area_m2": 1499.3 }, "geometry": { "type": "Point", "coordinates": [ 16.35055550494701, 48.219317594338627 ] } },
{ "type": "Feature", "properties": { "osm_id": 1115661939, "name": "Parkanlage Ludwig-Kirschner-Gasse", "area_m2": 1514.9 }, "geometry": { "type": "Point", "coordinates": [ 16.292321954925203, 48.152173699075639 ] } },
{ "type": "Feature", "properties": { "osm_id": 1120569625, "name": "Agora", "area_m2": 2977.6 }, "geometry": { "type": "Point", "coordinates": [ 16.474345611303594, 48.238159054202931 ] } },
{ "type": "Feature", "properties": { "osm_id": 1120957783, "name": "Jutta-Steier-Park", "area_m2": 15019.9 }, "geometry": { "type": "Point", "coordinates": [ 16.304885162114729, 48.199943830663379 ] } },
{ "type": "Feature", "properties": { "osm_id": 1122306246, "name": "Parkanlage Nordbahnhof - Freie Mitte", "area_m2": 48812.4 }, "geometry": { "type": "Point", "coordinates": [ 16.390535644809596, 48.229828401730984 ] } },
{ "type": "Feature", "properties": { "osm_id": 1153580293, "name": null, "area_m2": 1379.4 }, "geometry": { "type": "Point", "coordinates": [ 16.280945670383026, 48.193832289338687 ] } },
{ "type": "Feature", "properties": { "osm_id": 1157018466, "name": "Waidhausenpark", "area_m2": 4237.8 }, "geometry": { "type": "Point", "coordinates": [ 16.283345358020224, 48.198766655091859 ] } },
{ "type": "Feature", "properties": { "osm_id": 1165410037, "name": null, "area_m2": 8687.0 }, "geometry": { "type": "Point", "coordinates": [ 16.39051203517964, 48.195241597027646 ] } },
{ "type": "Feature", "properties": { "osm_id": 1172516306, "name": null, "area_m2": 2477.6 }, "geometry": { "type": "Point", "coordinates": [ 16.487732030659895, 48.24897014277542 ] } },
{ "type": "Feature", "properties": { "osm_id": 1172718429, "name": "Erika-Morini-Park", "area_m2": 5529.0 }, "geometry": { "type": "Point", "coordinates": [ 16.41527733816628, 48.214772243734345 ] } },
{ "type": "Feature", "properties": { "osm_id": 1176447929, "name": "Friedl-Hofbauer-Park", "area_m2": 4525.3 }, "geometry": { "type": "Point", "coordinates": [ 16.346385965438589, 48.249880780782881 ] } },
{ "type": "Feature", "properties": { "osm_id": 1177315258, "name": null, "area_m2": 5268.0 }, "geometry": { "type": "Point", "coordinates": [ 16.486322423377835, 48.235850472139056 ] } },
{ "type": "Feature", "properties": { "osm_id": 1185349359, "name": "Lagerwiese Schlossergasse", "area_m2": 39339.9 }, "geometry": { "type": "Point", "coordinates": [ 16.382481449749108, 48.277758820750257 ] } },
{ "type": "Feature", "properties": { "osm_id": 1185349360, "name": null, "area_m2": 40784.7 }, "geometry": { "type": "Point", "coordinates": [ 16.381110843106391, 48.279955773408354 ] } },
{ "type": "Feature", "properties": { "osm_id": 1185349361, "name": "Kleingartenjubiläumspark", "area_m2": 2680.3 }, "geometry": { "type": "Point", "coordinates": [ 16.394920541411206, 48.260842766217991 ] } },
{ "type": "Feature", "properties": { "osm_id": 1186902903, "name": "Jonny-Moser-Park", "area_m2": 3218.2 }, "geometry": { "type": "Point", "coordinates": [ 16.372039603865268, 48.216390771948276 ] } },
{ "type": "Feature", "properties": { "osm_id": 1188477237, "name": null, "area_m2": 2944.3 }, "geometry": { "type": "Point", "coordinates": [ 16.374827750648883, 48.244886443820839 ] } },
{ "type": "Feature", "properties": { "osm_id": 1189148103, "name": null, "area_m2": 8531.0 }, "geometry": { "type": "Point", "coordinates": [ 16.493509480176659, 48.256179898589565 ] } },
{ "type": "Feature", "properties": { "osm_id": 1190452268, "name": "Lateinamerika-Karibik-Park", "area_m2": 5595.8 }, "geometry": { "type": "Point", "coordinates": [ 16.411291363012111, 48.241414034631376 ] } },
{ "type": "Feature", "properties": { "osm_id": 1200958759, "name": null, "area_m2": 226.4 }, "geometry": { "type": "Point", "coordinates": [ 16.404066131631208, 48.261502014432821 ] } },
{ "type": "Feature", "properties": { "osm_id": 1204253689, "name": "Wilhelm Haibl Park", "area_m2": 770.9 }, "geometry": { "type": "Point", "coordinates": [ 16.390578830646675, 48.27026373678671 ] } },
{ "type": "Feature", "properties": { "osm_id": 1205025751, "name": null, "area_m2": 1218.8 }, "geometry": { "type": "Point", "coordinates": [ 16.369226139306651, 48.219093346448311 ] } },
{ "type": "Feature", "properties": { "osm_id": 1205025752, "name": null, "area_m2": 16485.1 }, "geometry": { "type": "Point", "coordinates": [ 16.367445321665983, 48.223614959689186 ] } },
{ "type": "Feature", "properties": { "osm_id": 1205025753, "name": null, "area_m2": 7559.4 }, "geometry": { "type": "Point", "coordinates": [ 16.363121004411276, 48.229374536647853 ] } },
{ "type": "Feature", "properties": { "osm_id": 1205025754, "name": null, "area_m2": 19155.1 }, "geometry": { "type": "Point", "coordinates": [ 16.363646235108185, 48.23953915968707 ] } },
{ "type": "Feature", "properties": { "osm_id": 1205025755, "name": null, "area_m2": 3994.8 }, "geometry": { "type": "Point", "coordinates": [ 16.371677145641264, 48.250697803136276 ] } },
{ "type": "Feature", "properties": { "osm_id": 1205025756, "name": null, "area_m2": 6762.9 }, "geometry": { "type": "Point", "coordinates": [ 16.370369641353218, 48.254480844578097 ] } },
{ "type": "Feature", "properties": { "osm_id": 1205025757, "name": null, "area_m2": 15019.4 }, "geometry": { "type": "Point", "coordinates": [ 16.37061783936036, 48.258946343301709 ] } },
{ "type": "Feature", "properties": { "osm_id": 1205289901, "name": null, "area_m2": 34581.1 }, "geometry": { "type": "Point", "coordinates": [ 16.368704767560896, 48.223143003744291 ] } },
{ "type": "Feature", "properties": { "osm_id": 1205289902, "name": null, "area_m2": 34764.3 }, "geometry": { "type": "Point", "coordinates": [ 16.363202405091176, 48.231489314395695 ] } },
{ "type": "Feature", "properties": { "osm_id": 1205289903, "name": null, "area_m2": 20280.6 }, "geometry": { "type": "Point", "coordinates": [ 16.364668970479595, 48.240194058084882 ] } },
{ "type": "Feature", "properties": { "osm_id": 1205289904, "name": null, "area_m2": 12068.5 }, "geometry": { "type": "Point", "coordinates": [ 16.370859140719503, 48.247838295614066 ] } },
{ "type": "Feature", "properties": { "osm_id": 1205289905, "name": null, "area_m2": 4298.7 }, "geometry": { "type": "Point", "coordinates": [ 16.371317951957263, 48.255091012659797 ] } },
{ "type": "Feature", "properties": { "osm_id": 1205289906, "name": null, "area_m2": 25469.5 }, "geometry": { "type": "Point", "coordinates": [ 16.40678920380569, 48.199970068928415 ] } },
{ "type": "Feature", "properties": { "osm_id": 1205296610, "name": null, "area_m2": 8745.1 }, "geometry": { "type": "Point", "coordinates": [ 16.380764158443171, 48.240088154635572 ] } },
{ "type": "Feature", "properties": { "osm_id": 1214085379, "name": null, "area_m2": 5199.3 }, "geometry": { "type": "Point", "coordinates": [ 16.405632599411319, 48.274396306196856 ] } },
{ "type": "Feature", "properties": { "osm_id": 1214623822, "name": null, "area_m2": 61668.8 }, "geometry": { "type": "Point", "coordinates": [ 16.401856731888632, 48.276402436892027 ] } },
{ "type": "Feature", "properties": { "osm_id": 1214625201, "name": null, "area_m2": 9205.5 }, "geometry": { "type": "Point", "coordinates": [ 16.404145927850884, 48.276914212850841 ] } },
{ "type": "Feature", "properties": { "osm_id": 1217141421, "name": null, "area_m2": 60743.0 }, "geometry": { "type": "Point", "coordinates": [ 16.382175102752338, 48.246535101610711 ] } },
{ "type": "Feature", "properties": { "osm_id": 1218614238, "name": null, "area_m2": 6439.0 }, "geometry": { "type": "Point", "coordinates": [ 16.467982827529546, 48.216243453109541 ] } },
{ "type": "Feature", "properties": { "osm_id": 1218761535, "name": "Garten der Versicherungsanstalt öffentlich Bediensteter, Eisenbahnen und Bergbau", "area_m2": 2951.3 }, "geometry": { "type": "Point", "coordinates": [ 16.3411746638483, 48.211457796964922 ] } },
{ "type": "Feature", "properties": { "osm_id": 1219565098, "name": null, "area_m2": 5539.2 }, "geometry": { "type": "Point", "coordinates": [ 16.433170174223086, 48.205809694624413 ] } },
{ "type": "Feature", "properties": { "osm_id": 1219565099, "name": null, "area_m2": 24311.9 }, "geometry": { "type": "Point", "coordinates": [ 16.42644244077977, 48.210490585106207 ] } },
{ "type": "Feature", "properties": { "osm_id": 1219624613, "name": "Fritz-Jöchlinger-Park", "area_m2": 854.6 }, "geometry": { "type": "Point", "coordinates": [ 16.447407298777726, 48.262008617097052 ] } },
{ "type": "Feature", "properties": { "osm_id": 1219624614, "name": "Anton-Stummer-Park", "area_m2": 3320.9 }, "geometry": { "type": "Point", "coordinates": [ 16.460599590220603, 48.231386698330105 ] } },
{ "type": "Feature", "properties": { "osm_id": 1221011185, "name": null, "area_m2": 2448.4 }, "geometry": { "type": "Point", "coordinates": [ 16.393043340859847, 48.26470273173431 ] } },
{ "type": "Feature", "properties": { "osm_id": 1221356285, "name": null, "area_m2": 4035.6 }, "geometry": { "type": "Point", "coordinates": [ 16.443767203739295, 48.238831907226263 ] } },
{ "type": "Feature", "properties": { "osm_id": 1222020494, "name": "Ballspielplatz Donaustadt", "area_m2": 1152.0 }, "geometry": { "type": "Point", "coordinates": [ 16.43890983832749, 48.238606947428394 ] } },
{ "type": "Feature", "properties": { "osm_id": 1222345422, "name": null, "area_m2": 469794.6 }, "geometry": { "type": "Point", "coordinates": [ 16.47760928529728, 48.186103442549005 ] } },
{ "type": "Feature", "properties": { "osm_id": 1222537218, "name": null, "area_m2": 2988.3 }, "geometry": { "type": "Point", "coordinates": [ 16.39013359934037, 48.263820254829454 ] } },
{ "type": "Feature", "properties": { "osm_id": 1222537219, "name": null, "area_m2": 4752.7 }, "geometry": { "type": "Point", "coordinates": [ 16.390222993181474, 48.262678660529687 ] } },
{ "type": "Feature", "properties": { "osm_id": 1222537220, "name": null, "area_m2": 2029.5 }, "geometry": { "type": "Point", "coordinates": [ 16.389437647099371, 48.262541570775241 ] } },
{ "type": "Feature", "properties": { "osm_id": 1222537221, "name": null, "area_m2": 3479.6 }, "geometry": { "type": "Point", "coordinates": [ 16.388831042500875, 48.263496555370878 ] } },
{ "type": "Feature", "properties": { "osm_id": 1222537222, "name": null, "area_m2": 12850.6 }, "geometry": { "type": "Point", "coordinates": [ 16.387797770956816, 48.264459997713267 ] } },
{ "type": "Feature", "properties": { "osm_id": 1222537223, "name": null, "area_m2": 9871.1 }, "geometry": { "type": "Point", "coordinates": [ 16.385687865212553, 48.262268687824672 ] } },
{ "type": "Feature", "properties": { "osm_id": 1222537224, "name": null, "area_m2": 17102.7 }, "geometry": { "type": "Point", "coordinates": [ 16.381265108124889, 48.265724284446001 ] } },
{ "type": "Feature", "properties": { "osm_id": 1222537225, "name": null, "area_m2": 15909.0 }, "geometry": { "type": "Point", "coordinates": [ 16.390398550754533, 48.269019932895425 ] } },
{ "type": "Feature", "properties": { "osm_id": 1222755857, "name": null, "area_m2": 2023.1 }, "geometry": { "type": "Point", "coordinates": [ 16.389714262560265, 48.264593970127017 ] } },
{ "type": "Feature", "properties": { "osm_id": 1222771629, "name": null, "area_m2": 2990.8 }, "geometry": { "type": "Point", "coordinates": [ 16.391070882055011, 48.264917426421682 ] } },
{ "type": "Feature", "properties": { "osm_id": 1222799643, "name": null, "area_m2": 34396.0 }, "geometry": { "type": "Point", "coordinates": [ 16.43660764999408, 48.220985383480922 ] } },
{ "type": "Feature", "properties": { "osm_id": 1222799644, "name": null, "area_m2": 11114.7 }, "geometry": { "type": "Point", "coordinates": [ 16.433096792316466, 48.233204873415183 ] } },
{ "type": "Feature", "properties": { "osm_id": 1222954503, "name": null, "area_m2": 9779.2 }, "geometry": { "type": "Point", "coordinates": [ 16.385147608369056, 48.263254270016326 ] } },
{ "type": "Feature", "properties": { "osm_id": 1222954509, "name": null, "area_m2": 19507.4 }, "geometry": { "type": "Point", "coordinates": [ 16.384533319479527, 48.264262225051006 ] } },
{ "type": "Feature", "properties": { "osm_id": 1222964913, "name": null, "area_m2": 15917.8 }, "geometry": { "type": "Point", "coordinates": [ 16.388679813103032, 48.271604363119323 ] } },
{ "type": "Feature", "properties": { "osm_id": 1223299404, "name": null, "area_m2": 12889.7 }, "geometry": { "type": "Point", "coordinates": [ 16.452220731510852, 48.244629793868263 ] } },
{ "type": "Feature", "properties": { "osm_id": 1223952292, "name": null, "area_m2": 3426.3 }, "geometry": { "type": "Point", "coordinates": [ 16.375282016932211, 48.241774530972663 ] } },
{ "type": "Feature", "properties": { "osm_id": 1224536130, "name": null, "area_m2": 22519.2 }, "geometry": { "type": "Point", "coordinates": [ 16.369557426867893, 48.238730814589957 ] } },
{ "type": "Feature", "properties": { "osm_id": 1224536131, "name": null, "area_m2": 12572.4 }, "geometry": { "type": "Point", "coordinates": [ 16.369085262270485, 48.240793744029254 ] } },
{ "type": "Feature", "properties": { "osm_id": 1224536132, "name": null, "area_m2": 13825.1 }, "geometry": { "type": "Point", "coordinates": [ 16.368615115532144, 48.242761243751687 ] } },
{ "type": "Feature", "properties": { "osm_id": 1224562951, "name": null, "area_m2": 5278.9 }, "geometry": { "type": "Point", "coordinates": [ 16.455688822172799, 48.224459652769205 ] } },
{ "type": "Feature", "properties": { "osm_id": 1224846904, "name": null, "area_m2": 4892.1 }, "geometry": { "type": "Point", "coordinates": [ 16.459797645673323, 48.226431043874925 ] } },
{ "type": "Feature", "properties": { "osm_id": 1227003127, "name": null, "area_m2": 191.9 }, "geometry": { "type": "Point", "coordinates": [ 16.395019776844837, 48.196627253686707 ] } },
{ "type": "Feature", "properties": { "osm_id": 1227439309, "name": null, "area_m2": 50.2 }, "geometry": { "type": "Point", "coordinates": [ 16.399113200607612, 48.140720131834058 ] } },
{ "type": "Feature", "properties": { "osm_id": 1228724669, "name": null, "area_m2": 108.1 }, "geometry": { "type": "Point", "coordinates": [ 16.357633172611568, 48.217785255247598 ] } },
{ "type": "Feature", "properties": { "osm_id": 1230949807, "name": null, "area_m2": 440.7 }, "geometry": { "type": "Point", "coordinates": [ 16.357437780418888, 48.217143536359046 ] } },
{ "type": "Feature", "properties": { "osm_id": 1230949808, "name": null, "area_m2": 345.5 }, "geometry": { "type": "Point", "coordinates": [ 16.357060184831195, 48.217027638512015 ] } },
{ "type": "Feature", "properties": { "osm_id": 1232275366, "name": null, "area_m2": 4382.0 }, "geometry": { "type": "Point", "coordinates": [ 16.384188702398195, 48.151497396884722 ] } },
{ "type": "Feature", "properties": { "osm_id": 1232280994, "name": null, "area_m2": 425.6 }, "geometry": { "type": "Point", "coordinates": [ 16.383239635989529, 48.150190883695849 ] } },
{ "type": "Feature", "properties": { "osm_id": 1232280997, "name": null, "area_m2": 332.5 }, "geometry": { "type": "Point", "coordinates": [ 16.383559288680043, 48.150277667122516 ] } },
{ "type": "Feature", "properties": { "osm_id": 1232280998, "name": null, "area_m2": 785.6 }, "geometry": { "type": "Point", "coordinates": [ 16.383573153663129, 48.150789616113542 ] } },
{ "type": "Feature", "properties": { "osm_id": 1232280999, "name": null, "area_m2": 573.2 }, "geometry": { "type": "Point", "coordinates": [ 16.383754172283776, 48.150519188465545 ] } },
{ "type": "Feature", "properties": { "osm_id": 1232281000, "name": null, "area_m2": 704.4 }, "geometry": { "type": "Point", "coordinates": [ 16.383874465732085, 48.150896400199855 ] } },
{ "type": "Feature", "properties": { "osm_id": 1232281001, "name": null, "area_m2": 341.4 }, "geometry": { "type": "Point", "coordinates": [ 16.384068415414145, 48.150729697838251 ] } },
{ "type": "Feature", "properties": { "osm_id": 1247604524, "name": null, "area_m2": 167.3 }, "geometry": { "type": "Point", "coordinates": [ 16.350914159285324, 48.220421249676974 ] } },
{ "type": "Feature", "properties": { "osm_id": 1247604525, "name": null, "area_m2": 100.7 }, "geometry": { "type": "Point", "coordinates": [ 16.351107514367182, 48.220277541139367 ] } },
{ "type": "Feature", "properties": { "osm_id": 1247604527, "name": null, "area_m2": 180.7 }, "geometry": { "type": "Point", "coordinates": [ 16.350999604157927, 48.220362584337529 ] } },
{ "type": "Feature", "properties": { "osm_id": 1247604528, "name": null, "area_m2": 114.7 }, "geometry": { "type": "Point", "coordinates": [ 16.350944167056618, 48.220242888852241 ] } },
{ "type": "Feature", "properties": { "osm_id": 1247607514, "name": null, "area_m2": 929.3 }, "geometry": { "type": "Point", "coordinates": [ 16.350382953495963, 48.220131279522136 ] } },
{ "type": "Feature", "properties": { "osm_id": 1248163275, "name": null, "area_m2": 56.5 }, "geometry": { "type": "Point", "coordinates": [ 16.350984816197499, 48.220528528933748 ] } },
{ "type": "Feature", "properties": { "osm_id": 1248163276, "name": null, "area_m2": 209.6 }, "geometry": { "type": "Point", "coordinates": [ 16.351349334477302, 48.220414169612553 ] } },
{ "type": "Feature", "properties": { "osm_id": 1248163277, "name": null, "area_m2": 78.0 }, "geometry": { "type": "Point", "coordinates": [ 16.351236990654282, 48.220349813147067 ] } },
{ "type": "Feature", "properties": { "osm_id": 1248729944, "name": null, "area_m2": 82.5 }, "geometry": { "type": "Point", "coordinates": [ 16.349127924054255, 48.218577940514891 ] } },
{ "type": "Feature", "properties": { "osm_id": 1248729945, "name": null, "area_m2": 33.1 }, "geometry": { "type": "Point", "coordinates": [ 16.349129206973483, 48.218477337084735 ] } },
{ "type": "Feature", "properties": { "osm_id": 1248729946, "name": null, "area_m2": 47.2 }, "geometry": { "type": "Point", "coordinates": [ 16.34912909907808, 48.218408818993247 ] } },
{ "type": "Feature", "properties": { "osm_id": 1248729947, "name": null, "area_m2": 26.9 }, "geometry": { "type": "Point", "coordinates": [ 16.349102174621954, 48.218352282014209 ] } },
{ "type": "Feature", "properties": { "osm_id": 1249123288, "name": null, "area_m2": 839.1 }, "geometry": { "type": "Point", "coordinates": [ 16.347033804781994, 48.219292104567266 ] } },
{ "type": "Feature", "properties": { "osm_id": 1249123293, "name": null, "area_m2": 194.0 }, "geometry": { "type": "Point", "coordinates": [ 16.347162991341644, 48.219407144513553 ] } },
{ "type": "Feature", "properties": { "osm_id": 1249730416, "name": null, "area_m2": 868.8 }, "geometry": { "type": "Point", "coordinates": [ 16.350273471023336, 48.219796585950682 ] } },
{ "type": "Feature", "properties": { "osm_id": 1250292052, "name": null, "area_m2": 770.8 }, "geometry": { "type": "Point", "coordinates": [ 16.351179978638786, 48.219932461355199 ] } },
{ "type": "Feature", "properties": { "osm_id": 1250292053, "name": null, "area_m2": 958.2 }, "geometry": { "type": "Point", "coordinates": [ 16.350784306515404, 48.219859487697484 ] } },
{ "type": "Feature", "properties": { "osm_id": 1250292055, "name": null, "area_m2": 562.3 }, "geometry": { "type": "Point", "coordinates": [ 16.351769344505932, 48.220212845635714 ] } },
{ "type": "Feature", "properties": { "osm_id": 1250292056, "name": null, "area_m2": 40.0 }, "geometry": { "type": "Point", "coordinates": [ 16.351722813797792, 48.219941820672275 ] } },
{ "type": "Feature", "properties": { "osm_id": 1252668643, "name": null, "area_m2": 160.8 }, "geometry": { "type": "Point", "coordinates": [ 16.380906179657096, 48.186281136423453 ] } },
{ "type": "Feature", "properties": { "osm_id": 1255401340, "name": "Ladinigpark", "area_m2": 7402.1 }, "geometry": { "type": "Point", "coordinates": [ 16.457647069869992, 48.251822451947042 ] } },
{ "type": "Feature", "properties": { "osm_id": 1256353909, "name": null, "area_m2": 219.6 }, "geometry": { "type": "Point", "coordinates": [ 16.350569001942986, 48.218746210534377 ] } },
{ "type": "Feature", "properties": { "osm_id": 1256359924, "name": null, "area_m2": 33.7 }, "geometry": { "type": "Point", "coordinates": [ 16.350494420090051, 48.218670580175846 ] } },
{ "type": "Feature", "properties": { "osm_id": 1256359926, "name": null, "area_m2": 1424.1 }, "geometry": { "type": "Point", "coordinates": [ 16.350220128327965, 48.218831211438726 ] } },
{ "type": "Feature", "properties": { "osm_id": 1258014628, "name": null, "area_m2": 3529.7 }, "geometry": { "type": "Point", "coordinates": [ 16.349737569873191, 48.218195345504178 ] } },
{ "type": "Feature", "properties": { "osm_id": 1264322271, "name": null, "area_m2": 1335.5 }, "geometry": { "type": "Point", "coordinates": [ 16.492401565925427, 48.25706169297888 ] } },
{ "type": "Feature", "properties": { "osm_id": 1265209832, "name": null, "area_m2": 24.5 }, "geometry": { "type": "Point", "coordinates": [ 16.348776022551892, 48.218351338082876 ] } },
{ "type": "Feature", "properties": { "osm_id": 1267683844, "name": "Alma-Rosé-Park", "area_m2": 3418.3 }, "geometry": { "type": "Point", "coordinates": [ 16.432042540728116, 48.287880040901015 ] } },
{ "type": "Feature", "properties": { "osm_id": 1274451897, "name": null, "area_m2": 3100.2 }, "geometry": { "type": "Point", "coordinates": [ 16.407651559261762, 48.184811422449322 ] } },
{ "type": "Feature", "properties": { "osm_id": 1276589647, "name": null, "area_m2": 4465.7 }, "geometry": { "type": "Point", "coordinates": [ 16.298563739336945, 48.246132371153472 ] } },
{ "type": "Feature", "properties": { "osm_id": 1281988181, "name": null, "area_m2": 879.5 }, "geometry": { "type": "Point", "coordinates": [ 16.383982082436169, 48.29146904735849 ] } },
{ "type": "Feature", "properties": { "osm_id": 1284616829, "name": null, "area_m2": 1908.2 }, "geometry": { "type": "Point", "coordinates": [ 16.370845774673182, 48.195530105494299 ] } },
{ "type": "Feature", "properties": { "osm_id": 1286190795, "name": "Tangentenpark", "area_m2": 55492.1 }, "geometry": { "type": "Point", "coordinates": [ 16.399337667080882, 48.171084462853244 ] } },
{ "type": "Feature", "properties": { "osm_id": 1302562172, "name": null, "area_m2": 890.2 }, "geometry": { "type": "Point", "coordinates": [ 16.38352697893415, 48.149997290084912 ] } },
{ "type": "Feature", "properties": { "osm_id": 1302562173, "name": null, "area_m2": 77.3 }, "geometry": { "type": "Point", "coordinates": [ 16.383410147936722, 48.150118236159862 ] } },
{ "type": "Feature", "properties": { "osm_id": 1315344936, "name": null, "area_m2": 3985.4 }, "geometry": { "type": "Point", "coordinates": [ 16.340215164657742, 48.23975293003793 ] } },
{ "type": "Feature", "properties": { "osm_id": 1326078091, "name": null, "area_m2": 821.4 }, "geometry": { "type": "Point", "coordinates": [ 16.405296469919623, 48.254038126123348 ] } },
{ "type": "Feature", "properties": { "osm_id": 1331306648, "name": null, "area_m2": 6468.1 }, "geometry": { "type": "Point", "coordinates": [ 16.384721314641805, 48.152429520793298 ] } },
{ "type": "Feature", "properties": { "osm_id": 1349853392, "name": null, "area_m2": 1129.2 }, "geometry": { "type": "Point", "coordinates": [ 16.401745113306024, 48.136864591848799 ] } },
{ "type": "Feature", "properties": { "osm_id": 1353318123, "name": null, "area_m2": 13675.1 }, "geometry": { "type": "Point", "coordinates": [ 16.390229482815197, 48.225910811827504 ] } },
{ "type": "Feature", "properties": { "osm_id": 1355629806, "name": "Naschpark", "area_m2": 7046.6 }, "geometry": { "type": "Point", "coordinates": [ 16.356025430316848, 48.196236535876025 ] } },
{ "type": "Feature", "properties": { "osm_id": 1361007451, "name": null, "area_m2": 649.8 }, "geometry": { "type": "Point", "coordinates": [ 16.388759940532935, 48.148512074621962 ] } },
{ "type": "Feature", "properties": { "osm_id": 1361009337, "name": null, "area_m2": 2118.4 }, "geometry": { "type": "Point", "coordinates": [ 16.387599269808138, 48.148412286962248 ] } },
{ "type": "Feature", "properties": { "osm_id": 1362264744, "name": null, "area_m2": 557.8 }, "geometry": { "type": "Point", "coordinates": [ 16.492899520079039, 48.241623779071176 ] } },
{ "type": "Feature", "properties": { "osm_id": 1363163561, "name": null, "area_m2": 2441.6 }, "geometry": { "type": "Point", "coordinates": [ 16.384857016822711, 48.150476809825676 ] } },
{ "type": "Feature", "properties": { "osm_id": 1363164903, "name": null, "area_m2": 1167.2 }, "geometry": { "type": "Point", "coordinates": [ 16.384110618822199, 48.147703573992423 ] } },
{ "type": "Feature", "properties": { "osm_id": 1364967231, "name": "Bank Austria Park", "area_m2": 23210.4 }, "geometry": { "type": "Point", "coordinates": [ 16.414673061686152, 48.247637652637025 ] } },
{ "type": "Feature", "properties": { "osm_id": 1367169021, "name": null, "area_m2": 3694.5 }, "geometry": { "type": "Point", "coordinates": [ 16.385034870462402, 48.149929212494285 ] } },
{ "type": "Feature", "properties": { "osm_id": 1368775057, "name": null, "area_m2": 441.3 }, "geometry": { "type": "Point", "coordinates": [ 16.334742932130396, 48.177182182243413 ] } },
{ "type": "Feature", "properties": { "osm_id": 1369393302, "name": null, "area_m2": 1596.0 }, "geometry": { "type": "Point", "coordinates": [ 16.386778888959498, 48.148376598583162 ] } },
{ "type": "Feature", "properties": { "osm_id": 1369393303, "name": null, "area_m2": 767.0 }, "geometry": { "type": "Point", "coordinates": [ 16.387024252672344, 48.148030868524501 ] } },
{ "type": "Feature", "properties": { "osm_id": 1369393304, "name": null, "area_m2": 62.0 }, "geometry": { "type": "Point", "coordinates": [ 16.386846650193874, 48.148202212049789 ] } },
{ "type": "Feature", "properties": { "osm_id": 1369393305, "name": null, "area_m2": 60.2 }, "geometry": { "type": "Point", "coordinates": [ 16.387100192137282, 48.148140251532801 ] } },
{ "type": "Feature", "properties": { "osm_id": 1369393306, "name": null, "area_m2": 3865.3 }, "geometry": { "type": "Point", "coordinates": [ 16.386801929303701, 48.148870550323402 ] } },
{ "type": "Feature", "properties": { "osm_id": 1369393307, "name": null, "area_m2": 136.4 }, "geometry": { "type": "Point", "coordinates": [ 16.386625578545555, 48.148567660256099 ] } },
{ "type": "Feature", "properties": { "osm_id": 1369393308, "name": null, "area_m2": 137.6 }, "geometry": { "type": "Point", "coordinates": [ 16.386374046579199, 48.148629092808122 ] } },
{ "type": "Feature", "properties": { "osm_id": 1369393309, "name": null, "area_m2": 56.4 }, "geometry": { "type": "Point", "coordinates": [ 16.386182057598475, 48.14867815777793 ] } },
{ "type": "Feature", "properties": { "osm_id": 1369393312, "name": null, "area_m2": 1504.9 }, "geometry": { "type": "Point", "coordinates": [ 16.38697248373029, 48.149343380439213 ] } },
{ "type": "Feature", "properties": { "osm_id": 1369393313, "name": null, "area_m2": 363.0 }, "geometry": { "type": "Point", "coordinates": [ 16.386988811383326, 48.149186152904257 ] } },
{ "type": "Feature", "properties": { "osm_id": 1371242057, "name": null, "area_m2": 1921.2 }, "geometry": { "type": "Point", "coordinates": [ 16.31934378867825, 48.134041412949017 ] } },
{ "type": "Feature", "properties": { "osm_id": 1371242058, "name": null, "area_m2": 905.8 }, "geometry": { "type": "Point", "coordinates": [ 16.320238488467446, 48.134587519064858 ] } },
{ "type": "Feature", "properties": { "osm_id": 1374132197, "name": "Otto-Wagner-Areal", "area_m2": 521659.7 }, "geometry": { "type": "Point", "coordinates": [ 16.278452209762147, 48.208917583016174 ] } },
{ "type": "Feature", "properties": { "osm_id": 1376933427, "name": null, "area_m2": 27182.7 }, "geometry": { "type": "Point", "coordinates": [ 16.304058610742551, 48.150674213564102 ] } },
{ "type": "Feature", "properties": { "osm_id": 1381715838, "name": "Claudia-Heill-Park", "area_m2": 9224.9 }, "geometry": { "type": "Point", "coordinates": [ 16.436894802499452, 48.249214686124262 ] } },
{ "type": "Feature", "properties": { "osm_id": 1382103365, "name": "Rabbiner-Schneerson-Platz", "area_m2": 168.0 }, "geometry": { "type": "Point", "coordinates": [ 16.380759767788589, 48.228219478841389 ] } },
{ "type": "Feature", "properties": { "osm_id": 1382137727, "name": null, "area_m2": 5237.3 }, "geometry": { "type": "Point", "coordinates": [ 16.473234131787148, 48.164312430230105 ] } },
{ "type": "Feature", "properties": { "osm_id": 1386327272, "name": "Bert-Brecht-Park", "area_m2": 19353.0 }, "geometry": { "type": "Point", "coordinates": [ 16.394715596427421, 48.188430130663455 ] } },
{ "type": "Feature", "properties": { "osm_id": 1393801489, "name": "Barbara-Prammer-Park", "area_m2": 1169.5 }, "geometry": { "type": "Point", "coordinates": [ 16.358425654594853, 48.196567890503673 ] } },
{ "type": "Feature", "properties": { "osm_id": 1396573518, "name": "Lagerwiese, Wolfersberg", "area_m2": 62479.2 }, "geometry": { "type": "Point", "coordinates": [ 16.246397264138078, 48.210686272839219 ] } },
{ "type": "Feature", "properties": { "osm_id": 1396806859, "name": null, "area_m2": 169.6 }, "geometry": { "type": "Point", "coordinates": [ 16.38729328756839, 48.214478293441054 ] } },
{ "type": "Feature", "properties": { "osm_id": 1408209009, "name": null, "area_m2": 2128.3 }, "geometry": { "type": "Point", "coordinates": [ 16.438680242541686, 48.244865524310335 ] } },
{ "type": "Feature", "properties": { "osm_id": 1414150998, "name": null, "area_m2": 5080.3 }, "geometry": { "type": "Point", "coordinates": [ 16.434134302005667, 48.167546102141813 ] } },
{ "type": "Feature", "properties": { "osm_id": 1417199850, "name": null, "area_m2": 653.7 }, "geometry": { "type": "Point", "coordinates": [ 16.25308791098486, 48.199557641061297 ] } },
{ "type": "Feature", "properties": { "osm_id": 1417663395, "name": null, "area_m2": 2585.9 }, "geometry": { "type": "Point", "coordinates": [ 16.420923951005349, 48.257050063432935 ] } },
{ "type": "Feature", "properties": { "osm_id": 1420403764, "name": "Bräuhausspitz", "area_m2": 1031.5 }, "geometry": { "type": "Point", "coordinates": [ 16.258430563511951, 48.198737156258282 ] } },
{ "type": "Feature", "properties": { "osm_id": 1420437782, "name": "Lina-Proksch-Park", "area_m2": 2329.9 }, "geometry": { "type": "Point", "coordinates": [ 16.320123187411429, 48.20313001508142 ] } },
{ "type": "Feature", "properties": { "osm_id": 1422798106, "name": "Kirschblütenpark", "area_m2": 33950.7 }, "geometry": { "type": "Point", "coordinates": [ 16.432392312220866, 48.248130393878327 ] } },
{ "type": "Feature", "properties": { "osm_id": 1446680091, "name": "Parkanlage Kastanienallee/Feuerhalle", "area_m2": 18597.9 }, "geometry": { "type": "Point", "coordinates": [ 16.439919221609674, 48.156659447125847 ] } },
{ "type": "Feature", "properties": { "osm_id": 1449454544, "name": null, "area_m2": 379.7 }, "geometry": { "type": "Point", "coordinates": [ 16.33792048556414, 48.193467506087316 ] } },
{ "type": "Feature", "properties": { "osm_id": 1451799492, "name": null, "area_m2": 163.9 }, "geometry": { "type": "Point", "coordinates": [ 16.341945390459006, 48.210098753784763 ] } },
{ "type": "Feature", "properties": { "osm_id": 1451820464, "name": null, "area_m2": 152.8 }, "geometry": { "type": "Point", "coordinates": [ 16.392975734525713, 48.146183436121589 ] } },
{ "type": "Feature", "properties": { "osm_id": 1451820466, "name": null, "area_m2": 273.0 }, "geometry": { "type": "Point", "coordinates": [ 16.393223263173894, 48.146164554425219 ] } },
{ "type": "Feature", "properties": { "osm_id": 1454691836, "name": null, "area_m2": 4541.0 }, "geometry": { "type": "Point", "coordinates": [ 16.262541051153807, 48.193498498323983 ] } },
{ "type": "Feature", "properties": { "osm_id": 1456274076, "name": "Biotop Eichbachgasse", "area_m2": 1534.7 }, "geometry": { "type": "Point", "coordinates": [ 16.241370780861043, 48.222383409306929 ] } },
{ "type": "Feature", "properties": { "osm_id": 1456282941, "name": "Vereinsgarten KLG Knödelhütte", "area_m2": 1924.2 }, "geometry": { "type": "Point", "coordinates": [ 16.244432395791225, 48.220928808156366 ] } },
{ "type": "Feature", "properties": { "osm_id": 1456569102, "name": null, "area_m2": 1795.3 }, "geometry": { "type": "Point", "coordinates": [ 16.38870488848368, 48.148148513693698 ] } },
{ "type": "Feature", "properties": { "osm_id": 1462042718, "name": "Gerd-Kaminski-Park", "area_m2": 5022.7 }, "geometry": { "type": "Point", "coordinates": [ 16.488378189083846, 48.243224392695488 ] } },
{ "type": "Feature", "properties": { "osm_id": 1463729233, "name": null, "area_m2": 13351.3 }, "geometry": { "type": "Point", "coordinates": [ 16.414271541436889, 48.182805158483006 ] } },
{ "type": "Feature", "properties": { "osm_id": 1464409054, "name": "Hans Pemmer Park", "area_m2": 973.0 }, "geometry": { "type": "Point", "coordinates": [ 16.400304310356997, 48.184077233807102 ] } },
{ "type": "Feature", "properties": { "osm_id": 1470065217, "name": "Hans-Hass-Park", "area_m2": 3376.3 }, "geometry": { "type": "Point", "coordinates": [ 16.419423444463824, 48.227644881724402 ] } },
{ "type": "Feature", "properties": { "osm_id": 1470131484, "name": null, "area_m2": 299.1 }, "geometry": { "type": "Point", "coordinates": [ 16.405388489155495, 48.238284550773017 ] } },
{ "type": "Feature", "properties": { "osm_id": 1488492102, "name": "Sophienpark", "area_m2": 3997.7 }, "geometry": { "type": "Point", "coordinates": [ 16.340198914748168, 48.197811861371257 ] } },
{ "type": "Feature", "properties": { "osm_id": 1488511196, "name": "Kirchengarten", "area_m2": 984.9 }, "geometry": { "type": "Point", "coordinates": [ 16.434645652581821, 48.167938787521933 ] } },
{ "type": "Feature", "properties": { "osm_id": 1488874727, "name": "Kirchengarten", "area_m2": 3892.4 }, "geometry": { "type": "Point", "coordinates": [ 16.418149718081956, 48.164278586610699 ] } },
{ "type": "Feature", "properties": { "osm_id": 1488875118, "name": null, "area_m2": 1542.3 }, "geometry": { "type": "Point", "coordinates": [ 16.417295140738865, 48.164895220721377 ] } },
{ "type": "Feature", "properties": { "osm_id": 1488875273, "name": null, "area_m2": 4751.9 }, "geometry": { "type": "Point", "coordinates": [ 16.419015184644262, 48.167753978355925 ] } },
{ "type": "Feature", "properties": { "osm_id": 1488875274, "name": null, "area_m2": 2119.2 }, "geometry": { "type": "Point", "coordinates": [ 16.418800150333336, 48.168381674261525 ] } },
{ "type": "Feature", "properties": { "osm_id": 1488875484, "name": null, "area_m2": 3942.2 }, "geometry": { "type": "Point", "coordinates": [ 16.420926759921645, 48.16398032745591 ] } },
{ "type": "Feature", "properties": { "osm_id": 1494539350, "name": "Lux Park", "area_m2": 3492.2 }, "geometry": { "type": "Point", "coordinates": [ 16.283678193252069, 48.210889502788476 ] } },
{ "type": "Feature", "properties": { "osm_id": 1497158209, "name": null, "area_m2": 1423.3 }, "geometry": { "type": "Point", "coordinates": [ 16.360147960539592, 48.25705150484125 ] } },
{ "type": "Feature", "properties": { "osm_id": 1500667083, "name": "Erholungsgebiet Simmering", "area_m2": 88120.9 }, "geometry": { "type": "Point", "coordinates": [ 16.437219406303878, 48.162543747216077 ] } },
{ "type": "Feature", "properties": { "osm_id": 1510317861, "name": "Parkanlage Hutterergasse", "area_m2": 10909.7 }, "geometry": { "type": "Point", "coordinates": [ 16.417495939885647, 48.177319274422587 ] } },
{ "type": "Feature", "properties": { "osm_id": 1514642618, "name": null, "area_m2": 1804.8 }, "geometry": { "type": "Point", "coordinates": [ 16.301814937063224, 48.166762297543571 ] } },
{ "type": "Feature", "properties": { "osm_id": 1529031086, "name": "Erholungsgebiet Paradies", "area_m2": 13255.3 }, "geometry": { "type": "Point", "coordinates": [ 16.257880564328822, 48.207704159563541 ] } },
{ "type": "Feature", "properties": { "osm_id": 1536128731, "name": "Don-Bosco-Wiese", "area_m2": 3188.2 }, "geometry": { "type": "Point", "coordinates": [ 16.282628665953322, 48.185510747018739 ] } },
{ "type": "Feature", "properties": { "osm_id": 1537397424, "name": "Parkanlage Berresgasse", "area_m2": 8060.8 }, "geometry": { "type": "Point", "coordinates": [ 16.486214600456563, 48.24218891435374 ] } },
{ "type": "Feature", "properties": { "osm_id": 1544102545, "name": null, "area_m2": 544.6 }, "geometry": { "type": "Point", "coordinates": [ 16.38206426973035, 48.243741467744563 ] } },
{ "type": "Feature", "properties": { "osm_id": 1544102549, "name": null, "area_m2": 1128.9 }, "geometry": { "type": "Point", "coordinates": [ 16.381453924254384, 48.244207000240628 ] } },
{ "type": "Feature", "properties": { "osm_id": 1544102559, "name": null, "area_m2": 706.2 }, "geometry": { "type": "Point", "coordinates": [ 16.382149990641295, 48.243325688747561 ] } },
{ "type": "Feature", "properties": { "osm_id": 1544102573, "name": null, "area_m2": 604.2 }, "geometry": { "type": "Point", "coordinates": [ 16.382354792297331, 48.242983739744481 ] } },
{ "type": "Feature", "properties": { "osm_id": 1544102582, "name": null, "area_m2": 351.2 }, "geometry": { "type": "Point", "coordinates": [ 16.381785284261312, 48.24399925492024 ] } },
{ "type": "Feature", "properties": { "osm_id": 1544102601, "name": null, "area_m2": 416.6 }, "geometry": { "type": "Point", "coordinates": [ 16.38234203332852, 48.243468312698177 ] } },
{ "type": "Feature", "properties": { "osm_id": 1544102603, "name": null, "area_m2": 557.7 }, "geometry": { "type": "Point", "coordinates": [ 16.382756642563688, 48.242757608354069 ] } },
{ "type": "Feature", "properties": { "osm_id": 1544174055, "name": null, "area_m2": 522.4 }, "geometry": { "type": "Point", "coordinates": [ 16.383025060254337, 48.242471502550167 ] } },
{ "type": "Feature", "properties": { "osm_id": 1546346789, "name": null, "area_m2": 370.1 }, "geometry": { "type": "Point", "coordinates": [ 16.268676130131411, 48.199749725164878 ] } }
]
}
